No,Provinsi,Kota/Kabupaten,Nama DTW,Latitude,Longitude
1,Aceh,Kabupaten Aceh Barat,Kreatif kubu,-6.2297465,106.829518
2,Aceh,Kabupaten Aceh Barat,Makam Pahlawan Nasional ,4.42431,96.180797
3,Aceh,Kabupaten Aceh Barat,Water Boom Peunaga Pasi,4.1275037,4.1275037
4,Aceh,Kabupaten Aceh Barat,Wisata Adventure dan Air Terjun Pungki ,4.446495,96.168558
5,Aceh,Kabupaten Aceh Barat,wisata alam pantai suak ie beuso,4.34271,95.91362
6,Aceh,Kabupaten Aceh Barat,wisata budaya kerajinan enceng gondok,4.373001,95.908001
7,Aceh,Kabupaten Aceh Barat,wisata geunang grudong,4.41606,95.943129
8,Aceh,Kabupaten Aceh Barat,wisata hutan nipah dan mangrove,4.359492,95.918812
9,Aceh,Kabupaten Aceh Barat,wisata makam teuku umar,4.426578,96.140921
10,Aceh,Kabupaten Aceh Barat,wisata makam teuku umar ,-6.2297465,106.829518
11,Aceh,Kabupaten Aceh Barat,wisata pantai batu putih,4.181504,96.084583
12,Aceh,Kabupaten Aceh Barat,wisata pantai cemara,4.145395,96.120947
13,Aceh,Kabupaten Aceh Barat,Wisata Pantai dan Taman Tepi Laut,4.125434,96.168427
14,Aceh,Kabupaten Aceh Barat,Wisata Pantai Geudebang,4.142703,96.122638
15,Aceh,Kabupaten Aceh Barat,wisata pantai kasih,4.397204,96.204951
16,Aceh,Kabupaten Aceh Barat,wisata pantai lhok bubun,4.179023,96.106463
17,Aceh,Kabupaten Aceh Barat,wisata pantai suak geudubang,4.195491,96.076055
18,Aceh,Kabupaten Aceh Barat,Wisata pantai Suak pandan,4.141333,96.123749
19,Aceh,Kabupaten Aceh Barat,wisata pantai suak ribe,4.189301,96.084459
20,Aceh,Kabupaten Aceh Barat,wisata pantai ujong kareng,-6.2297465,106.829518
21,Aceh,Kabupaten Aceh Barat,wisata religi mesjid agung,4.199423,96.126739
22,Aceh,Kabupaten Aceh Barat,wisata sejarah makam abu ibrahim,4.59606,95.955417
23,Aceh,Kabupaten Aceh Barat,wisata sejarah makam pocut baren,4.449112,96.192015
24,Aceh,Kabupaten Aceh Barat,wisata tugu reuku umar,-6.2297465,106.829518
25,Aceh,Kabupaten Aceh Barat,wisata tugu teuku umar,4.158976,96.112668
26,Aceh,Kabupaten Aceh Barat,zaya guest house,-6.2297465,106.829518
27,Aceh,Kabupaten Aceh Barat,zaya guest house,-6.2297465,106.829518
28,Aceh,Kabupaten Aceh Barat,zaya guest house,-6.2297465,106.829518
29,Aceh,Kabupaten Aceh Barat,zaya guest house,-6.2297465,106.829518
30,Aceh,Kabupaten Aceh Barat Daya,Air terjun ceurace,-6.2297465,106.829518
31,Aceh,Kabupaten Aceh Barat Daya,Bendungan irigasi kuta tinggi ,-6.2297465,106.829518
32,Aceh,Kabupaten Aceh Barat Daya,BUMDES maju bersama pulau kayu ,-6.2297465,106.829518
33,Aceh,Kabupaten Aceh Barat Daya,Bumdes muara lauser,-6.2297465,106.829518
34,Aceh,Kabupaten Aceh Barat Daya,Gua semancang ,-6.2297465,106.829518
35,Aceh,Kabupaten Aceh Barat Daya,Kolam Babah gua ,-6.2297465,106.829518
36,Aceh,Kabupaten Aceh Barat Daya,Krueng Babah roet ,-6.2297465,106.829518
37,Aceh,Kabupaten Aceh Barat Daya,Mesjid agung abdya,-6.2297465,106.829518
38,Aceh,Kabupaten Aceh Barat Daya,Pantai Bali ,-6.2297465,106.829518
39,Aceh,Kabupaten Aceh Barat Daya,Pantai batu Suak beurumbang,-6.2297465,106.829518
40,Aceh,Kabupaten Aceh Barat Daya,Pantai DM ,-6.2297465,106.829518
41,Aceh,Kabupaten Aceh Barat Daya,Pantai jilbab ,-6.2297465,106.829518
42,Aceh,Kabupaten Aceh Barat Daya,Pantai lama muda,-6.2297465,106.829518
43,Aceh,Kabupaten Aceh Barat Daya,Pantai Ujong Manggeng ,-6.2297465,106.829518
44,Aceh,Kabupaten Aceh Barat Daya,Pemandian kolam bukit hijau Putroe aloh ,-6.2297465,106.829518
45,Aceh,Kabupaten Aceh Barat Daya,Pucok Krueng Putroe aloh,-6.2297465,106.829518
46,Aceh,Kabupaten Aceh Barat Daya,Pulau gosong,-6.2297465,106.829518
47,Aceh,Kabupaten Aceh Barat Daya,Puncak gunung sabi,-6.2297465,106.829518
48,Aceh,Kabupaten Aceh Barat Daya,Sungai krung baru ,-6.2297465,106.829518
49,Aceh,Kabupaten Aceh Barat Daya,Taman Kantor Bupati ,-6.2297465,106.829518
50,Aceh,Kabupaten Aceh Besar,Air Terjun Kuta Malaka,5.391430063304896,95.36655608650607
51,Aceh,Kabupaten Aceh Besar,Air Terjun Peucari (Jantho),5.232501715310243,95.65682369667704
52,Aceh,Kabupaten Aceh Besar,Air Terjun Suhom (Lhoong),5.285898993276315,95.26023868318318
53,Aceh,Kabupaten Aceh Besar,Alfa Momong,5.499862836952408,95.22484293369996
54,Aceh,Kabupaten Aceh Besar,Desa Wisata Lubuk Sukon,5.496857693187215,95.37522057692038
55,Aceh,Kabupaten Aceh Besar,Desa Wisata Nusa,5.494660704995522,95.26769741201888
56,Aceh,Kabupaten Aceh Besar,Eky Momong Resort,5.499689382271904,95.22396283873138
57,Aceh,Kabupaten Aceh Besar,Joel Bungalow,5.482798989850291,95.23089845487657
58,Aceh,Kabupaten Aceh Besar,Kebun Kurma Berbatee,5.544671847416298,95.5102748831836
59,Aceh,Kabupaten Aceh Besar,Mr. Jack Cafe & Resort,5.499836917443111,95.22584074460535
60,Aceh,Kabupaten Aceh Besar,Pantai & Pulau Kapuk Lhoknga,5.473332130827878,95.2382575485291
61,Aceh,Kabupaten Aceh Besar,Pantai Babah Kuala Gampong Moun Ikeun,5.474864963475938,95.23494535585617
62,Aceh,Kabupaten Aceh Besar,Pantai Eumpee Nulu (Tebing),5.497324180820887,95.22791836968958
63,Aceh,Kabupaten Aceh Besar,Pantai Lampuuk,5.486337530255177,95.22636268767884
64,Aceh,Kabupaten Aceh Besar,Pantai Pasir Putih Lhok Mee,5.614545515334667,95.55036812524037
65,Aceh,Kabupaten Aceh Besar,Pantai Penyu Leupung,5.41299817794223,95.24757751017121
66,Aceh,Kabupaten Aceh Besar,Pemandiaan Ie Suum (Krueng Raya),5.547264103618878,95.5477057273604
67,Aceh,Kabupaten Aceh Besar,Waduk Brayeung,5.367591394946384,95.28450595568023
68,Aceh,Kabupaten Aceh Besar,Waduk Keliling Cot Gliee,5.366593295931744,95.4791171831833
69,Aceh,Kabupaten Aceh Besar,Wahana Impian Malaka 69 (WIM 69),5.4197768179300905,95.40403569667735
70,Aceh,Kabupaten Aceh Besar,Waterboom Hillside Mata Ie,5.487245667541164,95.28987318318349
71,Aceh,Kabupaten Aceh Besar,Wisata Alam Taman Rusa Aceh,5.450704822229913,95.3680467255127
72,Aceh,Kabupaten Aceh Besar,Wisata Arum Jeram Krueng Jalin,5.29348138265116,95.67017240092297
73,Aceh,Kabupaten Aceh Jaya,CRU Sarah Deu,4.94066,95.50412
74,Aceh,Kabupaten Aceh Jaya,DANAU LAOT BHEE,4.54499,95.81416
75,Aceh,Kabupaten Aceh Jaya,EKO WISATA AROEN MEUBANJA,4.56073,95.73804
76,Aceh,Kabupaten Aceh Jaya,GAMPONG AGRO BOHGIRI DAN PORTUGIS,5.0562,95.35696
77,Aceh,Kabupaten Aceh Jaya,POKDARWIS CEURACEU EMBON,4.649158,95.994447
78,Aceh,Kabupaten Aceh Jaya,POKDARWIS PANTAI NISSERO,4.54643,95.696343
79,Aceh,Kabupaten Aceh Jaya,POKDARWIS PANTAI PANORAMA,4.647155,95.585481
80,Aceh,Kabupaten Aceh Jaya,POKDARWIS PASIE LUAH,4.632327,95.587762
81,Aceh,Kabupaten Aceh Jaya,POKDARWIS PULAU RESAM,4.646506,95.55649
82,Aceh,Kabupaten Aceh Jaya,Pokdarwis Pulo Raya,4.90707,95.42583
83,Aceh,Kabupaten Aceh Jaya,POKDARWIS REST AREA RIGAIH,4.66477,95.55723
84,Aceh,Kabupaten Aceh Jaya,Wisata Bahari Babah Ie,5.12803,95.2999
85,Aceh,Kabupaten Aceh Selatan,Air Terjun Air Dingin,3.347126,97.125207
86,Aceh,Kabupaten Aceh Selatan,Air Terjun Tangga Seribu,2.913961,97.745601
87,Aceh,Kabupaten Aceh Selatan,Air Terjun Tingkat Tujuh,3.259433,97.206159
88,Aceh,Kabupaten Aceh Selatan,Gua Batee Meucanang,3.591385,96.994115
89,Aceh,Kabupaten Aceh Selatan,Ie Sijuk Panjupian (ARGA),3.244814,97.228524
90,Aceh,Kabupaten Aceh Selatan,Jejak Rimba Raya,3.599346,96.985454
91,Aceh,Kabupaten Aceh Selatan,Pantai Cemara Ujung Batee,3.221443,97.256505
92,Aceh,Kabupaten Aceh Selatan,Pantai Pasir Setumpuk,3.232417,97.234484
93,Aceh,Kabupaten Aceh Selatan,Pulau Dua,2.888031,97.516031
94,Aceh,Kabupaten Aceh Selatan,Pulau Ujung Seurudong,3.420362,97.071307
95,Aceh,Kabupaten Aceh Selatan,Ruang Terbuka Hijau Taman Pala Indah,3.255233,97.181425
96,Aceh,Kabupaten Aceh Selatan,Tapak Tuan Tapa,3.250875,97.178457
97,Aceh,Kabupaten Aceh Singkil,Budidaya dan Penetasan Penyu Pulo Bangkaru,2.101608,97.11841
98,Aceh,Kabupaten Aceh Singkil,DANAU BUNGARA,2.301236,97.777369
99,Aceh,Kabupaten Aceh Singkil,Jungle Tracking Tiusa,2.221902,97.242112
100,Aceh,Kabupaten Aceh Singkil,Makam Abdurauf Assingkili,2.284713,97.769282
101,Aceh,Kabupaten Aceh Singkil,Pantai Cemara Indah ,2.270065,97.938938
102,Aceh,Kabupaten Aceh Singkil,PULAU BENGKARU,2.085697,97.123093
103,Aceh,Kabupaten Aceh Singkil,PULAU BIAWAK,2.280498,97.340778
104,Aceh,Kabupaten Aceh Singkil,PULAU LAMBUDUNG,2.247834,97.342822
105,Aceh,Kabupaten Aceh Singkil,PULAU PALAMBAK,2.241454,97.310535
106,Aceh,Kabupaten Aceh Singkil,PULAU PANJANG,2.263205,97.418654
107,Aceh,Kabupaten Aceh Singkil,PULAU RANGIT,2.242742,97.434925
108,Aceh,Kabupaten Aceh Singkil,PULAU SIKANDANG,2.26341,97.289218
109,Aceh,Kabupaten Aceh Singkil,PULAU TAILANA,1.982079,97.383265
110,Aceh,Kabupaten Aceh Singkil,RAWA SINGKIL LAE TERUP SINGKIL SWAMP FOREST,2.310467,97.771078
111,Aceh,Kabupaten Aceh Singkil,UJUNG BATU,2.359549,97.378171
112,Aceh,Kabupaten Aceh Singkil,UJUNG LOLOK,2.302436,97.232232
113,Aceh,Kabupaten Aceh Tamiang,Air Terjun Bampoo,4.244134,97.835569
114,Aceh,Kabupaten Aceh Tamiang,Air terjun seribu,4.102806,97.802181
115,Aceh,Kabupaten Aceh Tamiang,Ekowisata Ujung Tamiang ,4.41907,98.277855
116,Aceh,Kabupaten Aceh Tamiang,Kolam Merak Water Boom ,4.342896,98.075252
117,Aceh,Kabupaten Aceh Tamiang,Kolam Renang Harapan Tirta,4.266323,98.060811
118,Aceh,Kabupaten Aceh Tamiang,Mangrove Ujung Tanjung,4.433833,98.215671
119,Aceh,Kabupaten Aceh Tamiang,Pantai pulau rukui ,4.509864,98.152027
120,Aceh,Kabupaten Aceh Tamiang,Pemandian Alam Asri Gunung Pandan,4.061493,97.803319
121,Aceh,Kabupaten Aceh Tamiang,Tamsar 27,4.254406,97.736263
122,Aceh,Kabupaten Aceh Tamiang,Wisata Kuala Paret,4.162385,97.795132
123,Aceh,Kabupaten Aceh Tengah,AIR TERJUN MENGAYA,4.570396562903546,96.96683365764477
124,Aceh,Kabupaten Aceh Tengah,Arung Jeram Lukub Badak,4.595640300513862,96.80352975243947
125,Aceh,Kabupaten Aceh Tengah,Bumi perkemahan puncak melaya,4.624113662793954,96.78480053894728
126,Aceh,Kabupaten Aceh Tengah,Bur Mulo Forest Park,4.612120174320329,96.85459279886841
127,Aceh,Kabupaten Aceh Tengah,BUR TELEGE,4.61231967261087,96.8546955857801
128,Aceh,Kabupaten Aceh Tengah,DALUTA INDAH WISATA,4.640842235727778,96.87418901208903
129,Aceh,Kabupaten Aceh Tengah,DERMAGA PANTAI MENYE,4.587752501108602,96.99326065485961
130,Aceh,Kabupaten Aceh Tengah,DERMAGA PANTAI MENYE,4.587752501108602,96.99326065485961
131,Aceh,Kabupaten Aceh Tengah,GAYO CAMPING CERIA,4.638908140698425,96.89561832925729
132,Aceh,Kabupaten Aceh Tengah,GAYO CAMPING GROUND,4.638709123825394,96.8968017953063
133,Aceh,Kabupaten Aceh Tengah,GOA LOYANG KORO,4.605976625060987,96.88397727113698
134,Aceh,Kabupaten Aceh Tengah,GOA PUTRI PUKES,4.641363247718824,96.88316384803602
135,Aceh,Kabupaten Aceh Tengah,KAPAL LUT TAWAR HALAL TOURISM,4.64089035720017,96.87418901196284
136,Aceh,Kabupaten Aceh Tengah,KELAPING CAMPING,4.604178492130839,96.98792432833818
137,Aceh,Kabupaten Aceh Tengah,LANCUK LEWENG,4.6100590909404655,96.83422395286269
138,Aceh,Kabupaten Aceh Tengah,LOYANG MENDALE,4.6433495889540755,96.86770316178553
139,Aceh,Kabupaten Aceh Tengah,LUT KUCAK DANAU JAGONG,4.384737865664211,96.75048454802294
140,Aceh,Kabupaten Aceh Tengah,MASJID AGUNG RUHAMA,4.6211120120875835,96.84689272587309
141,Aceh,Kabupaten Aceh Tengah,MEPAR CAMPING TAKENGON,4.718214876765404,96.88386638591454
142,Aceh,Kabupaten Aceh Tengah,MUSEUM NEGERI GAYO,4.629799667088266,96.84853026088314
143,Aceh,Kabupaten Aceh Tengah,PUNCAK AL-KAHFI PANTAN TERONG,4.647628726125316,96.80790291531291
144,Aceh,Kabupaten Aceh Tengah,TAMBATAN PERAHU LOT KALA,4.635498915486294,96.86074599812142
145,Aceh,Kabupaten Aceh Tengah,TEDOEH PIYOEH,4.639706960913403,96.90404347172033
146,Aceh,Kabupaten Aceh Tengah,UJUNG PAKING,4.631405963715193,96.94130968129679
147,Aceh,Kabupaten Aceh Tengah,VisTa Adventure,4.621941617338802,96.82729273479676
148,Aceh,Kabupaten Aceh Tengah,WISATA BATU SUSUN,5.065811304939552,96.76287526231654
149,Aceh,Kabupaten Aceh Tenggara,Air panas Lawe ger-ger,3.598464,97.75212
150,Aceh,Kabupaten Aceh Tenggara,Air terjun lawe sikap ,3.49755,97.80875
151,Aceh,Kabupaten Aceh Tenggara,Alashills,3.484087,97.797034
152,Aceh,Kabupaten Aceh Tenggara,Objek wisata ketambe ,3.68603,97.64875
153,Aceh,Kabupaten Aceh Tenggara,Objek wisata pantai barat ,3.55712,97.75137
154,Aceh,Kabupaten Aceh Tenggara,Objek wisata pantai goyang ,3.55712,97.75137
155,Aceh,Kabupaten Aceh Tenggara,Water boom pangeran ,3.39805,97.90053
156,Aceh,Kabupaten Aceh Timur,AIR TERJUN SENDANG SARI,4.522834672899212,97.85226091262282
157,Aceh,Kabupaten Aceh Timur,PANTAI KUALA PEUDAWA,4.9287533312969485,97.8143419625987
158,Aceh,Kabupaten Aceh Timur,PANTAI MAK LEUGE,4.817092697083692,97.93239819312775
159,Aceh,Kabupaten Aceh Timur,pantai pelangi matang rayeuk PP,4.9394469079307655,97.80104432349641
160,Aceh,Kabupaten Aceh Utara,Air Terjun 7 Bidadari,4.88372,97.049404
161,Aceh,Kabupaten Aceh Utara,air terjun blang kolam,5.097365,97.011321
162,Aceh,Kabupaten Aceh Utara,Kompleks Makam Batee Balee,5.136283,97.220631
163,Aceh,Kabupaten Aceh Utara,Kompleks Makam Sultanah Nahrasyiah,5.140065,97.215503
164,Aceh,Kabupaten Aceh Utara,Krueng Saweuk,5.131545,97.044489
165,Aceh,Kabupaten Aceh Utara,Makam Sultan Al-Malik Ash Shalih ( Makam Sultan Malikussaleh),5.132128,97.20338
166,Aceh,Kabupaten Aceh Utara,Museum Islam Samudera Pasai,5.132707,97.201805
167,Aceh,Kabupaten Aceh Utara,Pantai Bangka Jaya,5.251909,97.02524
168,Aceh,Kabupaten Aceh Utara,Pantai Lancok,5.141499,97.185183
169,Aceh,Kabupaten Aceh Utara,Rumah Cut Meutia,5.010553,97.267192
170,Aceh,Kabupaten Aceh Utara,Wisata Gampong Bantayan Islamic,5.224556,97.43167
171,Aceh,Kabupaten Aceh Utara,Wisata Gunung Salak,4.949363,96.942217
172,Aceh,Kabupaten Aceh Utara,Wisata krueng tuan,5.031853,96.943016
173,Aceh,Kabupaten Aceh Utara,Wisata sungai Rayap,5.093828,97.011984
174,Aceh,Kabupaten Bener Meriah,,-6.2297465,106.829518
175,Aceh,Kabupaten Bener Meriah,Air terjun peteri pintu,4.683876,96.831093
176,Aceh,Kabupaten Bener Meriah,Damaran baru ecovilage,4.752137,96.771269
177,Aceh,Kabupaten Bener Meriah,Damaran baru ecovilage,4.752137,96.771269
178,Aceh,Kabupaten Bener Meriah,Kala meriah samar kilang,4.785495,97.064896
179,Aceh,Kabupaten Bener Meriah,Kala semayon,4.565263,96.923603
180,Aceh,Kabupaten Bener Meriah,Monumen rimba raya,4.887783,96.752472
181,Aceh,Kabupaten Bener Meriah,Objek wisata burni telong,-6.2297465,106.829518
182,Aceh,Kabupaten Bener Meriah,ORIGON TINGKEM,4.652396,96.851006
183,Aceh,Kabupaten Bener Meriah,Pemandian air panas atas ,4.728957,96.79719
184,Aceh,Kabupaten Bener Meriah,Pemandian air panas wih pesam bawah,4.726989,96.79985
185,Aceh,Kabupaten Bener Meriah,Pentago garder,4.654278,96.814613
186,Aceh,Kabupaten Bener Meriah,Puncak merah putih,-6.2297465,106.829518
187,Aceh,Kabupaten Bener Meriah,taman arboretum,4.726647,96.855297
188,Aceh,Kabupaten Bener Meriah,Wisata air terjun tembolon,4.759151,97.081718
189,Aceh,Kabupaten Bener Meriah,Wisata atu lepes,4.233768,97.297737
190,Aceh,Kabupaten Bener Meriah,Wisata kebun kopi seladang kopi,4.718093,96.863365
191,Aceh,Kabupaten Bener Meriah,Wisata lut atas,-6.2297465,106.829518
192,Aceh,Kabupaten Bener Meriah,Wisata paten cafee,4.717409,96.773071
193,Aceh,Kabupaten Bener Meriah,Wisata uber uber uber,-6.2297465,106.829518
194,Aceh,Kabupaten Bireuen, Meseum,5.208041002583675,96.69941772587583
195,Aceh,Kabupaten Bireuen,Batee Iliek,5.095492,96.367331
196,Aceh,Kabupaten Bireuen,Krueng simpo,5.099693,96.661049
197,Aceh,Kabupaten Bireuen,Laut jangka ,5.237392,96.720645
198,Aceh,Kabupaten Bireuen,Pantai Kuala Raja,5.200255,96.623962
199,Aceh,Kabupaten Bireuen,Pantai lingka kuta lapang,5.23604,96.844212
200,Aceh,Kabupaten Bireuen,Pantai Unjong Seuke,5.016427,97.072076
201,Aceh,Kabupaten Bireuen,Pante  pangah,5.242894,96.857332
202,Aceh,Kabupaten Bireuen,Waduk Bate kureng,5.181674,96.50008
203,Aceh,Kabupaten Bireuen,Water Park mini,5.200473,96.658034
204,Aceh,Kabupaten Gayo Luwes,Kedah Lestari Ayu,3.98982235,97.25448629
205,Aceh,Kabupaten Nagan Raya,Alue Gantung,4.399905,96.510429
206,Aceh,Kabupaten Nagan Raya,Danau Laut Tadu,3.982426,96.377478
207,Aceh,Kabupaten Nagan Raya,Krueng Isep,4.204854,96.694107
208,Aceh,Kabupaten Nagan Raya,Masjid Giok Nagan,4.171084,96.321516
209,Aceh,Kabupaten Nagan Raya,Pantai Lhok Raja,4.027835,96.262422
210,Aceh,Kabupaten Nagan Raya,Wisata Irigasi,4.2295,96.570168
211,Aceh,Kabupaten Pidie,"Beungga Geothermal Hot Pool, Tangse",5.12457,95.89235
212,Aceh,Kabupaten Pidie Jaya,Kareung Gla,-6.2297465,106.829518
213,Aceh,Kabupaten Pidie Jaya,Kuala Pasie Kiran,5.2292501,96.33158706128596
214,Aceh,Kabupaten Pidie Jaya,Pantai Kuala Kiran,5.2297567,96.32858
215,Aceh,Kabupaten Pidie Jaya,Pantai Meurah Setia,5.2533436,96.25518232584
216,Aceh,Kabupaten Pidie Jaya,Pantai Meurah Setia,5.2625742,96.25477771
217,Aceh,Kabupaten Pidie Jaya,Pantai wisata islami kuthang,5.2629831,96.1753796
218,Aceh,Kabupaten Pidie Jaya,Pantai Wisata Islami Kuthang,5.2607083,96.1739667
219,Aceh,Kabupaten Pidie Jaya,Sungai Lhok Sandeng,-6.2297465,106.829518
220,Aceh,Kabupaten Simeulue,Air Terjun Putra Jaya,2.505146,96.194334
221,Aceh,Kabupaten Simeulue,Pantai Alafan Batu Siambung-ambung,2.787399,95.749407
222,Aceh,Kabupaten Simeulue,Pantai Alek Sektare,2.436187,96.259011
223,Aceh,Kabupaten Simeulue,Pantai Along,2.611985,95.918839
224,Aceh,Kabupaten Simeulue,Pantai Busung,2.377032,96.336149
225,Aceh,Kabupaten Simeulue,Pantai Ganting,2.55265,96.119697
226,Aceh,Kabupaten Simeulue,Pantai Lasikin ,2.407732,96.321732
227,Aceh,Kabupaten Simeulue,Pantai Nancala,2.464501,96.219766
228,Aceh,Kabupaten Simeulue,Pantai Pasir Tinggi,2.334324,96.412522
229,Aceh,Kabupaten Simeulue,Pantai Suak Baru,2.596723,96.10593
230,Aceh,Kabupaten Simeulue,Pantai Ujung Balla,2.418398,96.461531
231,Aceh,Kabupaten Simeulue,Pantai Ulul Sawah,2.397099,96.475853
232,Aceh,Kabupaten Simeulue,Pemakaman Tgk. Khailullah,2.595763,95.993954
233,Aceh,Kabupaten Simeulue,Pulau Mincau,-6.2297465,106.829518
234,Aceh,Kabupaten Simeulue,Pulau Pinang,2.637021,96.096507
235,Aceh,Kabupaten Simeulue,Pulau Siumat,2.6496,98.3785
236,Aceh,Kabupaten Simeulue,Taman Impian Simeulue,-6.2297465,106.829518
237,Aceh,Kota Banda Aceh,Benteng Indra Patra,5.63423643,95.47126007
238,Aceh,Kota Banda Aceh,Benteng Inong Balee,5.60835197,95.5300099
239,Aceh,Kota Banda Aceh,Benteng Iskandar Muda,5.59211602,95.51205029
240,Aceh,Kota Banda Aceh,Benteng Kuta Lubok,5.610053122374717,95.53600659625073
241,Aceh,Kota Banda Aceh,Komplek Makam Kandang Meuh,5.547688417,95.320721951
242,Aceh,Kota Banda Aceh,Kompleks Pemakaman Sultan Aceh Kandang XII,5.549008691,95.319105836
243,Aceh,Kota Banda Aceh,Monumen Kapal diatas rumah (Lampulo),5.57496511,95.3251508
244,Aceh,Kota Banda Aceh,Museum Aceh,5.548784445,95.32099831
245,Aceh,Kota Banda Aceh,Museum PLTD Apung,5.5466656,95.30674573
246,Aceh,Kota Banda Aceh,Museum Tsunami Aceh,5.54793581,95.3151666
247,Aceh,Kota Banda Aceh,Rumah Cut Nyak Dhien,5.51691442,95.271686
248,Aceh,Kota Banda Aceh,Taman Sari Gunongan,5.54606489,95.31624638
249,Aceh,Kota Banda Aceh,Taman Seni dan Budaya Aceh,5.54446115,95.314620653
250,Aceh,Kota Langsa,HUTAN MANGGROVE LANGSA ,4.521655,98.016221
251,Aceh,Kota Langsa,MUSEUM KOTA LANGSA,4.471222,97.967655
252,Aceh,Kota Langsa,MUTIARA WATER PARK,4.49416,97.944924
253,Aceh,Kota Langsa,ROYAL WATER BOOM,4.472105,97.954661
254,Aceh,Kota Langsa,RUANG TERBUKA PUBLIK KRUENG LANGSA,4.46255,97.971129
255,Aceh,Kota Langsa,TAMAN BAMBU RUNCING,4.471607,97.965759
256,Aceh,Kota Langsa,TAMAN HUTAN KOTA LANGSA,4.491235,97.946546
257,Aceh,Kota Langsa,VIRTA TIRTA RAYA SWIMMING POOL,4.490048,97.965274
258,Aceh,Kota Lhokseumawe,Gua Jepang Lhokseumawe,5.211418,97.097431
259,Aceh,Kota Lhokseumawe,Museum Kota Lhokseumawe,5.180427,97.140614
260,Aceh,Kota Lhokseumawe,Pantai Jagu,5.177542,97.15387
261,Aceh,Kota Lhokseumawe,Pantai Ujong Blang,5.210162,97.121179
262,Aceh,Kota Lhokseumawe,Taman Nging Jioh,5.211167,97.097179
263,Aceh,Kota Lhokseumawe,Waduk Jeulikat,5.140293,97.104818
264,Aceh,Kota Lhokseumawe,Waterboom Taman Mangat Ceria,5.103127,97.133474
265,Aceh,Kota Sabang,BENTENG JEPANG ANOI ITAM SABANG,5.836729,95.373167
266,Aceh,Kota Sabang,DANAU ANEUK LAOT ,5.853742,95.31888
267,Aceh,Kota Sabang,GUNUNG BERAPI JABOI,-6.2297465,106.829518
268,Aceh,Kota Sabang,MESEUM SABANG,-6.2297465,106.829518
269,Aceh,Kota Sabang,PRIA LAOT WATERFALL,5.823687,95.290852
270,Aceh,Kota Sabang,TUGU 0 KM SABANG,5.905952,95.216819
271,Aceh,Kota Sabang,WISATA AIR PULAU RUBIAH,5.881448,95.257546
272,Aceh,Kota Sabang,WISATA GUA SARANG,5.901726,95.216076
273,Aceh,Kota Subulussalam,Daya Tarik wisata,2.584068,98.045388
274,Aceh,Kota Subulussalam,Daya Tarik Wisata,2.677072,97.940421
275,Aceh,Kota Subulussalam,Daya Tarik Wisata,2.64999,98.043354
276,Aceh,Kota Subulussalam,Daya Tarik Wisata,2.632127,97.841548
277,Aceh,Kota Subulussalam,Daya Tarik Wisata,2.610273,98.048297
278,Aceh,Kota Subulussalam,Daya Tarik wisata,2.610912,98.058151
279,Aceh,Kota Subulussalam,Daya Tarik Wisata,2.610537,98.05755
280,Bali,Kabupaten Badung,Aditya Watersport,-8.759787818879106,115.22309908658961
281,Bali,Kabupaten Badung,AIR TERJUN NUNG-NUNG,-8.32866262868837,115.22921883298491
282,Bali,Kabupaten Badung,ALAS PALA SANGEH,-8.481583280465737,115.20677128541436
283,Bali,Kabupaten Badung,Bali Apollo Watersport,-8.76901142906484,115.22292246931619
284,Bali,Kabupaten Badung,Bayu Suta Watersport,-8.759318544748158,115.22238195397429
285,Bali,Kabupaten Badung,Benoa Tirta Harum Dive and Watersport,-8.784160346389758,115.22626349493306
286,Bali,Kabupaten Badung,BMR Dive and Water Sport,-8.757280982375224,115.2216340846581
287,Bali,Kabupaten Badung,DELUANG SARI,-8.761395845995471,115.21618119520656
288,Bali,Kabupaten Badung,DTW KAWASAN LUAR TAMAN AYUN,-8.5414455,115.1725903
289,Bali,Kabupaten Badung,DTW Pantai Kedonganan,-8.76042711331619,115.16907644265595
290,Bali,Kabupaten Badung,DTW Pantai Melasti,-8.847582873630818,115.16071331027597
291,Bali,Kabupaten Badung,DTW Pantai Pandawa,-8.84453232666124,115.18712624492268
292,Bali,Kabupaten Badung,DTW Uluwatu,-8.828878437274579,115.0848742393797
293,Bali,Kabupaten Badung,DTW WATERBLOW,-8.803676442414394,115.24036815653767
294,Bali,Kabupaten Badung,Ekowisata Penyu Deluang Sari,-8.761638084612656,115.2161831819162
295,Bali,Kabupaten Badung,GARUDA WISNU KENCANA CULTURAL PARK,-8.810486401536696,115.16748058253631
296,Bali,Kabupaten Badung,Hotdog Watersport,-8.776659965538206,115.2244853693162
297,Bali,Kabupaten Badung,KLINIK SADA JIWA BALI,-8.468561302652974,115.18020107168952
298,Bali,Kabupaten Badung,Malini Agro Park,-8.83185078956664,115.08699142869216
299,Bali,Kabupaten Badung,MUSEUM PASIFIKA,-8.79998,115.23077
300,Bali,Kabupaten Badung,Museum Pasifika Bali,-8.799390276955213,115.23070724305764
301,Bali,Kabupaten Badung,NBC Watersport,-8.754674793339442,115.2215811153419
302,Bali,Kabupaten Badung,Nyang Nyang Paragliding,-8.846061920335003,115.17543430000002
303,Bali,Kabupaten Badung,OBJEK WISATA KWASAN LUAR PURA ULUWATU,-8.82904389722253,115.08492533564763
304,Bali,Kabupaten Badung,Pandawa Watersport,-8.75580601022959,115.22151310000002
305,Bali,Kabupaten Badung,PANTAI CANGGU,-8.6609933,115.1321265
306,Bali,Kabupaten Badung,PANTAI KEDONGANAN,-8.7604111,115.1695318
307,Bali,Kabupaten Badung,PANTAI KUTA,-8.7179407,115.1690004
308,Bali,Kabupaten Badung,PANTAI LABUAN SAIT,-8.810813825100373,115.10348397892406
309,Bali,Kabupaten Badung,PANTAI LEGIAN,-8.70357605064575,115.16464013335477
310,Bali,Kabupaten Badung,PANTAI MELASTI,-8.847540464858158,115.16065966980318
311,Bali,Kabupaten Badung,PANTAI NYANG-NYANG,-8.838484753376427,115.09337426578391
312,Bali,Kabupaten Badung,Pantai Padang-Padang,-8.810979336462397,115.10373546359027
313,Bali,Kabupaten Badung,PANTAI PANDAWA,-8.845083678033962,115.18691174469527
314,Bali,Kabupaten Badung,PANTAI PERERENAN,-8.652082,115.121554
315,Bali,Kabupaten Badung,PENGELUKATAN PANCORAN II,-8.484413160420603,115.2130135212972
316,Bali,Kabupaten Badung,Rai Water Sport,-8.75968654518891,115.22219511534189
317,Bali,Kabupaten Badung,ROYAL SPORT HOUSE BALI,-8.64656,115.12898
318,Bali,Kabupaten Badung,Water Blow,-8.803326578141164,115.23977806931619
319,Bali,Kabupaten Badung,Wisata Pulau Penyu,-8.764514547195441,115.21569485902344
320,Bali,Kabupaten Bangli,,-6.2297465,106.829518
321,Bali,Kabupaten Bangli,AIR TERJUN DEDARI,-6.2297465,106.829518
322,Bali,Kabupaten Bangli,AIR TERJUN DUSUN KUNING,-6.2297465,106.829518
323,Bali,Kabupaten Bangli,Air Terjun Krisik,-8.455083,115.3855887
324,Bali,Kabupaten Bangli,Air Terjun Tibumana,-8.484593,115.334163
325,Bali,Kabupaten Bangli,Alas Bali Coffee,-8.389701,115.333368
326,Bali,Kabupaten Bangli,Alott's Natural Hot Spring ,-8.236209,115.404901
327,Bali,Kabupaten Bangli,AMPUPU KEMBAR,-6.2297465,106.829518
328,Bali,Kabupaten Bangli,Baliwoso Upadesa,-8.338633,115.3602650001
329,Bali,Kabupaten Bangli,BAS De Atanaya,-6.2297465,106.829518
330,Bali,Kabupaten Bangli,Black Lava,-8.24852,115.37658
331,Bali,Kabupaten Bangli,Black Sand ,-8.234855,115.379326
332,Bali,Kabupaten Bangli,Dermaga Kedisan ,-8.281327,115.387254
333,Bali,Kabupaten Bangli,Desa Wisata Penglipuran ,-8.421759,115.359225
334,Bali,Kabupaten Bangli,Gerudugan waterfall ,-8.443498,115.386814
335,Bali,Kabupaten Bangli,Goa giri Campuan,-8.46211377,115.38316329
336,Bali,Kabupaten Bangli,GOA RAJA WATERFALL,-6.2297465,106.829518
337,Bali,Kabupaten Bangli,Koffie Landih Bali,-8.291825,115.373546
338,Bali,Kabupaten Bangli,Kopi Catur Arabika ,-8.221508,115.248646
339,Bali,Kabupaten Bangli,Kopi Gunung Catur,-6.2297465,106.829518
340,Bali,Kabupaten Bangli,KSPDK KINTAMANI,-6.2297465,106.829518
341,Bali,Kabupaten Bangli,La Fresa ,-8.284504,115.304875
342,Bali,Kabupaten Bangli,Museum Gunung Api Batur,-8.284115,115.36497499
343,Bali,Kabupaten Bangli,Oka Agriculture ,-8.395145,115.329374
344,Bali,Kabupaten Bangli,Pemandian Air Panas Tirta Usadha,-8.249643,115.396545
345,Bali,Kabupaten Bangli,Pendakian Gunung Abang,-8.29217668,115.389958333
346,Bali,Kabupaten Bangli,Penelokan View Points ,-8.282828,115.364652
347,Bali,Kabupaten Bangli,Pinggan Sunrise View Pohon Cinta,-8.209943,115.36463
348,Bali,Kabupaten Bangli,PURA KEHEN BANGLI,-6.2297465,106.829518
349,Bali,Kabupaten Bangli,Pura Penataran Agung Dalem Jawa / Langgar,-8.505908,115.347287
350,Bali,Kabupaten Bangli,PURA TAMAN NARMADA BALI RAJA,-6.2297465,106.829518
351,Bali,Kabupaten Bangli,Pura Tirta Sudamala ,-8.474318,115.344686
352,Bali,Kabupaten Bangli,Sukawana Sunrise Spot,-8.214665,115.361145
353,Bali,Kabupaten Bangli,Taman Pacampuhan Sala,-8.451198,115.325833
354,Bali,Kabupaten Bangli,Toya Devasya,-8.250295,115.400578334
355,Bali,Kabupaten Bangli,Twins Bali Agrowisata ,-6.2297465,106.829518
356,Bali,Kabupaten Bangli,Waterboom Sidembunut,-8.449305,115.370564998
357,Bali,Kabupaten Bangli,WATERFALL TUKAD CEPUNG,-6.2297465,106.829518
358,Bali,Kabupaten Bangli,Yeh Bulan Waterfall ,-8.458557,115.382804
359,Bali,Kabupaten Buleleng,Air Panas Banyuwedang,-8.197143,114.83016
360,Bali,Kabupaten Buleleng,Air Pans Banjar,-8.210522,114.967063
361,Bali,Kabupaten Buleleng,Air Terjun Banyu Wana Amertha,-8.21944,115.122301
362,Bali,Kabupaten Buleleng,Air Terjun Bertingkat,-8.12056,115.08199
363,Bali,Kabupaten Buleleng,Air Terjun Campuhan ,-8.20217,115.140488
364,Bali,Kabupaten Buleleng,Air Terjun Sekumpul,-8.177504,115.182583
365,Bali,Kabupaten Buleleng,Aling-Aling Waterfall,-8.172498,115.104569
366,Bali,Kabupaten Buleleng,Banyuwana Amerta Waterfall,-8.212809,115.122225
367,Bali,Kabupaten Buleleng,Banyuwedang Hot Spring,-8.082095,114.34133
368,Bali,Kabupaten Buleleng,Brahmavihara Arama,-8.210583,114.974017
369,Bali,Kabupaten Buleleng,Camping Ground New Buyan Liang,-8.247246,115.135023
370,Bali,Kabupaten Buleleng,Danau Buyan ,-8.14337,115.08371
371,Bali,Kabupaten Buleleng,Danau Tamblingan,-8.1531,115.06042
372,Bali,Kabupaten Buleleng,Desa Tua Banyuseri,-8.254288,114.99128
373,Bali,Kabupaten Buleleng,Desa Tua Bulian,-8.132393,115.229659
374,Bali,Kabupaten Buleleng,Desa Tua Sidatapa,-8.186806,114.766291
375,Bali,Kabupaten Buleleng,Gitgit Waterfall,-8.12133,115.08192
376,Bali,Kabupaten Buleleng,Jembong Waterfall,-8.11168,115.80702
377,Bali,Kabupaten Buleleng,Kolam Renang Air Sanih,-6.2297465,106.829518
378,Bali,Kabupaten Buleleng,Krisna Adventures,-8.102885,115.06164
379,Bali,Kabupaten Buleleng,Krisna Fantastic Land,-8.182495,114995241
380,Bali,Kabupaten Buleleng,Krisna Waterpark,-8.180154,114.994304
381,Bali,Kabupaten Buleleng,Lingkungan Pura Beji,-8.250905,114.935355
382,Bali,Kabupaten Buleleng,Lingkungan Pura Dalem Sangsit,-8.085478,115.144302
383,Bali,Kabupaten Buleleng,Monumen Jagaraga,-8.35554,115.129317
384,Bali,Kabupaten Buleleng,Pantai Lovina,-8.161106,115.024361
385,Bali,Kabupaten Buleleng,Pantai Penimbangan,-8.07234,115.03496
386,Bali,Kabupaten Buleleng,Pelabuhan Tua Buleleng,-8.103424,115.089008
387,Bali,Kabupaten Buleleng,Penglukatan Panca Tirta Sudamala,-8.174782,115.100625
388,Bali,Kabupaten Buleleng,Puncak Manik Waterfall,-8.23042,115.131852
389,Bali,Kabupaten Buleleng,Pura Batu Kursi,-8.160703,114.680974
390,Bali,Kabupaten Buleleng,Pura Jaya Prana,-8.13388,114.6292
391,Bali,Kabupaten Buleleng,Pura Ponjok Batu,-8.147942,115.369045
392,Bali,Kabupaten Buleleng,Pura Pulaki ,-8.159671,114.557883
393,Bali,Kabupaten Buleleng,Pura Puncak Sinunggal,-8.120158,115.255782
394,Bali,Kabupaten Buleleng,Pura Purohita Linggam Siwa,-8.196776,114.943028
395,Bali,Kabupaten Buleleng,Taman Laut Pemuteran,-8.294394,114.979781
396,Bali,Kabupaten Buleleng,Tugu Bhuana Kerta,-8.196167,114.917739
397,Bali,Kabupaten Buleleng,Wana Giri Hidden Hill,-8.242729,115.098639
398,Bali,Kabupaten Buleleng,Wana Giri Twin Waterfall,-8.218609,115.119475
399,Bali,Kabupaten Gianyar,ARMA MUSEUM,-8.5236278,115.266166
400,Bali,Kabupaten Gianyar,BALI BIRD PARK,-8.59983,115.25177
401,Bali,Kabupaten Gianyar,Bali Safari & Marine Park,-8.580745,115.345289
402,Bali,Kabupaten Gianyar,Bali Zoo,-8.58959,115.26636
403,Bali,Kabupaten Gianyar,Candi Tebing Tegallinggah,-8.52752395638865,115.30603599503216
404,Bali,Kabupaten Gianyar,Candi Tebing Tegallinggah,-8.527138474457015,115.30608911704745
405,Bali,Kabupaten Gianyar,CV TEGENUNGAN MERTHA JIWA WAHANA TIRTHA,-8.5752144,115.2883966
406,Bali,Kabupaten Gianyar,GOA GAJAH,-8.52343,115.28715
407,Bali,Kabupaten Gianyar,Goa Garba,-8.50792990848856,115.30204770852447
408,Bali,Kabupaten Gianyar,Gunung Kawi Sebatu,-8.404409792058027,115.29349248153743
409,Bali,Kabupaten Gianyar,GUNUNG KAWI TAMPAKSIRING,-8.42305,115.31233
410,Bali,Kabupaten Gianyar,Hidden Canyon Beji Guwang,-8.6097031328237,115.2894285950337
411,Bali,Kabupaten Gianyar,KANTO LAMPO WATERFALL,-8.53215,115.33123
412,Bali,Kabupaten Gianyar,Kemenuh Butterfly park,-8.572473203062867,115.28669538154031
413,Bali,Kabupaten Gianyar,Keramas Park,-8.571595911542452,115.32714766619725
414,Bali,Kabupaten Gianyar,Monkey Forest Ubud ,-8.5192802,115.2605639
415,Bali,Kabupaten Gianyar,Museum Ada Guna,-8.413931884432992,115.28313950852288
416,Bali,Kabupaten Gianyar,MUSEUM GEDONG ARCA  ,-8.5197,115.29293
417,Bali,Kabupaten Gianyar,Museum Puri Lukisan ,-8.505097,115.260261
418,Bali,Kabupaten Gianyar,Neka Art Museum,-8.49247,115.253583
419,Bali,Kabupaten Gianyar,OBJEK WISATA GOA RANG RENG,-8.51552,115.33294
420,Bali,Kabupaten Gianyar,OBJEK WISATA LEMBU PUTIH,-8.39193,115.28499
421,Bali,Kabupaten Gianyar,Pantai Cucukan,-8.586523411291715,115.35084179503322
422,Bali,Kabupaten Gianyar,Pantai Lebih,-8.579902403086205,115.3552863445846
423,Bali,Kabupaten Gianyar,Pantai Masceti,-8.594347490810438,115.34592636619756
424,Bali,Kabupaten Gianyar,Pantai Purnama,-8.618533560084456,115.31010036734003
425,Bali,Kabupaten Gianyar,Pantai Saba,-8.608106343732636,115.3238584445923
426,Bali,Kabupaten Gianyar,Pantai Selukat,-8.598922143252322,115.33767363736175
427,Bali,Kabupaten Gianyar,Pantai Siyut,-8.574308817136188,115.37004950000001
428,Bali,Kabupaten Gianyar,Pura Kebo Edan,-8.517832,115.292529
429,Bali,Kabupaten Gianyar,Pura Mengening,-8.420138,115.3122
430,Bali,Kabupaten Gianyar,Pura Penataran Sasih,-8.513837,115.293516
431,Bali,Kabupaten Gianyar,PURA PUSEH DESA BATUAN,-8.58202,"115,276"
432,Bali,Kabupaten Gianyar,Pura Samuan Tiga,-8.523904,115.295076
433,Bali,Kabupaten Gianyar,Relief Bebitra,-8.538933383473672,115.31686543736078
434,Bali,Kabupaten Gianyar,Rudana Fine Art Gallery,-8.529727,115.271303
435,Bali,Kabupaten Gianyar,Taman Nusa,-8.528330916118984,115.3585099661964
436,Bali,Kabupaten Gianyar,Taman Sari Waterfall,-8.5022418,115.3294133
437,Bali,Kabupaten Gianyar,The Blanco Renaissance Museum,-8.504926,115.254215
438,Bali,Kabupaten Gianyar,Tirta Empul ,-8.415905,115.315301
439,Bali,Kabupaten Gianyar,Yeh Pulu,-8.530065,115.293123
440,Bali,Kabupaten Jembrana,AIR TERJUN BATU BELAH,-8.29389,114.63923
441,Bali,Kabupaten Jembrana,Air Terjun Juwuk Manis,-8.390920467854084,114.90790216598666
442,Bali,Kabupaten Jembrana,Air Terjun Juwuk Manis,-6.2297465,106.829518
443,Bali,Kabupaten Jembrana,Bendungan Benel ,-8.284836101489141,114.60459866406833
444,Bali,Kabupaten Jembrana,Bendungan benel,-6.2297465,106.829518
445,Bali,Kabupaten Jembrana,Bendungan Palasari ,-8.2536253,114.5514963
446,Bali,Kabupaten Jembrana,Desa Wisata Gumbrih,-8.431215,114.88088
447,Bali,Kabupaten Jembrana,Desa Wisata Perancak ,-8.398732278455537,114.61573988300849
448,Bali,Kabupaten Jembrana,Desa wisata Yahembang Kangin,-6.2297465,106.829518
449,Bali,Kabupaten Jembrana,Destinasi wisata Blimbingsari,-6.2297465,106.829518
450,Bali,Kabupaten Jembrana,Kampoeng Palerejo,-8.2510359,114.5463052
451,Bali,Kabupaten Jembrana,Kolam Renang Delod Berawah ,-8.398373774344309,114.67881262784498
452,Bali,Kabupaten Jembrana,Kuliner Ikan Bakar,-6.2297465,106.829518
453,Bali,Kabupaten Jembrana,MAKAM HABIB ALI BIN UMAR BINABU BAKAR BAFAQIH,-8.368845030113519,114.62123173552236
454,Bali,Kabupaten Jembrana,PANTAI BALUK RENING,-8.34981,114.54551
455,Bali,Kabupaten Jembrana,PANTAI CANDI KUSUMA,-8.30785,114.51808
456,Bali,Kabupaten Jembrana,Pantai Medewi ,-8.419231876220561,114.80516670269549
457,Bali,Kabupaten Jembrana,Pantai Pulukan,-8.42374,114.81186
458,Bali,Kabupaten Jembrana,Pantai Yeh Leh ,-8.465530018733496,114.91409647604617
459,Bali,Kabupaten Jembrana,PANTAI YEH LEH,-8.465455737450725,114.91415012228553
460,Bali,Kabupaten Jembrana,Pariwisata Bunut Bolong ,-8.386197451681333,114.87367700831477
461,Bali,Kabupaten Jembrana,PUNCAK TEBING JR,-8.30092,114.66178
462,Bali,Kabupaten Jembrana,Pura Gede Perancak ,-8.401024244849445,114.61104020824726
463,Bali,Kabupaten Jembrana,Pura Rambut Siwi,-6.2297465,106.829518
464,Bali,Kabupaten Jembrana,Sungai Gelar,-8.29922104454511,114.65533495242231
465,Bali,Kabupaten Jembrana,Taman Rekreasi Tirta Samudra Delod Berawah,-8.39857,114.67889
466,Bali,Kabupaten Jembrana,Taman Wisata Air Gumbrih,-8.424524,114.886608
467,Bali,Kabupaten Jembrana,Teluk Gilimanuk ,-6.2297465,106.829518
468,Bali,Kabupaten Karang Asem,Agro kebun salak sibetan,-8.445637,115.525144
469,Bali,Kabupaten Karang Asem,Agro Wisata Abian Salak Sibetan,-6.2297465,106.829518
470,Bali,Kabupaten Karang Asem,Agrowisata Salak Dukuh Lestari Sibetan ,-6.2297465,106.829518
471,Bali,Kabupaten Karang Asem,Air Terjun Jaga Satru,-8.459265,115.510226
472,Bali,Kabupaten Karang Asem,Air Terjun Yeh Labuh,-8463536,115.533488
473,Bali,Kabupaten Karang Asem,Avatar Rafting ,-6.2297465,106.829518
474,Bali,Kabupaten Karang Asem,BMW RAFTING,-8.423675,115.435276
475,Bali,Kabupaten Karang Asem,Bukit Asaba Globe Bali,-8.415582,115.530751
476,Bali,Kabupaten Karang Asem,Bukit Jambul,-6.2297465,106.829518
477,Bali,Kabupaten Karang Asem,Bukit Surga,-8.416883,115.526798
478,Bali,Kabupaten Karang Asem,Chocolate Factory,-8.483102,115.61731
479,Bali,Kabupaten Karang Asem,Desa Tenganan pegringsingan,-6.2297465,106.829518
480,Bali,Kabupaten Karang Asem,Edelweis Bali,-8.368598,115.463677
481,Bali,Kabupaten Karang Asem,Gapura Sanghyang Ambu,-6.2297465,106.829518
482,Bali,Kabupaten Karang Asem,Gembleng Waterfall ,-8.507612,115.449004
483,Bali,Kabupaten Karang Asem,Kencana River Side,-6.2297465,106.829518
484,Bali,Kabupaten Karang Asem,Maha Gangga valley,-6.2297465,106.829518
485,Bali,Kabupaten Karang Asem,Museum Pustaka Lontar,-8.421131,115.611803
486,Bali,Kabupaten Karang Asem,Museum Sang Hyang Dedari Giri Amertha,-6.2297465,106.829518
487,Bali,Kabupaten Karang Asem,Pantai Bias Tugel,-8.536194,115.508862
488,Bali,Kabupaten Karang Asem,Pantai Blue Lagoon,-8.529787,115.510226
489,Bali,Kabupaten Karang Asem,Pantai Virgin,-8.501301,115.610544
490,Bali,Kabupaten Karang Asem,Pemandian Dauh Dalem,-6.2297465,106.829518
491,Bali,Kabupaten Karang Asem,Pemandian Telaga Surya,-8.421875,115.430135
492,Bali,Kabupaten Karang Asem,Pemukuran,-6.2297465,106.829518
493,Bali,Kabupaten Karang Asem,Pesona Alam Sangkan Gunung,-8.466927,115.430398
494,Bali,Kabupaten Karang Asem,Pesona Wisata Kastala,-8.446431,115.561599
495,Bali,Kabupaten Karang Asem,Puncak Luah Santi (Tracking),-6.2297465,106.829518
496,Bali,Kabupaten Karang Asem,Pura Besakih,-8.373674,115.452235
497,Bali,Kabupaten Karang Asem,Pura Lempuyang Luhur,-8.390999,115.629194
498,Bali,Kabupaten Karang Asem,PURA SILAYUKTI,-2.112772,109.192124
499,Bali,Kabupaten Karang Asem,Puri Agung Karangasem,-8.44365,115.616037
500,Bali,Kabupaten Karang Asem,Rafting Telaga Waja,-8.491971,115.417093
501,Bali,Kabupaten Karang Asem,Samsara Living Museum ,-6.2297465,106.829518
502,Bali,Kabupaten Karang Asem,Subak Petolan,-6.2297465,106.829518
503,Bali,Kabupaten Karang Asem,Taman Harmoni Bukit Asah,-8.505493,115.6106
504,Bali,Kabupaten Karang Asem,Taman Soekasada Ujung,-8.462867,115.630622
505,Bali,Kabupaten Karang Asem,TERAS AGRO,-8.450167,115.408432
506,Bali,Kabupaten Karang Asem,Tirta Gangga,-8.412318,115.587292
507,Bali,Kabupaten Klungkung,Angel's Billabong,-8.683734,115.478778
508,Bali,Kabupaten Klungkung,Atuh Beach,-8.768978,115.49417
509,Bali,Kabupaten Klungkung,Blue Lagoon Nusa Ceningan,-8.664117,115.449538
510,Bali,Kabupaten Klungkung,Broken beach ,-8.683734,115.484286
511,Bali,Kabupaten Klungkung,City Tour Semarapura,-6.2297465,106.829518
512,Bali,Kabupaten Klungkung,Devil Tears,-8.690802,115.429364
513,Bali,Kabupaten Klungkung,Diamond Beach Nusa Penida ,-8.763481,115.487374
514,Bali,Kabupaten Klungkung,Dream beach ,-8.688689,115.438512
515,Bali,Kabupaten Klungkung,DTW Desa Kamasan,-8.449145,115.631914
516,Bali,Kabupaten Klungkung,Gala-Gala Underground House,-8.694119,115.436796
517,Bali,Kabupaten Klungkung,Jungut batu Beach,-8.67491,115.447883
518,Bali,Kabupaten Klungkung,Kelingking Beach Nusa Penida,-8.753064,115.472347
519,Bali,Kabupaten Klungkung,Museum Semarajaya,-6.2297465,106.829518
520,Bali,Kabupaten Klungkung,Objek Wisata Kerta Gosa,-8.535063,115.40394
521,Bali,Kabupaten Klungkung,Pura Goa Giri Putri,-8.681477,115.574298
522,Bali,Kabupaten Klungkung,Pura Goa Lawah,-6.2297465,106.829518
523,Bali,Kabupaten Klungkung,Pura Goa Lawah,-6.2297465,106.829518
524,Bali,Kabupaten Klungkung,Pura Kentel Gumi,-8.524392,115.342939
525,Bali,Kabupaten Klungkung,Pura Segara Kidul Nusa Penida,-8.731177,115.595955
526,Bali,Kabupaten Klungkung,Pura Watu Klotok,-8.570972,115.372002
527,Bali,Kabupaten Klungkung,Puri Agung Klungkung,-6.2297465,106.829518
528,Bali,Kabupaten Klungkung,"Rumah Pohon ""Tree House""",-8.793747,115.605432
529,Bali,Kabupaten Klungkung,Smoky Beach,-8.68392,115.48222
530,Bali,Kabupaten Klungkung,Teletubbies Hill,-8.734197,115.545153
531,Bali,Kabupaten Klungkung,Temeling Beach and Spring Water,-8.757441,115.486091
532,Bali,Kabupaten Klungkung,Tirai Air Terjun Tukad Unda,-8.525071,115.412969
533,Bali,Kabupaten Tabanan, Alas Kedaton,-8.5294825,115.1553403
534,Bali,Kabupaten Tabanan,Agro Puncak Bukit Lestari,-6.2297465,106.829518
535,Bali,Kabupaten Tabanan,Air Panes Angsri,-6.2297465,106.829518
536,Bali,Kabupaten Tabanan,Air Terjun Yeh Ho,-8.3586762,115.136095
537,Bali,Kabupaten Tabanan,Alas Kedaton,-6.2297465,106.829518
538,Bali,Kabupaten Tabanan,DTW Jatiluwih,-8.370031,115.131372
539,Bali,Kabupaten Tabanan,DTW Tanah Lot,-8.6211681,115.0867826
540,Bali,Kabupaten Tabanan,Espa Yeh Panes Penatahan,-6.2297465,106.829518
541,Bali,Kabupaten Tabanan,Jatiluwih,-6.2297465,106.829518
542,Bali,Kabupaten Tabanan,Jatiluwih Bee Honey Farm ,-8.3728506,115.1274071
543,Bali,Kabupaten Tabanan,Kayu Putih ,-6.2297465,106.829518
544,Bali,Kabupaten Tabanan,Kebun Raya Eka Karya,-6.2297465,106.829518
545,Bali,Kabupaten Tabanan,Kebun Raya Eka Karya,-8.2761215,115.1542029
546,Bali,Kabupaten Tabanan,Kolam Renang Campuhan Yeh Kakul,-6.2297465,106.829518
547,Bali,Kabupaten Tabanan,Kupu Kupu Taman Lestari,-6.2297465,106.829518
548,Bali,Kabupaten Tabanan,Leke Leke,-6.2297465,106.829518
549,Bali,Kabupaten Tabanan,Museum Subak,-8.5449035,115.1377896
550,Bali,Kabupaten Tabanan,Pantai Kedungu,-6.2297465,106.829518
551,Bali,Kabupaten Tabanan,Pantai Tanah Lot,-6.2297465,106.829518
552,Bali,Kabupaten Tabanan,Pantai Yeh Gangga,-6.2297465,106.829518
553,Bali,Kabupaten Tabanan,Pantai Yeh Gangga,-8.5922388,115.0695354
554,Bali,Kabupaten Tabanan,Perkumpulan DTW Ulun Danu Beratan,-8.2751807,115.1668234
555,Bali,Kabupaten Tabanan,Pure Luwak Coffe Bali,-6.2297465,106.829518
556,Bali,Kabupaten Tabanan,Puri Gede Kerambitan ,-6.2297465,106.829518
557,Bali,Kabupaten Tabanan,Puri Gede Kerambitan,-8.5467101,115.0801687
558,Bali,Kabupaten Tabanan,Rumah Gemuk,-8.2665764,115.160691
559,Bali,Kabupaten Tabanan,Subak Bali Agro,-6.2297465,106.829518
560,Bali,Kabupaten Tabanan,Taman Kupu - Kupu Lestari,-8.4796443,115.134869
561,Bali,Kabupaten Tabanan,Taman Pujaan Bangsa,-8.4648733,115.1633638
562,Bali,Kabupaten Tabanan,The Beach Love Kedungu,-8.6106844,115.0839473
563,Bali,Kabupaten Tabanan,The Blooms,-8.3020948,115.1587735
564,Bali,Kabupaten Tabanan,The Blooms Garden,-6.2297465,106.829518
565,Bali,Kabupaten Tabanan,The Sila's,-8.3008386,115.160651
566,Bali,Kabupaten Tabanan,The Sila's Agrotourism,-6.2297465,106.829518
567,Bali,Kabupaten Tabanan,Ulun Danu Beratan,-6.2297465,106.829518
568,Bali,Kabupaten Tabanan,Wahana Sambhrama,-8.377167,115.151882
569,Bali,Kabupaten Tabanan,Wahana Wisata Shambrhama Ashram,-6.2297465,106.829518
570,Bali,Kabupaten Tabanan,Yeh Panas Angseri,-8.3534114,115.1562429
571,Bali,Kabupaten Tabanan,Yeh Panes Belulang,-8.3963757,115.140675
572,Bali,Kabupaten Tabanan,Yeh Panes Penatahan,-8.433597,115.1250062
573,Bali,Kota Denpasar,ART CENTER,-6.2297465,106.829518
574,Bali,Kota Denpasar,BALI EXOTIC MARINE PARK ,-8.72378,115.21639
575,Bali,Kota Denpasar,Bali Wake Park,-8.724107,115.214845
576,Bali,Kota Denpasar,BARONG SARI WISATA BUDAYA / BARONG TANAH KILAP,-6.2297465,106.829518
577,Bali,Kota Denpasar,Big Garden Corner Ecopark,-8.656516848265928,115.2533279257824
578,Bali,Kota Denpasar,Bokashi Farm,-8.655041,115.252864
579,Bali,Kota Denpasar,CITRALAND WATERPARK DENPASAR,-8.6272,115.19306
580,Bali,Kota Denpasar,Desa Budaya Kertalangu,-8.645502,115.258745
581,Bali,Kota Denpasar,DUTA ORCHID GARDEN ,-6.2297465,106.829518
582,Bali,Kota Denpasar,Eko Wisata Mangrove Batulumbang,-8.731744,115.187313
583,Bali,Kota Denpasar,IAM BALI 3D MUSEUM & UPSIDE DOWN,-6.2297465,106.829518
584,Bali,Kota Denpasar,Istana Taman Jepun,-8.667488,115.24417
585,Bali,Kota Denpasar,Kebon Vintage Cars Bali (Museum Mobil Kuno),-8.646698490406132,115.27087291044056
586,Bali,Kota Denpasar,Keramat Agung Pemecutan,-8.659929,115.206414
587,Bali,Kota Denpasar,Museum Bali,-8.657048414937876,115.21897576688679
588,Bali,Kota Denpasar,Museum Le Mayeur,-8.67458032286443,115.26379571413686
589,Bali,Kota Denpasar,Museum Sidik Jari,-8.662797,115.240467
590,Bali,Kota Denpasar,Pantai Cemara Alit,-8.710014,115.257971
591,Bali,Kota Denpasar,Pantai Duyung,-8.703961,115.264341
592,Bali,Kota Denpasar,Pantai Karang,-8.693682,115.266276
593,Bali,Kota Denpasar,Pantai Kusumasari,-8.707017,115.26257
594,Bali,Kota Denpasar,Pantai Matahari Terbit,-8.670733,115.261634
595,Bali,Kota Denpasar,Pantai Mertasari,-8.710764,115.246949
596,Bali,Kota Denpasar,Pantai Segara Ayu,-8.682423,115.264071
597,Bali,Kota Denpasar,Pantai Sindu,-8.68418,115.264354
598,Bali,Kota Denpasar,Pasar Badung,-8.656279734884999,115.21241929694692
599,Bali,Kota Denpasar,Pasar Kumbasari,-8.655718941622867,115.21182718160514
600,Bali,Kota Denpasar,Pasar sindu,-8.685301,115.260101
601,Bali,Kota Denpasar,PURA AGUNG JAGATNATHA,-6.2297465,106.829518
602,Bali,Kota Denpasar,Pura Maospahit,-8.653877,115.210474
603,Bali,Kota Denpasar,Pura Petilan Pengrebongan,-8.64669,115.243343
604,Bali,Kota Denpasar,Pura Sakenan,-8.725007,115.230112
605,Bali,Kota Denpasar,Sindu Dwarawati Turtle Conservation,-8.684463,115.264182
606,Bali,Kota Denpasar,TAMAN INSPIRASI MUNTIG SIOKAN,-6.2297465,106.829518
607,Bali,Kota Denpasar,TEBA MAJALANGU,-6.2297465,106.829518
608,Bali,Kota Denpasar,Tukad Bindu,-8.642884,115.236277
609,Bali,Kota Denpasar,Turtle Conservation and education center,-8.720786661088425,115.23831009479524
610,Bali,Kota Denpasar,Uma Palak  Subak Sembung,-8.59938,115.214714
611,Bali,Kota Denpasar,UP SIDE DOWN WORLD,-8.716711,115.205244
612,Bali,Kota Denpasar,UPTD MONUMEN PERJUANGAN RAKYAT BALI,-6.2297465,106.829518
613,Banten,Kabupaten Lebak,Allisha Tirtaloka,-6.3587924,106.2408061
614,Banten,Kabupaten Lebak,Bendungan Cikoncang,-6.7162894,105.894033
615,Banten,Kabupaten Lebak,BIM Waterboom,-6.3637852,106.2608848
616,Banten,Kabupaten Lebak,Curug Ciporolak,-6.7734462,106.3640968
617,Banten,Kabupaten Lebak,Curug Munding,-6.6103851,104.971962
618,Banten,Kabupaten Lebak,curug sata,-6.6521951,106.0527014
619,Banten,Kabupaten Lebak,Dini Choirunisa,-6.432066,106.3912312
620,Banten,Kabupaten Lebak,Goa Langir,-6.9755482,106.2878856
621,Banten,Kabupaten Lebak,Gunung Luhur Negri Diatas Awan,-6.7502347,106.3077681
622,Banten,Kabupaten Lebak,Karang Bokor,-6.9793105,106.2777076
623,Banten,Kabupaten Lebak,Kebun Teh Cikuya,-6.8033327,106.3658523
624,Banten,Kabupaten Lebak,Kelapa Warna Beach,-6.9024807,106.1460601
625,Banten,Kabupaten Lebak,Lebak Damar,-6.8033327,106.3658523
626,Banten,Kabupaten Lebak,Museum Multatuli,-6.3606389,106.24476
627,Banten,Kabupaten Lebak,Pantai Bagedur,-6.8139374,105.9749275
628,Banten,Kabupaten Lebak,PANTAI CIANTIR,-6.2297465,106.829518
629,Banten,Kabupaten Lebak,pantai karang taraje ,-6.990779,106.3240588
630,Banten,Kabupaten Lebak,pantai legon pari,-6.9854344,106.3011708
631,Banten,Kabupaten Lebak,Pantai Tanjung Layar,-6.9650803,106.2656908
632,Banten,Kabupaten Lebak,PuloManuk,-6.9694886,106.247574
633,Banten,Kabupaten Lebak,Seba Budaya Baduy,-6.5939953,106.2229439
634,Banten,Kabupaten Lebak,Tirta Lebak Buana,-6.5489028,-6.5489028
635,Banten,Kabupaten Lebak,Wisata Alam Jasmine Farm,6.424728,106.2471843
636,Banten,Kabupaten Pandeglang,Cikoromoy Kolam Prestasi Pemda,-6.2297465,106.829518
637,Banten,Kabupaten Pandeglang,Curug Leuwi Bumi,-6.2297465,106.829518
638,Banten,Kabupaten Pandeglang,Curug Putri,-6.2946179,105.833254
639,Banten,Kabupaten Pandeglang,DM Wisata Air Tirta Persada,-6.2297465,106.829518
640,Banten,Kabupaten Pandeglang,Lembur mangrove patikang,-6.533816,105.715791
641,Banten,Kabupaten Pandeglang,Pantai Ciputih,-6.2297465,106.829518
642,Banten,Kabupaten Pandeglang,Pantai Matahari Carita,-6.2297465,106.829518
643,Banten,Kabupaten Pandeglang,Pantai Sea Park Carita,-6.2946179,105.833254
644,Banten,Kabupaten Pandeglang,Pemandian Air Panas Bengras,-6.25151,105.82828
645,Banten,Kabupaten Pandeglang,Pemandian Air Panas Cisolong Pemda ,-6.2297465,106.829518
646,Banten,Kabupaten Pandeglang,Pemandian Alam Cikoromoy,-6.2297465,106.829518
647,Banten,Kabupaten Pandeglang,Pulau Oar,-6.647144,105.570152
648,Banten,Kabupaten Pandeglang,Pulau Oar,-6.647144,105.570152
649,Banten,Kabupaten Pandeglang,Pulau Oar,-6.647144,105.570152
650,Banten,Kabupaten Pandeglang,Sungai Cigenter,-6.2297465,106.829518
651,Banten,Kabupaten Pandeglang,Taman Nasional Ujung Kulon,-6.2297465,106.829518
652,Banten,Kabupaten Pandeglang,Wisata Kampung Domba,-6.2297465,106.829518
653,Banten,Kabupaten Serang,Bendungan pamarayan ,-6.2297465,106.829518
654,Banten,Kabupaten Serang,Binuang Waterpark,-6.2297465,106.829518
655,Banten,Kabupaten Serang,Cibulakan ,-6.2297465,106.829518
656,Banten,Kabupaten Serang,Curug Cigumawang,-6.2297465,106.829518
657,Banten,Kabupaten Serang,Desa Sukadana,-6.2297465,106.829518
658,Banten,Kabupaten Serang,Gerabah Bumi Jaya,-6.2297465,106.829518
659,Banten,Kabupaten Serang,Gunung Pinang,-6.2297465,106.829518
660,Banten,Kabupaten Serang,Jembatan Pelangi,-6.2297465,106.829518
661,Banten,Kabupaten Serang,Kp Sadanta,-6.2297465,106.829518
662,Banten,Kabupaten Serang,Makam Nyai Mascarik,-6.2297465,106.829518
663,Banten,Kabupaten Serang,Makam Sultan Agung Tirtayasa,-6.2297465,106.829518
664,Banten,Kabupaten Serang,Musium Bait Ilmi SYech Nawawi,-6.2297465,106.829518
665,Banten,Kabupaten Serang,Pantai Bandulu,-6.2297465,106.829518
666,Banten,Kabupaten Serang,Pantai Karang Kitri,-6.2297465,106.829518
667,Banten,Kabupaten Serang,Pantai Palem Cibereum,-6.2297465,106.829518
668,Banten,Kabupaten Serang,Pantai Pasir Putih,-6.2297465,106.829518
669,Banten,Kabupaten Serang,Proklim Sadanta Edukasi,-6.2297465,106.829518
670,Banten,Kabupaten Serang,PULO TUNDA PUNYA CERITA,-5.941206,106.321978
671,Banten,Kabupaten Serang,Sentra Industri Tas,-6.2297465,106.829518
672,Banten,Kabupaten Serang,Situs Situ Tasikardi,-6.2297465,106.829518
673,Banten,Kabupaten Serang,Sumur Kramat Tujuh,-6.2297465,106.829518
674,Banten,Kabupaten Serang,Wisata Curug Kotak,-6.2297465,106.829518
675,Banten,Kabupaten Serang,Wisata Religi Gunung Santri,-6.2297465,106.829518
676,Banten,Kabupaten Tangerang,Pantai Pasir Putih ,-6.028575,106.52431
677,Banten,Kabupaten Tangerang,Pulo Cangkir,-6.028604,106.441418
678,Banten,Kabupaten Tangerang,Tebing Koja,-6.311817,106.425302
679,Banten,Kabupaten Tangerang,Telaga Biru Cisoka,-6.2297465,106.829518
680,Banten,Kota Cilegon,ROYALE KRAKATAU GARDEN,-5.9993448,106.0404142
681,Banten,Kota Cilegon,WARAS FARM,-6.067853,106.044821
682,Banten,Kota Serang,Aqualand Kolam Renang,-6.105613290865017,106.14162271164818
683,Banten,Kota Serang,Kampung Wisata Lima Umah,-6.1771,106.18155
684,Banten,Kota Serang,Kampung Wisata Sukadiri,-6.2297465,106.829518
685,Banten,Kota Serang,Taman Wisata MBS,-6.2297465,106.829518
686,Banten,Kota Serang,Timezone,-6.11925,106.18218
687,Banten,Kota Serang,Waterboom Tembong Jaya,-6163,106.15654
688,Banten,Kota Tangerang,Danau Situ Bulakan Periuk Kota Tangerang,-6.2297465,106.829518
689,Banten,Kota Tangerang,Masjid Al Azhom,-6.2297465,106.829518
690,Banten,Kota Tangerang,Masjid Pintu Seribu,-6.2297465,106.829518
691,Banten,Kota Tangerang,Situ Cipondoh,-6.2297465,106.829518
692,Banten,Kota Tangerang,Taman Ekspresi,-6.2297465,106.829518
693,Banten,Kota Tangerang,Taman Elektrik,-6.2297465,106.829518
694,Banten,Kota Tangerang,Taman Gajah Tunggal,-6.2297465,106.829518
695,Banten,Kota Tangerang,Taman Kunci Tangerang,-6.2297465,106.829518
696,Banten,Kota Tangerang,Taman Pisang,-6.2297465,106.829518
697,Banten,Kota Tangerang,Taman Potret,-6.2297465,106.829518
698,Banten,Kota Tangerang,Taman Pramuka,-6.2297465,106.829518
699,Banten,Kota Tangerang,Taman PRESTASI,-6.2297465,106.829518
700,Banten,Kota Tangerang Selatan,Industri Pariwisata,-6.3480948,106.6504682
701,Banten,Kota Tangerang Selatan,Kampung Dongeng Indonesia,-6.3007876,106.7349326
702,Banten,Kota Tangerang Selatan,Kampung Konservasi RIMBUN,-6.3332907,106.6968679
703,Banten,Kota Tangerang Selatan,Kandank Jurank,-6.2959203,106.7243478
704,Banten,Kota Tangerang Selatan,Lubana Sengkol Outbound,-6.346213,106.6573511
705,Bengkulu,Kabupaten Bengkulu Selatan,Air terjun Luguran,-6.2297465,106.829518
706,Bengkulu,Kabupaten Bengkulu Selatan,Bendungan Air Nipis,-4.394004454974912,103.0694231674677
707,Bengkulu,Kabupaten Bengkulu Selatan,Bendungan Babatan Ulu,-4.418952962846783,103.04694258281202
708,Bengkulu,Kabupaten Bengkulu Selatan,Bendungan Batu Balai,-4.354911753049386,103.13216140674393
709,Bengkulu,Kabupaten Bengkulu Selatan,Bumi Perkemahan Tebat Sekuning,-4.467688755747775,102.94552787725684
710,Bengkulu,Kabupaten Bengkulu Selatan,Cagar Budaya Megalatik (Dolmen) Situs Sebilo,-4.3691049831719715,2.96564511375826
711,Bengkulu,Kabupaten Bengkulu Selatan,COCONUT BEACH,-6.2297465,106.829518
712,Bengkulu,Kabupaten Bengkulu Selatan,Cughup Air Tenam,-4.255838630400233,103.06162514809492
713,Bengkulu,Kabupaten Bengkulu Selatan,CUGHUP LAWANG,-6.2297465,106.829518
714,Bengkulu,Kabupaten Bengkulu Selatan,Danau Kuranding,-4.398452448078292,103.0545744539758
715,Bengkulu,Kabupaten Bengkulu Selatan,De Sky Beach,-4.428652334584065,102.87536403647826
716,Bengkulu,Kabupaten Bengkulu Selatan,DESA WISATA AIR TENAM,-6.2297465,106.829518
717,Bengkulu,Kabupaten Bengkulu Selatan,Goa Suruman,-4.38350161970418,103.15436635396814
718,Bengkulu,Kabupaten Bengkulu Selatan,Green Serawai,-4.278894470869878,102.97605216322776
719,Bengkulu,Kabupaten Bengkulu Selatan,Makam Puyang Ketunggalan Lubuk Ipuh,-4.480949688662745,102.95137266878353
720,Bengkulu,Kabupaten Bengkulu Selatan,Makam Syekh Muhammad Amin,-4.05194665393423,102.9872130736168
721,Bengkulu,Kabupaten Bengkulu Selatan,Masjid Jami',-4.464829080772044,102.90696636664498
722,Bengkulu,Kabupaten Bengkulu Selatan,Masjid Rukis,-4.463335880665588,102.9161933502727
723,Bengkulu,Kabupaten Bengkulu Selatan,Meriam & Makam  Puyang Ratu Desa Gedung Agung,-4.417410655407049,102.98675502936463
724,Bengkulu,Kabupaten Bengkulu Selatan,PANTAI BATU PUTIH,-6.2297465,106.829518
725,Bengkulu,Kabupaten Bengkulu Selatan,Pantai Muara Kedurang,-4.527605269765368,103.01932619445354
726,Bengkulu,Kabupaten Bengkulu Selatan,PANTAI PASAR BAWAH,-6.2297465,106.829518
727,Bengkulu,Kabupaten Bengkulu Selatan,Pantai Pino Guntung,-4.399893262402304,102.84019927672746
728,Bengkulu,Kabupaten Bengkulu Selatan,Rumah pangeran Duayu,-4.464904058827353,102.91506536746863
729,Bengkulu,Kabupaten Bengkulu Selatan,Rumah Pangeran Mukmin,-4.466011550123488,103.00018061056886
730,Bengkulu,Kabupaten Bengkulu Selatan,SEPIT KANCING,-6.2297465,106.829518
731,Bengkulu,Kabupaten Bengkulu Selatan,Sirkuit Padang Panjang,-4.43826784225492,102.89091013678035
732,Bengkulu,Kabupaten Bengkulu Selatan,Taman Hutan Kota,-4.440108672923883,102.89104315397628
733,Bengkulu,Kabupaten Bengkulu Selatan,TAMAN MERDEKA,-6.2297465,106.829518
734,Bengkulu,Kabupaten Bengkulu Selatan,Taman Rafflesia,-4.384617420708335,103.15527673194077
735,Bengkulu,Kabupaten Bengkulu Selatan,Taman Remaja,-4.464897770006018,102.89986365212467
736,Bengkulu,Kabupaten Bengkulu Selatan,TEBAT RUKIS,-6.2297465,106.829518
737,Bengkulu,Kabupaten Bengkulu Selatan,TUGU MERIAM HONISUIT,-6.2297465,106.829518
738,Bengkulu,Kabupaten Bengkulu Selatan,Wahana Water Park,-4.454000073980369,102.91430908466435
739,Bengkulu,Kabupaten Bengkulu Selatan,WISATA GLAMPING LUBUK LANGKAP,-6.2297465,106.829518
740,Bengkulu,Kabupaten Bengkulu Selatan,Wisata Pemandian Lubuk Langkap,-4.365738589597678,103.06663070364469
741,Bengkulu,Kabupaten Bengkulu Selatan,Wisata Religius Dusun Sebakas,-4.320746032117963,103.03969455212302
742,Bengkulu,Kabupaten Bengkulu Selatan,Wisata Sepit Tanjung Tengah,-4.340023240027556,103.08485159445127
743,Bengkulu,Kabupaten Bengkulu Selatan,Wisata Tebat Besar,-4.331526937269531,102.97642880794315
744,Bengkulu,Kabupaten Bengkulu Selatan,Wisata Tebat Gelumpai,-4.465420821621403,102.91863369445271
745,Bengkulu,Kabupaten Bengkulu Tengah,air panas surau,-3.711339,102.504394
746,Bengkulu,Kabupaten Bengkulu Tengah,air terjun batu kambing,-3.666457,102.441221
747,Bengkulu,Kabupaten Bengkulu Tengah,air terjun peh,-3.665771,102.525702
748,Bengkulu,Kabupaten Bengkulu Tengah,air terjun sengak,-3.66817,102.530462
749,Bengkulu,Kabupaten Bengkulu Tengah,air terjun taluntung ,-3.614034,102.394526
750,Bengkulu,Kabupaten Bengkulu Tengah,Bangunan Rumah Tradisioanal ,-3.611978,102.391096
751,Bengkulu,Kabupaten Bengkulu Tengah,bunker coa sako,-3.666457,102.526352
752,Bengkulu,Kabupaten Bengkulu Tengah,liku sembilan,-3.677078,102.507806
753,Bengkulu,Kabupaten Bengkulu Tengah,makam purti darah putih/makam putri mas,-3.769237,102.369826
754,Bengkulu,Kabupaten Bengkulu Tengah,Makam Rajo Gogok,-3.708411,102.525472
755,Bengkulu,Kabupaten Bengkulu Tengah,masjid cagar budaya,-6.2297465,106.829518
756,Bengkulu,Kabupaten Bengkulu Tengah,Pantai  Nibung,-3.738404,102.262722
757,Bengkulu,Kabupaten Bengkulu Tengah,Pantai Lot/Merah Putih,-3.670723,102.255712
758,Bengkulu,Kabupaten Bengkulu Tengah,pemekaran penyu,-6.2297465,106.829518
759,Bengkulu,Kabupaten Bengkulu Tengah,pemekaran penyu,-6.2297465,106.829518
760,Bengkulu,Kabupaten Bengkulu Tengah,prasasti batu jung,-3.709626,102.525002
761,Bengkulu,Kabupaten Bengkulu Tengah,prasasti sumur,-3.737644,102.264665
762,Bengkulu,Kabupaten Bengkulu Tengah,Pura Tirta Sari,-3.66772,102.266875
763,Bengkulu,Kabupaten Bengkulu Tengah,TAMAN WISATA KOTA,-3.747376,102.429758
764,Bengkulu,Kabupaten Bengkulu Tengah,tempat wisata,-6.2297465,106.829518
765,Bengkulu,Kabupaten Bengkulu Tengah,tempat wisata,-6.2297465,106.829518
766,Bengkulu,Kabupaten Bengkulu Tengah,wisata air,-6.2297465,106.829518
767,Bengkulu,Kabupaten Bengkulu Tengah,wisata alam,-6.2297465,106.829518
768,Bengkulu,Kabupaten Bengkulu Tengah,wisata alam,-6.2297465,106.829518
769,Bengkulu,Kabupaten Bengkulu Tengah,wisata alam,-6.2297465,106.829518
770,Bengkulu,Kabupaten Bengkulu Tengah,wisata alam,-6.2297465,106.829518
771,Bengkulu,Kabupaten Bengkulu Tengah,wisata alam,-6.2297465,106.829518
772,Bengkulu,Kabupaten Bengkulu Tengah,wisata alam,-6.2297465,106.829518
773,Bengkulu,Kabupaten Bengkulu Tengah,wisata alam,-6.2297465,106.829518
774,Bengkulu,Kabupaten Bengkulu Tengah,wisata alam,-6.2297465,106.829518
775,Bengkulu,Kabupaten Bengkulu Tengah,wisata alam,-6.2297465,106.829518
776,Bengkulu,Kabupaten Bengkulu Tengah,wisata alam,-6.2297465,106.829518
777,Bengkulu,Kabupaten Bengkulu Tengah,wisata alam,-6.2297465,106.829518
778,Bengkulu,Kabupaten Bengkulu Tengah,wisata alam,-6.2297465,106.829518
779,Bengkulu,Kabupaten Bengkulu Tengah,wisata buatan,-6.2297465,106.829518
780,Bengkulu,Kabupaten Bengkulu Tengah,Wisata Buatan,-6.2297465,106.829518
781,Bengkulu,Kabupaten Bengkulu Tengah,wisata budaya,-6.2297465,106.829518
782,Bengkulu,Kabupaten Bengkulu Tengah,wisata budaya,-6.2297465,106.829518
783,Bengkulu,Kabupaten Bengkulu Utara,,-3.44557,102.2067
784,Bengkulu,Kabupaten Bengkulu Utara, Air Bagus Margapala,-3.410098,102.203094
785,Bengkulu,Kabupaten Bengkulu Utara, wahana permainan kolam renang HyZone,-6.2297465,106.829518
786,Bengkulu,Kabupaten Bengkulu Utara,Air Terjun Air Puar,-6.2297465,106.829518
787,Bengkulu,Kabupaten Bengkulu Utara,air terjun talang diwo,-3.417895,102.185906
788,Bengkulu,Kabupaten Bengkulu Utara,Lorong Watu,-6.2297465,106.829518
789,Bengkulu,Kabupaten Bengkulu Utara,Pantai Muara Ketahun,-6.2297465,106.829518
790,Bengkulu,Kabupaten Bengkulu Utara,pantai nangai,-6.12417,110.918816
791,Bengkulu,Kabupaten Bengkulu Utara,Pantai Serangai,-6.2297465,106.829518
792,Bengkulu,Kabupaten Bengkulu Utara,pantai urai paradise,-6.2297465,106.829518
793,Bengkulu,Kabupaten Bengkulu Utara,River tubbing lubuk saung,-6.2297465,106.829518
794,Bengkulu,Kabupaten Bengkulu Utara,Rumah Adat Rejang,-6.2297465,106.829518
795,Bengkulu,Kabupaten Bengkulu Utara,Taman Hutan Kota Arga Makmur,-6.2297465,106.829518
796,Bengkulu,Kabupaten Bengkulu Utara,Wisata Air Terjun INTEK,-6.2297465,106.829518
797,Bengkulu,Kabupaten Bengkulu Utara,wisata kebun desa tanjung raman,-3.427954,"102,198"
798,Bengkulu,Kabupaten Bengkulu Utara,Wisata pertanian persawahan,-6.2297465,106.829518
799,Bengkulu,Kabupaten Kaur,air terjun 7 panggung,-6.2297465,106.829518
800,Bengkulu,Kabupaten Kaur,air terjun kembar,-6.2297465,106.829518
801,Bengkulu,Kabupaten Kaur,air terjun lembah hijau,-6.2297465,106.829518
802,Bengkulu,Kabupaten Kaur,Air terjun sanjaya,-6.2297465,106.829518
803,Bengkulu,Kabupaten Kaur,air terjun tiga panggung,-6.2297465,106.829518
804,Bengkulu,Kabupaten Kaur,Air terjun tutuk,-6.2297465,106.829518
805,Bengkulu,Kabupaten Kaur,Batu Rigis,-6.2297465,106.829518
806,Bengkulu,Kabupaten Kaur,Danau Kembar,-6.2297465,106.829518
807,Bengkulu,Kabupaten Kaur,jembatan manula,-6.2297465,106.829518
808,Bengkulu,Kabupaten Kaur,Lapangan merdeka bintuhan,-6.2297465,106.829518
809,Bengkulu,Kabupaten Kaur,pantai air langkap,-6.2297465,106.829518
810,Bengkulu,Kabupaten Kaur,pantai airlong maje,-6.2297465,106.829518
811,Bengkulu,Kabupaten Kaur,pantai bunga karang,-6.2297465,106.829518
812,Bengkulu,Kabupaten Kaur,pantai dermaga linau,-6.2297465,106.829518
813,Bengkulu,Kabupaten Kaur,pantai hili,-6.2297465,106.829518
814,Bengkulu,Kabupaten Kaur,pantai kayangan,-6.2297465,106.829518
815,Bengkulu,Kabupaten Kaur,Pantai Laguna,-6.2297465,106.829518
816,Bengkulu,Kabupaten Kaur,Pantai Linau,-6.2297465,106.829518
817,Bengkulu,Kabupaten Kaur,pantai muara manula,-6.2297465,106.829518
818,Bengkulu,Kabupaten Kaur,Pantai muara sekube,-6.2297465,106.829518
819,Bengkulu,Kabupaten Kaur,Pantai Pengubaian,-6.2297465,106.829518
820,Bengkulu,Kabupaten Kaur,Pantai sekunyit,-6.2297465,106.829518
821,Bengkulu,Kabupaten Kaur,Pantai Way Hawang,-6.2297465,106.829518
822,Bengkulu,Kabupaten Kaur,Pnatai Cukoh,-6.2297465,106.829518
823,Bengkulu,Kabupaten Kaur,Rumah Adat pangeran Cungkai,-6.2297465,106.829518
824,Bengkulu,Kabupaten Kaur,situs purbakala jiil/penjara zaman belanda,-6.2297465,106.829518
825,Bengkulu,Kabupaten Kaur,Tangga 1000,-6.2297465,106.829518
826,Bengkulu,Kabupaten Kaur,Tebing bayur resort,-6.2297465,106.829518
827,Bengkulu,Kabupaten Kaur,wisata dahan langit,-6.2297465,106.829518
828,Bengkulu,Kabupaten Kepahiang,ABR rafting kepahiang ,-6.2297465,106.829518
829,Bengkulu,Kabupaten Kepahiang,Air terjun batu kampit.,-6.2297465,106.829518
830,Bengkulu,Kabupaten Kepahiang,Air terjun Curug embun,-6.2297465,106.829518
831,Bengkulu,Kabupaten Kepahiang,Air terjun donok,-6.2297465,106.829518
832,Bengkulu,Kabupaten Kepahiang,Air terjun pipa belanda ,-6.2297465,106.829518
833,Bengkulu,Kabupaten Kepahiang,Air terjun Sengkuang ,-6.2297465,106.829518
834,Bengkulu,Kabupaten Kepahiang,Air terjun terambon ,-6.2297465,106.829518
835,Bengkulu,Kabupaten Kepahiang,Bukit krisyal,-6.2297465,106.829518
836,Bengkulu,Kabupaten Kepahiang,Curug terambob,-6.2297465,106.829518
837,Bengkulu,Kabupaten Kepahiang,Danau suro ilir,-6.2297465,106.829518
838,Bengkulu,Kabupaten Kepahiang,Dharma keti suro bali,-6.2297465,106.829518
839,Bengkulu,Kabupaten Kepahiang,Kolam kancing hala yama lele,-6.2297465,106.829518
840,Bengkulu,Kabupaten Kepahiang,Mountain valley kepahiang ,-6.2297465,106.829518
841,Bengkulu,Kabupaten Kepahiang,Pemandian wahana tirta,-6.2297465,106.829518
842,Bengkulu,Kabupaten Kepahiang,Rio water park,-6.2297465,106.829518
843,Bengkulu,Kabupaten Kepahiang,Rumah adat kepahianh,-6.2297465,106.829518
844,Bengkulu,Kabupaten Kepahiang,Taman konservasi Puspa langka,-6.2297465,106.829518
845,Bengkulu,Kabupaten Kepahiang,Taman kota kepahiang,-6.2297465,106.829518
846,Bengkulu,Kabupaten Kepahiang,Tebing wetan ,-6.2297465,106.829518
847,Bengkulu,Kabupaten Kepahiang,TWA Bukit hitam (Desa air sempiang),-6.2297465,106.829518
848,Bengkulu,Kabupaten Lebong,Air Terjun Paliak,-6.2297465,106.829518
849,Bengkulu,Kabupaten Lebong,Air Terjun Tik Butau,-6.2297465,106.829518
850,Bengkulu,Kabupaten Lebong,DANAU BLUE/DANAU BIRU,-3.229405,102.284646
851,Bengkulu,Kabupaten Lebong,Danau Tes,-6.2297465,106.829518
852,Bengkulu,Kabupaten Lebong,Masjid Agung Sultan Abdullah Lebong,-6.2297465,106.829518
853,Bengkulu,Kabupaten Lebong,PEMANDIAN AIR PANAS DESA TURAN LALANG,-3.203881,102.311486
854,Bengkulu,Kabupaten Lebong,Pulau Harapan,-6.2297465,106.829518
855,Bengkulu,Kabupaten Lebong,Rumah Adat Lebong,-6.2297465,106.829518
856,Bengkulu,Kabupaten Lebong,Taman Smart city karang Nio,-6.2297465,106.829518
857,Bengkulu,Kabupaten Lebong,WATAKE,-3.233703,102.353717
858,Bengkulu,Kabupaten Lebong,WISATA GOA KACAMATA,-3.113258,102.186803
859,Bengkulu,Kabupaten Mukomuko, Danau Nibung  ,-6.2297465,106.829518
860,Bengkulu,Kabupaten Mukomuko,Abadi Water Park,-6.2297465,106.829518
861,Bengkulu,Kabupaten Mukomuko,Air Terjun  Sp4,-6.2297465,106.829518
862,Bengkulu,Kabupaten Mukomuko,Air Terjun Sikai  Atas,-6.2297465,106.829518
863,Bengkulu,Kabupaten Mukomuko,Air Terjun Sikai Bawah,-6.2297465,106.829518
864,Bengkulu,Kabupaten Mukomuko,Air Terjun Sp2,-6.2297465,106.829518
865,Bengkulu,Kabupaten Mukomuko,Air Terjun Talang Baru,-6.2297465,106.829518
866,Bengkulu,Kabupaten Mukomuko,Bukit Persawahan,-6.2297465,106.829518
867,Bengkulu,Kabupaten Mukomuko,Danau Manjunto ,-6.2297465,106.829518
868,Bengkulu,Kabupaten Mukomuko,Danau Telaga Biru,-6.2297465,106.829518
869,Bengkulu,Kabupaten Mukomuko,Desa Wisata Air Rami,-6.2297465,106.829518
870,Bengkulu,Kabupaten Mukomuko,Pantai Batu Badoro Beach,-6.2297465,106.829518
871,Bengkulu,Kabupaten Mukomuko,Pantai Batu Kumbang,-6.2297465,106.829518
872,Bengkulu,Kabupaten Mukomuko,Pantai Pandan Wangi,-6.2297465,106.829518
873,Bengkulu,Kabupaten Mukomuko,Pantai Tepok Merah,-6.2297465,106.829518
874,Bengkulu,Kabupaten Mukomuko,Pantai Wisata Abrasi Ipuh ,-6.2297465,106.829518
875,Bengkulu,Kabupaten Mukomuko,Pariwisata air terjun,-6.2297465,106.829518
876,Bengkulu,Kabupaten Mukomuko,Pondok Danau Teratai,-6.2297465,106.829518
877,Bengkulu,Kabupaten Mukomuko,Terjun Telaga Hijau,-6.2297465,106.829518
878,Bengkulu,Kabupaten Mukomuko,Tirta Surya Makmur,-6.2297465,106.829518
879,Bengkulu,Kabupaten Mukomuko,Wahana Air Argajaya,-6.2297465,106.829518
880,Bengkulu,Kabupaten Mukomuko,Wisata Pantai Agam,-6.2297465,106.829518
881,Bengkulu,Kabupaten Rejang Lebong,AIR TERJUN BATU BETIANG,-6.2297465,106.829518
882,Bengkulu,Kabupaten Rejang Lebong,Air Terjun Tri Sakti,-3.27101,102.42368
883,Bengkulu,Kabupaten Rejang Lebong,Bukit Jjipang,-3.29556,102.35589
884,Bengkulu,Kabupaten Rejang Lebong,D Syandana 88,-3.46214,102.63275
885,Bengkulu,Kabupaten Rejang Lebong,Danau Mas bastari,-3.27116,102.39195
886,Bengkulu,Kabupaten Rejang Lebong,DANAU SURO MANGGI,-6.2297465,106.829518
887,Bengkulu,Kabupaten Rejang Lebong,Family Garden Strowberry,-3.27201,102.34592
888,Bengkulu,Kabupaten Rejang Lebong,GROJOGAN SEWU,-3.484248,102.647664
889,Bengkulu,Kabupaten Rejang Lebong,KEBUN APEL SUNAN,-6.2297465,106.829518
890,Bengkulu,Kabupaten Rejang Lebong,Kebun Jeruk Pak Agan,-6.2297465,106.829518
891,Bengkulu,Kabupaten Rejang Lebong,MATA AIR CAMP,-3.478365397622213,102.6026791768718
892,Bengkulu,Kabupaten Rejang Lebong,PEMANDIAN SUNGAI TROKON,-6.2297465,106.829518
893,Bengkulu,Kabupaten Rejang Lebong,Pesona 88,-3.29372,102.29576
894,Bengkulu,Kabupaten Rejang Lebong,Suban Air Panas,-3.46183,102.56938
895,Bengkulu,Kabupaten Rejang Lebong,Taman Wisata alam bukit kaba,-3.29246,102.38259
896,Bengkulu,Kabupaten Rejang Lebong,UMEAK MENO'O,-6.2297465,106.829518
897,Bengkulu,Kabupaten Rejang Lebong,Wahana Annisa,-6.2297465,106.829518
898,Bengkulu,Kabupaten Rejang Lebong,WATERPARK KALIPADANG,-6.2297465,106.829518
899,Bengkulu,Kabupaten Rejang Lebong,WISATA AGRO DEWI KAYA,-6.2297465,106.829518
900,Bengkulu,Kabupaten Rejang Lebong,Wisata alam Bobo Al Makbul,-3.2719,102.38107
901,Bengkulu,Kabupaten Rejang Lebong,WISATA ALAM HUTAN LINDUNG BUKIT DAUN,-6.2297465,106.829518
902,Bengkulu,Kabupaten Rejang Lebong,WISATA ALAMI TITIK NOL ULU MUSI,-6.2297465,106.829518
903,Bengkulu,Kabupaten Rejang Lebong,Wisata Hutan Madapi TKS,-3.21183,102.28297
904,Bengkulu,Kabupaten Rejang Lebong,Wisata Tebing Suban,-345487,102.56426
905,Bengkulu,Kabupaten Seluma,air terjun batu bekinyau,-6.2297465,106.829518
906,Bengkulu,Kabupaten Seluma,air terjun curup 3 napal jungur,-6.2297465,106.829518
907,Bengkulu,Kabupaten Seluma,air terjun kroya,-6.2297465,106.829518
908,Bengkulu,Kabupaten Seluma,air terjun melancar,-6.2297465,106.829518
909,Bengkulu,Kabupaten Seluma,air terjun ptpn 57,-6.2297465,106.829518
910,Bengkulu,Kabupaten Seluma,air terjun seluma melintang,-6.2297465,106.829518
911,Bengkulu,Kabupaten Seluma,air terjun simpur besar,-6.2297465,106.829518
912,Bengkulu,Kabupaten Seluma,arum jeram,-6.2297465,106.829518
913,Bengkulu,Kabupaten Seluma,batu becumpung,-6.2297465,106.829518
914,Bengkulu,Kabupaten Seluma,bendugan alas,-6.2297465,106.829518
915,Bengkulu,Kabupaten Seluma,bendungan seluma,-6.2297465,106.829518
916,Bengkulu,Kabupaten Seluma,cagar budaya padang periangan,-6.2297465,106.829518
917,Bengkulu,Kabupaten Seluma,cagar budaya puyang penjago,-6.2297465,106.829518
918,Bengkulu,Kabupaten Seluma,cucur ringgit,-6.2297465,106.829518
919,Bengkulu,Kabupaten Seluma,goa lubuk resam,-6.2297465,106.829518
920,Bengkulu,Kabupaten Seluma,jang sekujang,-6.2297465,106.829518
921,Bengkulu,Kabupaten Seluma,Kolam Air Panas,-6.2297465,106.829518
922,Bengkulu,Kabupaten Seluma,kungkai baru,-6.2297465,106.829518
923,Bengkulu,Kabupaten Seluma,makam puyang suban,-6.2297465,106.829518
924,Bengkulu,Kabupaten Seluma,Masjid Baitul Falihin,-6.2297465,106.829518
925,Bengkulu,Kabupaten Seluma,Meriam kuno,-6.2297465,106.829518
926,Bengkulu,Kabupaten Seluma,OTO FAMILY,-6.2297465,106.829518
927,Bengkulu,Kabupaten Seluma,pantai ancol,-6.2297465,106.829518
928,Bengkulu,Kabupaten Seluma,pantai ngalam,-6.2297465,106.829518
929,Bengkulu,Kabupaten Seluma,pantai pandan sari,-6.2297465,106.829518
930,Bengkulu,Kabupaten Seluma,Pantai Pasar Seluma,-6.2297465,106.829518
931,Bengkulu,Kabupaten Seluma,pantai pasar talo,-6.2297465,106.829518
932,Bengkulu,Kabupaten Seluma,patung perjuangan front selatan jenggalu,-6.2297465,106.829518
933,Bengkulu,Kabupaten Seluma,Pemandian Batu Kain Belipat,-6.2297465,106.829518
934,Bengkulu,Kabupaten Seluma,persawahan arang sapat,-6.2297465,106.829518
935,Bengkulu,Kabupaten Seluma,rumah adat seluma,-6.2297465,106.829518
936,Bengkulu,Kabupaten Seluma,rumah pangeran arfan,-6.2297465,106.829518
937,Bengkulu,Kabupaten Seluma,rumah pangeran arpan,-6.2297465,106.829518
938,Bengkulu,Kabupaten Seluma,Suban giri nanto,-6.2297465,106.829518
939,Bengkulu,Kabupaten Seluma,taman buru semidang bukit kabu,-6.2297465,106.829518
940,Bengkulu,Kabupaten Seluma,Taman patung kuda,-6.2297465,106.829518
941,Bengkulu,Kabupaten Seluma,Tebat ratu,-6.2297465,106.829518
942,Bengkulu,Kabupaten Seluma,tebing pematang aur,-6.2297465,106.829518
943,Bengkulu,Kabupaten Seluma,Wisata Batu Besak,-6.2297465,106.829518
944,Bengkulu,Kota Bengkulu,Benteng Marlborough,-3.78706,102.2517
945,Bengkulu,Kota Bengkulu,Berendo Kota Bengkulu,-3.79958,102.25841
946,Bengkulu,Kota Bengkulu,Danau Dendam Tak Sudah,3.79984,102.30747
947,Bengkulu,Kota Bengkulu,Festival Tabut,-3.79001,102.25138
948,Bengkulu,Kota Bengkulu,Kampung Jenggalu Kito,-3.83568,102.29278
949,Bengkulu,Kota Bengkulu,Kampung Nelayan Sejahtera,-3.90307,102.3086
950,Bengkulu,Kota Bengkulu,Kawasan Kampung China,-3.78697,102.25071
951,Bengkulu,Kota Bengkulu,Kawasan Kota Tuo,-3.77265,102.26338
952,Bengkulu,Kota Bengkulu,Kilometer Nol Bengkulu,-3.78639,102.25055
953,Bengkulu,Kota Bengkulu,Makam Inggris,3.79277,102.25339
954,Bengkulu,Kota Bengkulu,Makam Sentot Alibasya,-3.78852,102.26349
955,Bengkulu,Kota Bengkulu,Marien Edu Park,-3.78344,102.25261
956,Bengkulu,Kota Bengkulu,Masjid Jamik,3.79215,102.26244
957,Bengkulu,Kota Bengkulu,Monumen Pejuang  Penjaga Keamanan Rakyat (PKR),-3.77248,102.26338
958,Bengkulu,Kota Bengkulu,Museum Negeri Bengkulu,-3.81544,102.28765
959,Bengkulu,Kota Bengkulu,Pantai Panjang,3.80794,102.26296
960,Bengkulu,Kota Bengkulu,Pantai Pasir Putih,-3.83139,102.2828
961,Bengkulu,Kota Bengkulu,Pantai Zakat,-3.78031,102.26041
962,Bengkulu,Kota Bengkulu,Pulau Tikus,-3.83328,102.17905
963,Bengkulu,Kota Bengkulu,Puncak Kota Bengkulu,-3.8474,102.33898
964,Bengkulu,Kota Bengkulu,Rumah Ibu Fatmawati Soekarno,-3.79832,102.2653
965,Bengkulu,Kota Bengkulu,Rumah Pengasingan Bung Karno,-3.97899,102.07135
966,Bengkulu,Kota Bengkulu,Surau Tanpa Atap,-3.80117,102.25667
967,Bengkulu,Kota Bengkulu,Taman Bonsai,-3.80162,102.2565
968,Bengkulu,Kota Bengkulu,Taman Pantai Berkas,-3.79856,102.25516
969,Bengkulu,Kota Bengkulu,Taman Wisata Edukasi  Queen Aviary,-3.86467,102.36077
970,Bengkulu,Kota Bengkulu,Taman Wisata Pulau Kumayan,-3.80144,102.32736
971,Bengkulu,Kota Bengkulu,Tugu Monumen Thomas Parr,-3.78841,102.25063
972,Bengkulu,Kota Bengkulu,Tugu Robert Hamilton,-3.79777,102.25618
973,Bengkulu,Kota Bengkulu,View Tower,-3.79017,102.2509
974,Bengkulu,Kota Bengkulu,Wahana Yukita,-3.88315,102.32422
975,Bengkulu,Kota Bengkulu,Wisata Bebek Air,-3.78712,102.25169
976,Bengkulu,Kota Bengkulu,Wisata Hutan Mangrove,-3.90282,102.30883
977,Bengkulu,Kota Bengkulu,Wisata Mancing (Sewa Perahu),-3.90306,102.30862
978,Bengkulu,Kota Bengkulu,Wisata Pantai Berkas,-3.79993,102.25409
979,DI Yogyakarta,Kabupaten Bantul,Balong Park,-7.843099135077805,110.41037916902316
980,DI Yogyakarta,Kabupaten Bantul,Bukit Lintang Sewu,-7.915629662770449,110.43662214122838
981,DI Yogyakarta,Kabupaten Bantul,Bukit Panguk Kediwung,-7.958029475733152,110.44075146598819
982,DI Yogyakarta,Kabupaten Bantul,Chocolate Monggo,-7.840371543761571,110.2982253110792
983,DI Yogyakarta,Kabupaten Bantul,Galaxy Water Park,-7.815750705540402,110.41361659666647
984,DI Yogyakarta,Kabupaten Bantul,Goa Cerme,-7.979154415133261,110.38028994044758
985,DI Yogyakarta,Kabupaten Bantul,Goa Selarong,-7.861794240652607,110.31485627010731
986,DI Yogyakarta,Kabupaten Bantul,Grand Puri Water Park,-7.877511125526203,110.35220674507104
987,DI Yogyakarta,Kabupaten Bantul,History of Java Museum,-7.843679690946893,110.3622502698401
988,DI Yogyakarta,Kabupaten Bantul,Jurang Tembelan Kanigoro,-7.939789520430087,110.4298578813301
989,DI Yogyakarta,Kabupaten Bantul,Karst Tubing,-7.8134277453190935,110.27529738529527
990,DI Yogyakarta,Kabupaten Bantul,Kebun Buah Mangunan,-7.938930308386471,110.42916235387679
991,DI Yogyakarta,Kabupaten Bantul,Kids Fun Parks,-7.827654082493579,110.44127401210665
992,DI Yogyakarta,Kabupaten Bantul,Museum Bantul Masa Belanda,-7.918642461870852,110.31953236669541
993,DI Yogyakarta,Kabupaten Bantul,Museum Gumuk Pasir,-8.009283732036552,110.30209862746145
994,DI Yogyakarta,Kabupaten Bantul,Museum Sejarah Purbakala Pleret,-7.868310340827917,110.40529353031862
995,DI Yogyakarta,Kabupaten Bantul,Museum Taman Tino Sidin,-7.799310526102275,110.34502104321015
996,DI Yogyakarta,Kabupaten Bantul,Museum Tani Jawa Indonesia,-7.924187470379599,110.3716071736179
997,DI Yogyakarta,Kabupaten Bantul,Museum Wayang Beber Sekartaji,-7.924518594657259,110.30817815081375
998,DI Yogyakarta,Kabupaten Bantul,Pantai Baru,-7.988002738906247,110.22091153048976
999,DI Yogyakarta,Kabupaten Bantul,Pantai Depok,-8.013031146213931,110.2912791683411
1000,DI Yogyakarta,Kabupaten Bantul,Pantai Gua Cemara,-7.999136127803985,110.24903810048659
1001,DI Yogyakarta,Kabupaten Bantul,Pantai Pandansari,-7.9993719329428465,110.2532931547309
1002,DI Yogyakarta,Kabupaten Bantul,Pantai Parangtritis,-8.023271626889077,110.3296295063376
1003,DI Yogyakarta,Kabupaten Bantul,Pantai Samas,-8.003618223423636,110.27028974639883
1004,DI Yogyakarta,Kabupaten Bantul,Pinus Pengger,-7.871002129016202,110.45954658369999
1005,DI Yogyakarta,Kabupaten Bantul,Pinus Sari,-7.925571381935716,110.43181214297555
1006,DI Yogyakarta,Kabupaten Bantul,Puncak Becici,-7.90181372247015,110.4373645254837
1007,DI Yogyakarta,Kabupaten Bantul,Puncak Sosok,-7.871426698537385,110.42627622550673
1008,DI Yogyakarta,Kabupaten Bantul,Selopamioro Adventure Park,-7.945939839043934,110.42663924265113
1009,DI Yogyakarta,Kabupaten Bantul,Tirta Taman Sari,-7.8813652182899085,110.3395875427131
1010,DI Yogyakarta,Kabupaten Bantul,Watu Goyang,-7.92719606589464,110.41195130646776
1011,DI Yogyakarta,Kabupaten Bantul,Watu Mabur Mangunan,-7.946919084338788,110.44094632640639
1012,DI Yogyakarta,Kabupaten Bantul,Wisata Seribu Batu Songgo Langit,-7.930917742369386,110.43098337217475
1013,DI Yogyakarta,Kabupaten Gunung Kidul,Air Terjun Ngelo,-7.8988873,110.7408511
1014,DI Yogyakarta,Kabupaten Gunung Kidul,Air Terjun Sri Gethuk,-7.9428574,110.4871372
1015,DI Yogyakarta,Kabupaten Gunung Kidul,BKM Waterboom,-7.9473822,110.562062
1016,DI Yogyakarta,Kabupaten Gunung Kidul,Cave Tubing Kalisuci,-8.0096941,110.6367293
1017,DI Yogyakarta,Kabupaten Gunung Kidul,Embung Nglanggeran,-7.8471399,110.5446702
1018,DI Yogyakarta,Kabupaten Gunung Kidul,Geoforest Watu Payung,-7.9743125,110.4342488
1019,DI Yogyakarta,Kabupaten Gunung Kidul,Geosite Ngingrong,-8.0283098,110.5903521
1020,DI Yogyakarta,Kabupaten Gunung Kidul,Goa Pindul,-7.9266681,110.6455612
1021,DI Yogyakarta,Kabupaten Gunung Kidul,Goa Tanding,-7.9316873,110.6325818
1022,DI Yogyakarta,Kabupaten Gunung Kidul,Gunung Api Purba Nglanggeran,-7.841986,110.5393872
1023,DI Yogyakarta,Kabupaten Gunung Kidul,Gunung Gambar,-7.8212026,110.6690051
1024,DI Yogyakarta,Kabupaten Gunung Kidul,Hutan Adat Wonosadi,-7.8240462,110.6796625
1025,DI Yogyakarta,Kabupaten Gunung Kidul,Kolam Renang Kotak Kayu,-7.9697189,110.591282
1026,DI Yogyakarta,Kabupaten Gunung Kidul,Lembah Desa Pulutan,-7.9583267,110.55889
1027,DI Yogyakarta,Kabupaten Gunung Kidul,Pantai Baron,-8.1290174,110.5464972
1028,DI Yogyakarta,Kabupaten Gunung Kidul,Pantai Kukup,-8.1327157,110.5530057
1029,DI Yogyakarta,Kabupaten Gunung Kidul,Pantai Ngobaran,-8.1191118,110.4962861
1030,DI Yogyakarta,Kabupaten Gunung Kidul,Pantai Ngrenehan,-8.1211888,110.5120256
1031,DI Yogyakarta,Kabupaten Gunung Kidul,Pantai Pulangsawal,-8.1507886,110.6103773
1032,DI Yogyakarta,Kabupaten Gunung Kidul,Pantai Sanglen,-8.1367241,110.5628814
1033,DI Yogyakarta,Kabupaten Gunung Kidul,Pantai Wediombo,-8.1872916,110.7096509
1034,DI Yogyakarta,Kabupaten Gunung Kidul,Puncak Segoro,-8.1017457,110.4534129
1035,DI Yogyakarta,Kabupaten Gunung Kidul,Tahura Bunder,-7.9032739,110.5531306
1036,DI Yogyakarta,Kabupaten Gunung Kidul,Telaga Jonge,-8.0110238,110.6231673
1037,DI Yogyakarta,Kabupaten Gunung Kidul,Teras Kaca,-8.1060061,110.460025
1038,DI Yogyakarta,Kabupaten Gunung Kidul,Water Byur,-7.9819152,110.7124424
1039,DI Yogyakarta,Kabupaten Gunung Kidul,Waterboom Watupayung,-7.8622689,110.7350847
1040,DI Yogyakarta,Kabupaten Gunung Kidul,Watu Giring,-7.9970558,110.6264575
1041,DI Yogyakarta,Kabupaten Gunung Kidul,Watugupit Paralayang,-8.0268551,110.3437235
1042,DI Yogyakarta,Kabupaten Gunung Kidul,Wisata Watu Gendong,-7.8381668,110.6631246
1043,DI Yogyakarta,Kabupaten Kulon Progo,Ayunan Langit Watu Jaran,-7.7326107293474395,110.13131745258625
1044,DI Yogyakarta,Kabupaten Kulon Progo,Dolan Deso Boro,-7.6982814123925785,110.2220665973859
1045,DI Yogyakarta,Kabupaten Kulon Progo,Ekowisata Sungai Mudal,-7.762569092518143,110.11617332657796
1046,DI Yogyakarta,Kabupaten Kulon Progo,Goa Kebon,-7.886923384102906,110.18668112622328
1047,DI Yogyakarta,Kabupaten Kulon Progo,Goa Kiskendo,-7.746892076149415,110.1310254262224
1048,DI Yogyakarta,Kabupaten Kulon Progo,Hutan Mangrove Pantai Pasir Kadilangu,-7.894343224034394,110.02879831087823
1049,DI Yogyakarta,Kabupaten Kulon Progo,Kali Biru,-7.806671780770886,110.1291476721218
1050,DI Yogyakarta,Kabupaten Kulon Progo,Kedung Pedut,-7.769785518039627,110.12108142622252
1051,DI Yogyakarta,Kabupaten Kulon Progo,Mangrove Jembatan Api - Api,-7.89459494273113,110.02534163971447
1052,DI Yogyakarta,Kabupaten Kulon Progo,Pantai Bidara,-7.94830294969745,110.15097825046355
1053,DI Yogyakarta,Kabupaten Kulon Progo,Pantai Congot,-7.905659261661933,110.05359115213479
1054,DI Yogyakarta,Kabupaten Kulon Progo,Pantai Glagah,-7.910973111403262,110.0647196294128
1055,DI Yogyakarta,Kabupaten Kulon Progo,Pantai Mlarangan Asri,-7.944709996515105,110.14215370095353
1056,DI Yogyakarta,Kabupaten Kulon Progo,Pantai Trisik,-7.9652338071058315,110.18257812927479
1057,DI Yogyakarta,Kabupaten Kulon Progo,Pule Payung ,-7.799879532521584,110.1239119973865
1058,DI Yogyakarta,Kabupaten Kulon Progo,Puncak 9 Bukit Ngisis,-7.645034384525696,110.14340378400041
1059,DI Yogyakarta,Kabupaten Kulon Progo,Puncak Kleco,-7.712343890552239,110.20452162622226
1060,DI Yogyakarta,Kabupaten Kulon Progo,Puncak Suroloyo,-7.646205491643427,110.18113742925178
1061,DI Yogyakarta,Kabupaten Kulon Progo,Puncak Widosari,-7.6581264145024575,110.14882322599092
1062,DI Yogyakarta,Kabupaten Kulon Progo,Sendangsono,-7.667791336475103,110.22554445505826
1063,DI Yogyakarta,Kabupaten Kulon Progo,Waduk Sermo,-7.821925861147865,110.11728074519492
1064,DI Yogyakarta,Kabupaten Kulon Progo,Wisata Alam Kembangsoka,-7.760622331087413,110.1173246239272
1065,DI Yogyakarta,Kabupaten Sleman, TAMAN PELANGI JOGJA ,-7.7499546,110.3694943
1066,DI Yogyakarta,Kabupaten Sleman,Agro Wisata Bhumi Merapi,-7.6400756,110.4264098
1067,DI Yogyakarta,Kabupaten Sleman,Asram Edupark,-7.7224583,110.3504264
1068,DI Yogyakarta,Kabupaten Sleman,BLUE LAGOON,-7.754572,110.438463
1069,DI Yogyakarta,Kabupaten Sleman,Bukit Klangon,-7.5768966,110.4548266
1070,DI Yogyakarta,Kabupaten Sleman,Bunker Kaliadem Merapi,-7.5829145,110.4451067
1071,DI Yogyakarta,Kabupaten Sleman,Candi Ijo,-7.7838217,110.5093086
1072,DI Yogyakarta,Kabupaten Sleman,Candi Kalasan,-7.7672452,110.4697616
1073,DI Yogyakarta,Kabupaten Sleman,Candi Prambanan,-7.7520206,110.4914674
1074,DI Yogyakarta,Kabupaten Sleman,Candi Sambisari,-7.7624857,110.4444625
1075,DI Yogyakarta,Kabupaten Sleman,Gamplong Studio Alam,-7.8057936,110.2367304
1076,DI Yogyakarta,Kabupaten Sleman,Hyatt Regency Golf,-7.7403258,110.3715934
1077,DI Yogyakarta,Kabupaten Sleman,Kampung Flory Jogja,-7.7214472,110.3456581
1078,DI Yogyakarta,Kabupaten Sleman,Merapi Farma Herbal,-7.6285469,110.425221
1079,DI Yogyakarta,Kabupaten Sleman,Merapi Golf Yogyakarta,-7.6215507,110.4444613
1080,DI Yogyakarta,Kabupaten Sleman,Mini Zoo Jogja Exotarium,-7.7288732,110.3584529
1081,DI Yogyakarta,Kabupaten Sleman,Monumen Yogya Kembali,-7.7495904,110.3696068
1082,DI Yogyakarta,Kabupaten Sleman,Museum Affandi,-7.7828216,110.3960074
1083,DI Yogyakarta,Kabupaten Sleman,"Museum Air ""Water For Life"" Jogja Bay Waterpark",-7.748428,110.4158154
1084,DI Yogyakarta,Kabupaten Sleman,Museum Geoteknologi Mineral,-7.7816997,110.4146097
1085,DI Yogyakarta,Kabupaten Sleman,Museum Gunungapi Merapi,-7.6159219,110.4221442
1086,DI Yogyakarta,Kabupaten Sleman,Museum Mini Sisa Hartaku,-7.6005308,110.4465033
1087,DI Yogyakarta,Kabupaten Sleman,Museum Pendidikan Indonesia,-7.7748096,110.3872015
1088,DI Yogyakarta,Kabupaten Sleman,Museum UGM,-7.7740505,110.377893
1089,DI Yogyakarta,Kabupaten Sleman,Obelix Village - Mini Zoo Jogja,-7.6878934,110.3707686
1090,DI Yogyakarta,Kabupaten Sleman,Omah Salak,-7.6447218,110.3711143
1091,DI Yogyakarta,Kabupaten Sleman,Ratu Boko,-7.7705416,110.4894158
1092,DI Yogyakarta,Kabupaten Sleman,sadasd,-6.2297465,106.829518
1093,DI Yogyakarta,Kabupaten Sleman,Sendang Sombomerti,-7.7719498,110.4183388
1094,DI Yogyakarta,Kabupaten Sleman,Sindu Kusuma Edupark (SKE),-7.7672973,110.3542486
1095,DI Yogyakarta,Kabupaten Sleman,Stonehenge,-7.6024072,110.4295494
1096,DI Yogyakarta,Kabupaten Sleman,Suraloka Interactive Zoo,-7.6075794,110.4215417
1097,DI Yogyakarta,Kabupaten Sleman,Taman Gardu Pandang Merapi,-7.5930086,110.4224189
1098,DI Yogyakarta,Kabupaten Sleman,taman konservasi satoloka,-7.6234026,110.4201381
1099,DI Yogyakarta,Kabupaten Sleman,Taman Pelangi Jogja,-7.7502974,110.3669239
1100,DI Yogyakarta,Kabupaten Sleman,Taman Rekreasi Kaliurang,-7.5977628,110.4147736
1101,DI Yogyakarta,Kabupaten Sleman,Taman Tebing Breksi,-7.7815714,110.502394
1102,DI Yogyakarta,Kabupaten Sleman,TERAS MERAPI,-7.5876903,110.4558767
1103,DI Yogyakarta,Kabupaten Sleman,Ullen Sentalu Museum,-7.5978656,110.4233959
1104,DI Yogyakarta,Kabupaten Sleman,UMBUL SIDOMULYO KALASAN,-7.7700197,110.4767544
1105,DI Yogyakarta,Kabupaten Sleman,Waterboom Jogja,-7.7488717,110.4157017
1106,DI Yogyakarta,Kabupaten Sleman,Wisata Kali Klangsi ,-7.734204,110.3043292
1107,DI Yogyakarta,Kabupaten Sleman,Wisata Lava Merapi dan Batu Alien,-7.6023322,110.4526836
1108,DI Yogyakarta,Kota Yogyakarta,Bebadan Museum Puro Pakualam,-7.8018032,110.1125145
1109,DI Yogyakarta,Kota Yogyakarta,Bendung Lepen,-7.8316615,110.3923232
1110,DI Yogyakarta,Kota Yogyakarta,Bentara Budaya Yogyakarta,-6.2297465,106.829518
1111,DI Yogyakarta,Kota Yogyakarta,Cemeti Institut Untuk Seni dan Masyarakat,-7.8176311,110.362438
1112,DI Yogyakarta,Kota Yogyakarta,Dipowisata Urban Tourism,-7.8105529,110.3704987
1113,DI Yogyakarta,Kota Yogyakarta,Gembira Loka Zoo,-7.8040112,110.3937668
1114,DI Yogyakarta,Kota Yogyakarta,Jogja Gallery,-6.2297465,106.829518
1115,DI Yogyakarta,Kota Yogyakarta,Kampung Wisata Rejowinangun,-7.8152776,110.3823564
1116,DI Yogyakarta,Kota Yogyakarta,Kebun Plasma Nutfah Pisang ,-7.8367421,110.3844241
1117,DI Yogyakarta,Kota Yogyakarta,Kraton Yogyakarta,-7.8052845,110.3642031
1118,DI Yogyakarta,Kota Yogyakarta,Langgeng Art Foundation,-6.2297465,106.829518
1119,DI Yogyakarta,Kota Yogyakarta,Makam Raja Mataram Kotagede,-7.8297825,110.3967682
1120,DI Yogyakarta,Kota Yogyakarta,Museum Benteng Vredeburg YK,-7.800325077681325e15,1.103661525248474e16
1121,DI Yogyakarta,Kota Yogyakarta,Museum Dewantara Kirti Griya,-7.8054385,110.3762832
1122,DI Yogyakarta,Kota Yogyakarta,Museum Dr. Yap Prawirohusodo,-7.780727,110.3728906
1123,DI Yogyakarta,Kota Yogyakarta,Museum Jenderal Sudirman,-7.8023523,110.3754296
1124,DI Yogyakarta,Kota Yogyakarta,Museum Kereta Kraton (Wahanarata),-6.2297465,106.829518
1125,DI Yogyakarta,Kota Yogyakarta,Museum Kotagede ; Intro Living Museum,-7.8263268,110.3898616
1126,DI Yogyakarta,Kota Yogyakarta,Museum Pagelaran,-7.8022995,110.3643835
1127,DI Yogyakarta,Kota Yogyakarta,Museum Pangeran Diponegoro,-7.7865838,110.3492586
1128,DI Yogyakarta,Kota Yogyakarta,Museum Perjuangan Yogyakarta,-7.8164852,110.3696724
1129,DI Yogyakarta,Kota Yogyakarta,Museum Pusat TNI AD Dharma Wiratama,-7.7823725,110.3732285
1130,DI Yogyakarta,Kota Yogyakarta,Museum Sandi,-7.7845496,110.3689661
1131,DI Yogyakarta,Kota Yogyakarta,Museum Sonobudoyo,-7.8022942,110.3621948
1132,DI Yogyakarta,Kota Yogyakarta,Omah Budaya Gallery,-6.2297465,106.829518
1133,DI Yogyakarta,Kota Yogyakarta,Omah Dolan,-6.2297465,106.829518
1134,DI Yogyakarta,Kota Yogyakarta,Taman Pintar Yogyakarta,-7.8011476,110.3654242
1135,DI Yogyakarta,Kota Yogyakarta,Tirtodipuran Link Building A,-6.2297465,106.829518
1136,DI Yogyakarta,Kota Yogyakarta,Tirtodipuran Link Building B,-6.2297465,106.829518
1137,DI Yogyakarta,Kota Yogyakarta,UPT Taman Budaya Yogyakarta,-7.7845342,110.3904599
1138,DI Yogyakarta,Kota Yogyakarta,Wisata Taman Sari,-7.810062,110.3572694
1139,DKI Jakarta,Kabupaten Kepulauan Seribu,AQUARIUM BAWAH LAUT PULAU PUTRI,-5.592868,106.560884
1140,DKI Jakarta,Kabupaten Kepulauan Seribu,Cagar Alam Pulau Bokor,-5.5630918,106.383516
1141,DKI Jakarta,Kabupaten Kepulauan Seribu,Camping Ground,-5.970797,106.701294
1142,DKI Jakarta,Kabupaten Kepulauan Seribu,KAMPUNG JEPANG PANTAI SAKURA,-5.977173,106.710644
1143,DKI Jakarta,Kabupaten Kepulauan Seribu,Kampung Penyu,-5.650266,106.578262
1144,DKI Jakarta,Kabupaten Kepulauan Seribu,KAWASAN PASIR PERAWAN,-5.854736,106.622546
1145,DKI Jakarta,Kabupaten Kepulauan Seribu,MAKAM DARAH PUTIH,-5.740496,106.602865
1146,DKI Jakarta,Kabupaten Kepulauan Seribu,MAKAM KERAMAT PULAU PANJANG ( SULTAN MAULANA MAHMUD ZAKARIA),-5.645804,106.558251
1147,DKI Jakarta,Kabupaten Kepulauan Seribu,Pantai Arsa,-5.978132,106.707458
1148,DKI Jakarta,Kabupaten Kepulauan Seribu,PANTAI BINTANG,-5.862626,106.611995
1149,DKI Jakarta,Kabupaten Kepulauan Seribu,Pantai Rangge,-5.827748,106.607688
1150,DKI Jakarta,Kabupaten Kepulauan Seribu,PELESTARIAN MANGROVE,-5.975146,106.70449
1151,DKI Jakarta,Kabupaten Kepulauan Seribu,PENGEMBANGAN BIOTA LAUT PULAU PARI,-5.862626,106.611995
1152,DKI Jakarta,Kabupaten Kepulauan Seribu,PENGEMBANGAN BIOTA LAUT PULAU UNTUNG JAWA,-5.75146,106.70449
1153,DKI Jakarta,Kabupaten Kepulauan Seribu,Pohon Pengantin,-6.2297465,106.829518
1154,DKI Jakarta,Kabupaten Kepulauan Seribu,PONDOK PELESTARIAN PENYU SISIK PULAU SABIRA,-5.203427,106.462074
1155,DKI Jakarta,Kabupaten Kepulauan Seribu,PUSAT BUDIDAYA DAN KONSERVASI LAUT,-5.4812,106.3124
1156,DKI Jakarta,Kabupaten Kepulauan Seribu,PUSAT BUDIDAYA DAN KONSERVASI LAUT,-5.4812,106.3124
1157,DKI Jakarta,Kabupaten Kepulauan Seribu,RAJA PANDITA,-5.80392,106.528545
1158,DKI Jakarta,Kabupaten Kepulauan Seribu,Saung Bintang,-5.812139,106.533723
1159,DKI Jakarta,Kabupaten Kepulauan Seribu,Saung Cemara Kasih,-5.795698,106.468204
1160,DKI Jakarta,Kabupaten Kepulauan Seribu,Saung Sunset Bahari,-5.795786,106.477926
1161,DKI Jakarta,Kabupaten Kepulauan Seribu,Smiling Coral Indonesia,-5.748271,106.612122
1162,DKI Jakarta,Kabupaten Kepulauan Seribu,SUAKAMARGASATWA PULAU RAMBUT,-5.97721,106.09294
1163,DKI Jakarta,Kabupaten Kepulauan Seribu,TAMAN ARKEOLOGI ONRUST,-6.020037,106.440578
1164,DKI Jakarta,Kabupaten Kepulauan Seribu,TAMAN NASIONAL KEPULAUAN SERIBU,-5.44408,106.26167
1165,DKI Jakarta,Kabupaten Kepulauan Seribu,TAMAN NEMO,-5.976205,106.702603
1166,DKI Jakarta,Kabupaten Kepulauan Seribu,TAMAN NEMO SAKURA,-5.977173,106.710644
1167,DKI Jakarta,Kabupaten Kepulauan Seribu,Water Sport Bayu Samudra,-5.973201,106.702034
1168,DKI Jakarta,Kabupaten Kepulauan Seribu,Water Sport Olive,-5.97456,106.703384
1169,DKI Jakarta,Kota Jakarta Barat,Edokko,-6.18725,106.73892
1170,DKI Jakarta,Kota Jakarta Barat,FunCity,-6.18774,106.73451
1171,DKI Jakarta,Kota Jakarta Barat,FUNWORLD,-6.18878,106.73361
1172,DKI Jakarta,Kota Jakarta Barat,GEDUNG CANDRANAYA,-6.2297465,106.829518
1173,DKI Jakarta,Kota Jakarta Barat,Gereja ,-6.13797,106.81767
1174,DKI Jakarta,Kota Jakarta Barat,gereja,-6.2297465,106.829518
1175,DKI Jakarta,Kota Jakarta Barat,Gereja Santa Maria De Fatima,-6.14356,106.81174
1176,DKI Jakarta,Kota Jakarta Barat,Hutan Kota Kembangan Utara,-6.17011,106.75108
1177,DKI Jakarta,Kota Jakarta Barat,Hutan Kota Rawa Buaya,-6.16691,106.73023
1178,DKI Jakarta,Kota Jakarta Barat,HUTAN KOTA SRENGSENG,-6.2297465,106.829518
1179,DKI Jakarta,Kota Jakarta Barat,"IKAN HIAS, TAMAN HIAS DAN BURUNG",-6.2297465,106.829518
1180,DKI Jakarta,Kota Jakarta Barat,jakarta aquarium & Safari,-6.2297465,106.829518
1181,DKI Jakarta,Kota Jakarta Barat,Jembatan Kota Intan,-6.13094,106.81049
1182,DKI Jakarta,Kota Jakarta Barat,Kidzoona,-6.18768,106.73928
1183,DKI Jakarta,Kota Jakarta Barat,magic art 3d museum,-6.2297465,106.829518
1184,DKI Jakarta,Kota Jakarta Barat,MAKAM PANGERAN WIJAYA KUSUMA,-6.2297465,106.829518
1185,DKI Jakarta,Kota Jakarta Barat,makam tubagus angke,-6.2297465,106.829518
1186,DKI Jakarta,Kota Jakarta Barat,Masjid Jami Angke Al Anwar,-6.14329,106.79589
1187,DKI Jakarta,Kota Jakarta Barat,Masjid Langgar Tinggi ,-6.14142,106.80589
1188,DKI Jakarta,Kota Jakarta Barat,MASJID PEKOJAN,-6.2297465,106.829518
1189,DKI Jakarta,Kota Jakarta Barat,masjid raya khasyim ashari,-6.2297465,106.829518
1190,DKI Jakarta,Kota Jakarta Barat,Museum Bank indonesia,-6.137031,106.812716
1191,DKI Jakarta,Kota Jakarta Barat,Museum Mandiri,-6.13812926547254,106.8133552990158
1192,DKI Jakarta,Kota Jakarta Barat,Museum Sejarah Jakarta ,-6.2297465,106.829518
1193,DKI Jakarta,Kota Jakarta Barat,museum seni rupa dan keramik,-6.2297465,106.829518
1194,DKI Jakarta,Kota Jakarta Barat,museum tekstil,-6.1879814,106.8096475
1195,DKI Jakarta,Kota Jakarta Barat,museum wayang,-6.084925,106.484464
1196,DKI Jakarta,Kota Jakarta Barat,pasar bunga rawabelong,-6.2297465,106.829518
1197,DKI Jakarta,Kota Jakarta Barat,Playfield Bowling,-6.20403,106.75718
1198,DKI Jakarta,Kota Jakarta Barat,Puri XXI,-6.18721,106.73434
1199,DKI Jakarta,Kota Jakarta Barat,Pusat Studi Arsip Statis Kepresidenan ,-6.15356,106.81672
1200,DKI Jakarta,Kota Jakarta Barat,RedBall,-6.13874,106.73231
1201,DKI Jakarta,Kota Jakarta Barat,Saint Moritz XXI,-6.1875363,106.7397737
1202,DKI Jakarta,Kota Jakarta Barat,Sentra Flora Semanan,-6.17494,106.70014
1203,DKI Jakarta,Kota Jakarta Barat,SENTRAL IKAN HIAS SLIPI,-6.193951,106.800273
1204,DKI Jakarta,Kota Jakarta Barat,SKY RINK,-6.2297465,106.829518
1205,DKI Jakarta,Kota Jakarta Barat,Startup Pool & Lounge ,-6.1839,106.75299
1206,DKI Jakarta,Kota Jakarta Barat,TAMAN CAHTEYA,-6.2297465,106.829518
1207,DKI Jakarta,Kota Jakarta Barat,TimeZone,-6.18767,106.73876
1208,DKI Jakarta,Kota Jakarta Barat,Wihara Dharma Bakti,-6.14426,106.81258
1209,DKI Jakarta,Kota Jakarta Pusat, Miniapolis,-6.191343302656039,106.82185203068909
1210,DKI Jakarta,Kota Jakarta Pusat,After Hour,-6.1869526,106.836756
1211,DKI Jakarta,Kota Jakarta Pusat,Bioskop Metropole XXI,-6.200025362470648,106.84378506836215
1212,DKI Jakarta,Kota Jakarta Pusat,CGV Cinemas Grand Indonesia,-6.1947470461957,106.8197034761009
1213,DKI Jakarta,Kota Jakarta Pusat,Cinema XXI,-6.188520565617501,106.82251769772306
1214,DKI Jakarta,Kota Jakarta Pusat,Cinepolis Senayan Park,-6.201336,106.799778
1215,DKI Jakarta,Kota Jakarta Pusat,Djakarta Theater XXI,-6.183751156357348,106.82361703148042
1216,DKI Jakarta,Kota Jakarta Pusat,Galeri Indonesia Kaya,-6.193521229046247,106.81983787833637
1217,DKI Jakarta,Kota Jakarta Pusat,Galeri Nasional Indonesia,-6.178348529441268,106.83318955381131
1218,DKI Jakarta,Kota Jakarta Pusat,Gereja Katedral,-6.169208995476921,106.83307372609882
1219,DKI Jakarta,Kota Jakarta Pusat,KIDZLANDIA,-6.19234,106.819053
1220,DKI Jakarta,Kota Jakarta Pusat,Masjid Agung Sunda Kelapa,-6.201343596427462,106.8321277973365
1221,DKI Jakarta,Kota Jakarta Pusat,Masjid Istiqlal,-6.170159328848481,106.83137926853477
1222,DKI Jakarta,Kota Jakarta Pusat,Masjid Lautze,-6.15893792991519,106.82980054945881
1223,DKI Jakarta,Kota Jakarta Pusat,Masterpiece Legend Style Karaoke Biak Roxy,-6.168260999999992,106.80842357116371
1224,DKI Jakarta,Kota Jakarta Pusat,Monumen Nasional (MONAS),-6.175390870789767,106.82715631284302
1225,DKI Jakarta,Kota Jakarta Pusat,Museum  Jenderal Besar Dr. A. H. Nasution,-6.192603881350031,106.83267522883543
1226,DKI Jakarta,Kota Jakarta Pusat,Museum Joang 45,-6.186054951331288,106.83650190107285
1227,DKI Jakarta,Kota Jakarta Pusat,Museum Kebangkitan Nasional,-6.2297465,106.829518
1228,DKI Jakarta,Kota Jakarta Pusat,Museum Kebangkitan Nasional,-6.178758928784393,106.83796410958257
1229,DKI Jakarta,Kota Jakarta Pusat,Museum Mohammad Husni Thamrin,-6.193553883818069,106.84536121007959
1230,DKI Jakarta,Kota Jakarta Pusat,MUSEUM NASIONAL,-6.176067,106.822544
1231,DKI Jakarta,Kota Jakarta Pusat,Museum Perumusan Naskah Proklamasi,-6.200512995510242,106.83098931508346
1232,DKI Jakarta,Kota Jakarta Pusat,Museum Prasasti,-6.172234762174284,106.81896949737103
1233,DKI Jakarta,Kota Jakarta Pusat,Museum Sasmitaloka Jendral Ahmad Yani,-6.20654,106.837074
1234,DKI Jakarta,Kota Jakarta Pusat,MUSEUM SUMPAH PEMUDA,-6.183852418250256,106.8430712700525
1235,DKI Jakarta,Kota Jakarta Pusat,Perpustakaan Jakarta,-6.185782174314802,106.83801867583085
1236,DKI Jakarta,Kota Jakarta Pusat,Planetarium,-6.189147895089225,106.83976856670412
1237,DKI Jakarta,Kota Jakarta Pusat,POS BLOC JAKARTA,-6.16684825296547,106.8336483562173
1238,DKI Jakarta,Kota Jakarta Pusat,Pusat Kesenian Jakarta Taman Ismail Marzuki,-6.189147929217544,106.83977379726076
1239,DKI Jakarta,Kota Jakarta Pusat,Senayan Avenue by Ottaima,-6.22426369710832,106.79666656836238
1240,DKI Jakarta,Kota Jakarta Pusat,Senayan Golf Studio & Dining	,-6.202019,106.804928
1241,DKI Jakarta,Kota Jakarta Pusat,Taman Lapangan Banteng,-6.170538995517521,106.83502706836198
1242,DKI Jakarta,Kota Jakarta Pusat,TIMEZONE,-6.2064558,106.804241
1243,DKI Jakarta,Kota Jakarta Pusat,Tugu Proklamasi,-6.1991394618482705,106.84744557544991
1244,DKI Jakarta,Kota Jakarta Selatan,Amazing Town,-6.24302,10678297
1245,DKI Jakarta,Kota Jakarta Selatan,Bioskop Gandaria City XXI,-6.24308,106.78312
1246,DKI Jakarta,Kota Jakarta Selatan,KAMPUNG MAIN CIPULIR,-6.2297465,106.829518
1247,DKI Jakarta,Kota Jakarta Selatan,Kampung Wisata Kedung Gede,-6.2297465,106.829518
1248,DKI Jakarta,Kota Jakarta Selatan,Kawasan Perkampungan Budaya Betawi,-6.336787505168739,106.82417853069181
1249,DKI Jakarta,Kota Jakarta Selatan,M Bloc Space,-6.2297465,106.829518
1250,DKI Jakarta,Kota Jakarta Selatan,M7 TACTICAL,-6.2297465,106.829518
1251,DKI Jakarta,Kota Jakarta Selatan,MASJID AGUNG AL-AZHAR,-6.2297465,106.829518
1252,DKI Jakarta,Kota Jakarta Selatan,MASJID PERAHU,-6.2297465,106.829518
1253,DKI Jakarta,Kota Jakarta Selatan,Museum Basoeki Abdullah,-6.28914,106.79326
1254,DKI Jakarta,Kota Jakarta Selatan,MUSEUM DITENGAH KEBUN,-6.2297465,106.829518
1255,DKI Jakarta,Kota Jakarta Selatan,MUSEUM LAYANG-LAYANG INDONESIA,-6.2297465,106.829518
1256,DKI Jakarta,Kota Jakarta Selatan,MUSEUM POLRI,-6.2297465,106.829518
1257,DKI Jakarta,Kota Jakarta Selatan,MUSEUM SATRIA MANDALA,-6.2297465,106.829518
1258,DKI Jakarta,Kota Jakarta Selatan,MUSEUM WASPADA PURBAWISESA,-6.2297465,106.829518
1259,DKI Jakarta,Kota Jakarta Selatan,PLAYPARQ,-6.2297465,106.829518
1260,DKI Jakarta,Kota Jakarta Selatan,Playtopia,-6.24308,106.78387
1261,DKI Jakarta,Kota Jakarta Selatan,SPEEDY KARTING,-6.2297465,106.829518
1262,DKI Jakarta,Kota Jakarta Selatan,TAMAN MARGASATWA RAGUNAN,-6.2297465,106.829518
1263,DKI Jakarta,Kota Jakarta Selatan,Taman Sambas Asri,-6.24739,106.79738
1264,DKI Jakarta,Kota Jakarta Selatan,THE COMMANDER GOLF CILANDAK KKO,-6.2297465,106.829518
1265,DKI Jakarta,Kota Jakarta Timur,Anjungan DKI Jakarta  Taman Mini Indonesia  Indah,-6.2297465,106.829518
1266,DKI Jakarta,Kota Jakarta Timur,Bayt Al-Quran & Museum Istiqlal,-6.2297465,106.829518
1267,DKI Jakarta,Kota Jakarta Timur,Dunia Air Tawar  Dan Serangga,-6.2297465,106.829518
1268,DKI Jakarta,Kota Jakarta Timur,Indonesia Science Center,-6.2297465,106.829518
1269,DKI Jakarta,Kota Jakarta Timur,Jakarta International Equestrian Park,-6.2297465,106.829518
1270,DKI Jakarta,Kota Jakarta Timur,Jakarta International Wall Climbing Park,-6.2297465,106.829518
1271,DKI Jakarta,Kota Jakarta Timur,Kementrian  Komunikasi Dan Informatika,-6.299482,106.893456
1272,DKI Jakarta,Kota Jakarta Timur,Museum Listrik dan Energi Baru,-6.303428,106.904335
1273,DKI Jakarta,Kota Jakarta Timur,Museum Prangko,-6.304149,106.901817
1274,DKI Jakarta,Kota Jakarta Timur,Museum Transportasi,-6.2297465,106.829518
1275,DKI Jakarta,Kota Jakarta Timur,PGC XXI,-6.26235,106.865509
1276,DKI Jakarta,Kota Jakarta Timur,PT. Balai Pustaka,-6.210552,106.861865
1277,DKI Jakarta,Kota Jakarta Timur,Skyworld TMII,-6.2297465,106.829518
1278,DKI Jakarta,Kota Jakarta Timur,Taman Air Tirtamas,-6.241205,106.936372
1279,DKI Jakarta,Kota Jakarta Timur,Taman Benyamin Suaeb,-6.2297465,106.829518
1280,DKI Jakarta,Kota Jakarta Timur,Taman Kelinci Bambu Apus,-6.314411,106.895286
1281,DKI Jakarta,Kota Jakarta Timur,Timezone,-6.270747,106.868732
1282,DKI Jakarta,Kota Jakarta Timur,Wisata Edukasi Pulo Kambing,-6.2297465,106.829518
1283,DKI Jakarta,Kota Jakarta Utara,Afterhour,-6.2297465,106.829518
1284,DKI Jakarta,Kota Jakarta Utara,Afterhour Cikini,-6.2297465,106.829518
1285,DKI Jakarta,Kota Jakarta Utara,Allianz Ecopark ,-6.122743,106.831529
1286,DKI Jakarta,Kota Jakarta Utara,Amazone,-6.2297465,106.829518
1287,DKI Jakarta,Kota Jakarta Utara,Ancol Taman Impian,-6.122743,106.831529
1288,DKI Jakarta,Kota Jakarta Utara,Artha Gading XXI,-6.2297465,106.829518
1289,DKI Jakarta,Kota Jakarta Utara,Artha gading XXI,-6.2297465,106.829518
1290,DKI Jakarta,Kota Jakarta Utara,Bounce Street Asia,-6.2297465,106.829518
1291,DKI Jakarta,Kota Jakarta Utara,Damai Indah Golf,-6.2297465,106.829518
1292,DKI Jakarta,Kota Jakarta Utara,Ereveld Ancol,-6.2297465,106.829518
1293,DKI Jakarta,Kota Jakarta Utara,Flix cinema mall of indonesia,-6.2297465,106.829518
1294,DKI Jakarta,Kota Jakarta Utara,Gondola Ancol,-6.2297465,106.829518
1295,DKI Jakarta,Kota Jakarta Utara,"Greja GPIB Jemaat ""tugu""",-6.2297465,106.829518
1296,DKI Jakarta,Kota Jakarta Utara,Ikatan Keluaraga Besar Tugu (IKBT),-6.2297465,106.829518
1297,DKI Jakarta,Kota Jakarta Utara,Jakarta islamic centre,-6.2297465,106.829518
1298,DKI Jakarta,Kota Jakarta Utara,Kelapa Gading XXI,-6.2297465,106.829518
1299,DKI Jakarta,Kota Jakarta Utara,Kidzooona ,-6.2297465,106.829518
1300,DKI Jakarta,Kota Jakarta Utara,Kidzooona,-6.2297465,106.829518
1301,DKI Jakarta,Kota Jakarta Utara,Koja trade mall XXI,-6.2297465,106.829518
1302,DKI Jakarta,Kota Jakarta Utara,Land of Zoomoov,-6.2297465,106.829518
1303,DKI Jakarta,Kota Jakarta Utara,Makam Mbah Priok,-6.2297465,106.829518
1304,DKI Jakarta,Kota Jakarta Utara,Masjid Aula Al-Alam,-6.2297465,106.829518
1305,DKI Jakarta,Kota Jakarta Utara,Pantjoran PIK,-6.089682096698306,106.74408400073884
1306,DKI Jakarta,Kota Jakarta Utara,Pt.pelindo regional 2 sunda kelapa,-6.2297465,106.829518
1307,DKI Jakarta,Kota Jakarta Utara,Rensyi jane plichiels,-6.2297465,106.829518
1308,DKI Jakarta,Kota Jakarta Utara,SeaWorld Ancol,-6.122743,106.831529
1309,DKI Jakarta,Kota Jakarta Utara,Suaka margasatwa muara angke,-6.115752,106.769174
1310,DKI Jakarta,Kota Jakarta Utara,Taman wisata alam angke kapuk,-6.106413,106.736748
1311,DKI Jakarta,Kota Jakarta Utara,Timezone,-6.2297465,106.829518
1312,Gorontalo,Kabupaten Boalemo,Bukit Seribu Batu,0.6164719,122.5789825
1313,Gorontalo,Kabupaten Boalemo,Kedai Orasawa,0.479246,122.189044
1314,Gorontalo,Kabupaten Boalemo,Kolam Pemancingan Danau Bulalo Potanga,0.503226,122.300648
1315,Gorontalo,Kabupaten Boalemo,Pantai Batu Buaya,0.499745,122.153176
1316,Gorontalo,Kabupaten Boalemo,Pantai Kota Ratu dan Air Terjun,0.509298,122.357541
1317,Gorontalo,Kabupaten Boalemo,Puncak Nawacita,0.507169,122.585161
1318,Gorontalo,Kabupaten Boalemo,Taman Bunga RA,0.708673,122.429533
1319,Gorontalo,Kabupaten Boalemo,Taman Wisata Kuliner Pentadu Barat,0.505359,122.34958
1320,Gorontalo,Kabupaten Boalemo,Tambatan Perahu Pelangi,0.513123,122.346737
1321,Gorontalo,Kabupaten Boalemo,Wisata Kolam Renang Desa Sosial,0.633049,122.581164
1322,Gorontalo,Kabupaten Boalemo,Wisata Pantai Bolihutuo,0.479205,122.19285
1323,Gorontalo,Kabupaten Boalemo,Wisata Pemancingan Rejonegoro,0.62689,122.591341
1324,Gorontalo,Kabupaten Boalemo,Wisata Religi Trirukun,0.725883,122.45817
1325,Gorontalo,Kabupaten Boalemo,Wisata Sawah Kuala Lumpur,0.633866,122.566678
1326,Gorontalo,Kabupaten Bone Bolango,Air Terjun Ilohuuwa,0.370677,123.463421
1327,Gorontalo,Kabupaten Bone Bolango,Air Terjun Lombongo,0.55298,123.186134
1328,Gorontalo,Kabupaten Bone Bolango,Benteng Ulantha,0.556928,123.14315
1329,Gorontalo,Kabupaten Bone Bolango,Botu Motoli'Oluwo,0.753386,123.094712
1330,Gorontalo,Kabupaten Bone Bolango,Bukit Arang,0.606089,123.124546
1331,Gorontalo,Kabupaten Bone Bolango,Bukit Peyapata,0.593434,123.148163
1332,Gorontalo,Kabupaten Bone Bolango,Bumi Cerah (Bucer),0.605551,123.10448
1333,Gorontalo,Kabupaten Bone Bolango,Destinasi Wisata Sejahtera (Deswita),0.590934,123.973451
1334,Gorontalo,Kabupaten Bone Bolango,Ilomata River Camp,0.698895,123.182319
1335,Gorontalo,Kabupaten Bone Bolango,Kurenai Beach Resort,0.478254,123.089903
1336,Gorontalo,Kabupaten Bone Bolango,Pantai Botutonuo Lorong 1,0.450365,123.124341
1337,Gorontalo,Kabupaten Bone Bolango,Pantai Botutonuo Lorong 1,0.450199,123.124445
1338,Gorontalo,Kabupaten Bone Bolango,Pantai Botutonuo Lorong 2,0.45004,123.124953
1339,Gorontalo,Kabupaten Bone Bolango,Pantai Botutonuo Lorong 2,0.449712,123.125066
1340,Gorontalo,Kabupaten Bone Bolango,Pantai Botutonuo Lorong 3,0.448226,123.125991
1341,Gorontalo,Kabupaten Bone Bolango,Pantai Botutonuo Lorong 3,0.449008,123.125683
1342,Gorontalo,Kabupaten Bone Bolango,Pantai Botutonuo Lorong 4,0.446631,123.126633
1343,Gorontalo,Kabupaten Bone Bolango,Pantai Botutonuo Lorong 4,0.448553,123.12613
1344,Gorontalo,Kabupaten Bone Bolango,Pantai Botutonuo Lorong 5,0.448912,123.12549
1345,Gorontalo,Kabupaten Bone Bolango,Pantai Botutonuo Lorong 5,0.446826,123.126449
1346,Gorontalo,Kabupaten Bone Bolango,Pantai Botutonuo Lorong 5,0.446701,123.126424
1347,Gorontalo,Kabupaten Bone Bolango,Pantai Botutonuo Lorong 6,0.445324,123.126516
1348,Gorontalo,Kabupaten Bone Bolango,Pantai Botutonuo Lorong 6,0.445193,123.126455
1349,Gorontalo,Kabupaten Bone Bolango,Pantai Botutonuo Lorong 6,0.445245,123.126491
1350,Gorontalo,Kabupaten Bone Bolango,Pantai Molotabu,0.441592,123.131482
1351,Gorontalo,Kabupaten Bone Bolango,PANTAI NEW EXOTIC ,0.466851,123.107144
1352,Gorontalo,Kabupaten Bone Bolango,Peneluran Maleo Hungoyono,0.505157,123.291481
1353,Gorontalo,Kabupaten Bone Bolango,Puncak Botubarani,0.4764975,123.096039
1354,Gorontalo,Kabupaten Bone Bolango,Puncak Meranti,0.63577,123.1087
1355,Gorontalo,Kabupaten Bone Bolango,SHAVA BEACH RESORT,0.462291,123.114171
1356,Gorontalo,Kabupaten Bone Bolango,Taman Laut Olele,0.411565,123.152707
1357,Gorontalo,Kabupaten Bone Bolango,TAMAN WISATA CIBUTU,0.5605013,123.1336109
1358,Gorontalo,Kabupaten Bone Bolango,Taman Wisata Hiu Paus,0.4774358,123.101006
1359,Gorontalo,Kabupaten Bone Bolango,WAHANA BERMAIN ANAK,0.6021039,123.0751405
1360,Gorontalo,Kabupaten Bone Bolango,Wisata Lombongo,0.547601,123.178192
1361,Gorontalo,Kabupaten Bone Bolango,WISATA PESONA TANJUNG TIHU,0.3676579,123.2168402
1362,Gorontalo,Kabupaten Gorontalo,Air Terjun Bondula,0.815681,122.45058
1363,Gorontalo,Kabupaten Gorontalo,Air Terjun Water Bule,0.728098,123.051976
1364,Gorontalo,Kabupaten Gorontalo,botu kapali river tubing camp,-6.2297465,106.829518
1365,Gorontalo,Kabupaten Gorontalo,bukit proja,-0.6376977,122.9669945
1366,Gorontalo,Kabupaten Gorontalo,d sunset hills,-0.6239567,123.028505
1367,Gorontalo,Kabupaten Gorontalo,Embung Dumati,0.61628,123.042053
1368,Gorontalo,Kabupaten Gorontalo,embung hutadaa,0.575421,123.012108
1369,Gorontalo,Kabupaten Gorontalo,kolam pemandian arfiah,-0.6142289,122.8491033
1370,Gorontalo,Kabupaten Gorontalo,kolam pemandian azzahra,-0.621826,123.0232104
1371,Gorontalo,Kabupaten Gorontalo,kolam renang boliyohuto,-0.689516,122.598009
1372,Gorontalo,Kabupaten Gorontalo,kolam renang pensor,0.615802,123.007365
1373,Gorontalo,Kabupaten Gorontalo,Makam Ta Bala-bala,0.577964,123.026954
1374,Gorontalo,Kabupaten Gorontalo,masjid walima emas,-0.498865,123.029274
1375,Gorontalo,Kabupaten Gorontalo,Menara Pakaya Tower,0.627098,122.97989
1376,Gorontalo,Kabupaten Gorontalo,Museum Pendaratan Sukarno,336,122.5942
1377,Gorontalo,Kabupaten Gorontalo,pantai dulanga,-0.4950604,123.0289049
1378,Gorontalo,Kabupaten Gorontalo,pantai itoduti,-0.490369,122.9707385
1379,Gorontalo,Kabupaten Gorontalo,PANTAI KARANG PUTIH,0.2926,"122,542"
1380,Gorontalo,Kabupaten Gorontalo,Pasambaya River Side,0.67734,123.073513
1381,Gorontalo,Kabupaten Gorontalo,pemandian barakati,-0.6950817,123.0529385
1382,Gorontalo,Kabupaten Gorontalo,pinus dulamayo,-1.7175815,123.0379698
1383,Gorontalo,Kabupaten Gorontalo,pinus mootilango,-0.7442749,122.881331
1384,Gorontalo,Kabupaten Gorontalo,puncak lestari,-0.72019,123.020181
1385,Gorontalo,Kabupaten Gorontalo,Rumah Adat Bandayo Poboide,0.627808,122.980871
1386,Gorontalo,Kabupaten Gorontalo,Rumah Keboen,0.716848,123.039164
1387,Gorontalo,Kabupaten Gorontalo,sauna pentadio resort,0.615952,123.007724
1388,Gorontalo,Kabupaten Gorontalo,Swaka Marga Satwa Nantu,0.786513,122.286433
1389,Gorontalo,Kabupaten Gorontalo,Taman Budaya Limboto,0.627226,122.980633
1390,Gorontalo,Kabupaten Gorontalo,tamendao beach,-0.486342,122.887942
1391,Gorontalo,Kabupaten Gorontalo,tilalohe beach,-0.4888332,122.941732
1392,Gorontalo,Kabupaten Gorontalo,vila desaku,-0.6096045,122.8526892
1393,Gorontalo,Kabupaten Gorontalo,wisata religi bubohu,0.498804,123.0335891
1394,Gorontalo,Kabupaten Gorontalo Utara,Diyonumo Island,0.987995,122.524702
1395,Gorontalo,Kabupaten Gorontalo Utara,Kampung Sawa Lami,0.817682,122.899202
1396,Gorontalo,Kabupaten Gorontalo Utara,Lito Mohinggito,0.926377,122.875773
1397,Gorontalo,Kabupaten Gorontalo Utara,Minanga Beach,0.927161,123.108518
1398,Gorontalo,Kabupaten Gorontalo Utara,Oile Dive Resort,0.958303,122.939245
1399,Gorontalo,Kabupaten Gorontalo Utara,Pantai Monano,0.889445,122.698215
1400,Gorontalo,Kabupaten Gorontalo Utara,Pulau Saronde,0.935036,122.86254
1401,Gorontalo,Kabupaten Gorontalo Utara,Wisata Pantai Botudidingga,0.888156,122.935652
1402,Gorontalo,Kabupaten Pohuwato,Desa Torosiaje,0.470725,121.434475
1403,Gorontalo,Kabupaten Pohuwato,Pantai Lalape,0.495194,121.471499
1404,Gorontalo,Kabupaten Pohuwato,Pantai Libuo,0.468333,122.016715
1405,Gorontalo,Kabupaten Pohuwato,Pantai Pohon Cinta,0.44952,121.948105
1406,Gorontalo,Kota Gorontalo,Benteng Otanaha,-6.2297465,106.829518
1407,Gorontalo,Kota Gorontalo,Kolam Renang Lahilote,-6.2297465,106.829518
1408,Gorontalo,Kota Gorontalo,Pantai Kaisomaru,-6.2297465,106.829518
1409,Gorontalo,Kota Gorontalo,Planet Waterbom,-6.2297465,106.829518
1410,Gorontalo,Kota Gorontalo,Water Boom Tiara Park,-6.2297465,106.829518
1411,Jambi,Kabupaten Batang Hari,KOLAM RENANG BSC (BSC SWIMMING POOL),-1.722634,103.265564
1412,Jambi,Kabupaten Batang Hari,Taman Talang Bukit Berbunga,-1.683438,103.332695
1413,Jambi,Kabupaten Batang Hari,Taman Tapa Malenggang,-1.705916,103.267987
1414,Jambi,Kabupaten Batang Hari,TAMAN WISATA BINTANG TEMBESI,-1.722834,103.144993
1415,Jambi,Kabupaten Batang Hari,Taman Wisata REZA Seribu Payung,-1.595105,103.416722
1416,Jambi,Kabupaten Batang Hari,Taman wisata sungai Bujang,-1.735911,103.292367
1417,Jambi,Kabupaten Batang Hari,WISATA DANAU LETANG,-1.72184,103.258469
1418,Jambi,Kabupaten Bungo,air terjun bidadari,-1.695546,102.807974
1419,Jambi,Kabupaten Bungo,air terjun putri menangis,-1.666444,101.934143
1420,Jambi,Kabupaten Bungo,air terjun rantau pandan,-1.645053,101.935207
1421,Jambi,Kabupaten Bungo,air terjun sungai besar,-1.570231,101.675699
1422,Jambi,Kabupaten Bungo,air terjun teluk angi,-1.58006,101.671786
1423,Jambi,Kabupaten Bungo,ATAYA GARDEN,-6.2297465,106.829518
1424,Jambi,Kabupaten Bungo,danau cinto,-1.69562,101.808036
1425,Jambi,Kabupaten Bungo,danau cinto,-1.695546,102.807974
1426,Jambi,Kabupaten Bungo,green aquatic park,-1.484035,102.114972
1427,Jambi,Kabupaten Bungo,gunung puhong,-1.695641,101.808001
1428,Jambi,Kabupaten Bungo,lubuk beringin,-1.711175,101.866444
1429,Jambi,Kabupaten Bungo,lubuk larang tepian lamo,-1.639952,101.935735
1430,Jambi,Kabupaten Bungo,mora garden,-1.500998,102.125818
1431,Jambi,Kabupaten Bungo,museum juang,-1.482135,102.117999
1432,Jambi,Kabupaten Bungo,SEMAGI WATER BOOM,-6.2297465,106.829518
1433,Jambi,Kabupaten Bungo,taliba garden,-1.480278,102.254976
1434,Jambi,Kabupaten Bungo,taman angso duo,-1.4871,102.113687
1435,Jambi,Kabupaten Bungo,Taman Babusek Ayek ,-1.500533,102.157314
1436,Jambi,Kabupaten Bungo,taman pedestrian anak-anak,-1.493231,101.11803
1437,Jambi,Kabupaten Bungo,TAMAN PERUMNAS,-1.513976,102.126155
1438,Jambi,Kabupaten Bungo,taman pusparagam,-1.481694,102.11874
1439,Jambi,Kabupaten Bungo,taman sri soedewi,-1.493101,102.116449
1440,Jambi,Kabupaten Bungo,taman utaka sanak,-1.509237,102.12507
1441,Jambi,Kabupaten Bungo,tampoenek,-1.515562,102.118336
1442,Jambi,Kabupaten Bungo,tepian rajo,-1.695455,101.807672
1443,Jambi,Kabupaten Bungo,tepian rajo,-1.695641,101.808001
1444,Jambi,Kabupaten Bungo,tugu Al-Quran,-1.523613,102.119652
1445,Jambi,Kabupaten Kerinci,AGRO WISATA DURIAN MONTONG,-2.224076,101.529625
1446,Jambi,Kabupaten Kerinci,AIR PANAS SEMURUP,-2.007069,101.377521
1447,Jambi,Kabupaten Kerinci,AIR PANAS SUNGAI MEDANG,-2.010326,101.415308
1448,Jambi,Kabupaten Kerinci,AIR TERJUN NYAI MEH KUPAK,-2.2543,101.561296
1449,Jambi,Kabupaten Kerinci,AIR TERJUN PANCARO RAYO,-2.184923,101.438844
1450,Jambi,Kabupaten Kerinci,AIR TERJUN PENDUNG,-1.977078,101.380765
1451,Jambi,Kabupaten Kerinci,AIR TERJUN PUTRI BUNGSU,-2.008967,101.41718
1452,Jambi,Kabupaten Kerinci,AIR TERJUN TELUN BERASAP,-1.688367,101.339628
1453,Jambi,Kabupaten Kerinci,AROMA PECCO,-1.801248,101.27299
1454,Jambi,Kabupaten Kerinci,AYI TAPSUD,-1.805476,101.301106
1455,Jambi,Kabupaten Kerinci,DANAU BELIBIS,-1.740937,101.242985
1456,Jambi,Kabupaten Kerinci,DANAU DUO,-2.182442,101.335013
1457,Jambi,Kabupaten Kerinci,DANAU GUNUNG TUJUH,-1.718593,101.361263
1458,Jambi,Kabupaten Kerinci,DANAU KACO,-2.326589,101.539923
1459,Jambi,Kabupaten Kerinci,DANAU KERINCI,-2.126912,101.522957
1460,Jambi,Kabupaten Kerinci,DANAU LINGKAT,-2.268381,101.54668
1461,Jambi,Kabupaten Kerinci,GUNUNG KERINCI,-1.767552,101.268815
1462,Jambi,Kabupaten Kerinci,JEMBATAN MUARA KASIH,-2.1045,101.3013
1463,Jambi,Kabupaten Kerinci,KAWASAN WISATA GUNUNG TELASIH,-2.014541,101.335454
1464,Jambi,Kabupaten Kerinci,KOLAM PEMANDIAN RABIAH BULAN,-2.224802,101.530726
1465,Jambi,Kabupaten Kerinci,KOLAM RENANG AIR PANAS TAMAN MATAHARI,-2.024604,101.429216
1466,Jambi,Kabupaten Kerinci,Mesjid Keramat Pulau Tengah,-2.170178,1061.46696
1467,Jambi,Kabupaten Kerinci,MOSEUM KERINCI,-2.127412,101.523525
1468,Jambi,Kabupaten Kerinci,MUARO ALAM SUNGAI KELUANG,-1.770607,101.331395
1469,Jambi,Kabupaten Kerinci,PANORAMA TIRAI EMBUN,-1.867113,101.326072
1470,Jambi,Kabupaten Kerinci,PANTAI INDAH KOTO PETAI,-2.124622,101.479445
1471,Jambi,Kabupaten Kerinci,PANTAI INDAH RATU SIGINDO KUNING,-2.119462,101.499251
1472,Jambi,Kabupaten Kerinci,PEMANDIAN AIR PANAS ALAM SUNGAI MEDANG,-2.010369,101.415122
1473,Jambi,Kabupaten Kerinci,PEMANDIAN ALAM JEMBATAN AIR,-2.175691,101.454946
1474,Jambi,Kabupaten Kerinci,SITUS BATU RAJA,-2.170126,101.46167
1475,Jambi,Kabupaten Kerinci,TAMAN AGRO WISATA HUTAN PINUS,-2.2113651,101.503732
1476,Jambi,Kabupaten Kerinci,TAMAN AYLA,-1.932421,101.33438
1477,Jambi,Kabupaten Kerinci,TAMAN BUAH BATU GEDE,-1.841896,101.261622
1478,Jambi,Kabupaten Kerinci,TAMAN MELATI AZZAHRA,-2.124366,101.469572
1479,Jambi,Kabupaten Kerinci,Taman Orange,-2.15752,101.53093
1480,Jambi,Kabupaten Kerinci,TAMAN PUTRI TUNGGAL,-2.014987,101.363857
1481,Jambi,Kabupaten Kerinci,TAMAN STRAWBERY ALAM RAYA,-1.693217,101.344937
1482,Jambi,Kabupaten Kerinci,TAMAN SURYA EMAS NUSANTARA (SEN),-2.155078,101.53007
1483,Jambi,Kabupaten Kerinci,TAMAN WISATA CAMPING GROUND DANAU TINGGI,-1.857318,101.344084
1484,Jambi,Kabupaten Kerinci,TAMAN WISATA JIARE,-2.124825,101.525208
1485,Jambi,Kabupaten Kerinci,TAMAN WISATA MUARO DUO,-2.178612,101.513345
1486,Jambi,Kabupaten Kerinci,TAMAN WISATA PUTIAYU MARYAM,-2.247328,101.54735
1487,Jambi,Kabupaten Kerinci,TAMAN WISATA SUNGAI PANDA,-1.776144,101.316825
1488,Jambi,Kabupaten Kerinci,WISATA HUTAN BAMBU,-2.10375,101.4573
1489,Jambi,Kabupaten Kerinci,WISATA TUBBING SUNGAI BUAI,-2.170096,101.462949
1490,Jambi,Kabupaten Merangin,AGRO WISATA BUAH FIRDAUS,-2.087224,102.329134
1491,Jambi,Kabupaten Merangin,AIR BATU RIVER,-2.172241,102.124423
1492,Jambi,Kabupaten Merangin,AIR TERJUN MATRA ATIKA JAYA,-2.21021,102.201099
1493,Jambi,Kabupaten Merangin,AIR TERJUN MUARA KARING,-2.151494,102.15346
1494,Jambi,Kabupaten Merangin,AIR TERJUN MUKUS,-2.366311,101.937481
1495,Jambi,Kabupaten Merangin,AIR TERJUN NENG NONG,-2.17429,102.137615
1496,Jambi,Kabupaten Merangin,AIR TERJUN SERINTIK HUJAN PANEH,-2.352156,102.001386
1497,Jambi,Kabupaten Merangin,AIR TERJUN SIGERINCING,-2.375151,101.907548
1498,Jambi,Kabupaten Merangin,ARBORETUM RIO ALIF,-2.057899,102.321224
1499,Jambi,Kabupaten Merangin,ARUNG JERAM 2 SAHABAT,-2.174345,102.133218
1500,Jambi,Kabupaten Merangin,DANAU DEPATI IV,-2.584396,101.750351
1501,Jambi,Kabupaten Merangin,DANAU PAUH,-2.566594,101.826945
1502,Jambi,Kabupaten Merangin,EMBUNG GREEN HILLS,-1.986439,102.410922
1503,Jambi,Kabupaten Merangin,GOA TIANGKO,-2.092329,101.982278
1504,Jambi,Kabupaten Merangin,HUTAN ADAT DEPATI KARO JAYO TUO,-2.586069,101.75567
1505,Jambi,Kabupaten Merangin,JALUR PENDAKIAN GUNUNG MASURAI VIA SUNGAI LALANG,-2.47059,101.824264
1506,Jambi,Kabupaten Merangin,KEBUN STRAWBERRY TIGA SAUDARA,-2.533885,101.818936
1507,Jambi,Kabupaten Merangin,KEPROK LIMA-LIMA RENAH ALAI,-2.53915,101.82086
1508,Jambi,Kabupaten Merangin,MERANGIN GARDEN,-2.048318,102.298891
1509,Jambi,Kabupaten Merangin,PEMANDIAN ALAMI PULAU BATU,-2.368658,101.968642
1510,Jambi,Kabupaten Merangin,RUMAH TUO RANTAU PANJANG,-1.846415,102.305135
1511,Jambi,Kabupaten Merangin,SIKUMBANG WATERPARK,-2.07366,102.265017
1512,Jambi,Kabupaten Merangin,TAMAN BURUNG BUKIT TIUNG,-2.073066,102.275837
1513,Jambi,Kabupaten Merangin,TAMAN LUBUK PELAYANG,-2.074159,102.245828
1514,Jambi,Kabupaten Merangin,TAMAN SITI RAHMAH,-2.178538,102.110628
1515,Jambi,Kabupaten Merangin,TUBING MENGKARANG PURBA,-2.194916,102.202562
1516,Jambi,Kabupaten Merangin,TUBING PULAU TENGAH WATER TOURS,-2.617569,101.872459
1517,Jambi,Kabupaten Merangin,WATER BOOM FAMILY ABADI,-2.072432,102.436564
1518,Jambi,Kabupaten Merangin,WATERBOOM MARGO INDAH,-1.887397,102.35886
1519,Jambi,Kabupaten Muaro Jambi,Agrowisata Nanas,-1.617792,103.702014
1520,Jambi,Kabupaten Muaro Jambi,Alam Sebapo,-1.77559,103.561427
1521,Jambi,Kabupaten Muaro Jambi,Candi Muaro Jambi,-1.2852586,103.3954691
1522,Jambi,Kabupaten Muaro Jambi,Danau Bata Tangkit,-1.674372,103.69776
1523,Jambi,Kabupaten Muaro Jambi,Dewi Rebung Lama Lara,-1.553042,103.521865
1524,Jambi,Kabupaten Muaro Jambi,Gelam Oasis,-1.700822,103.730891
1525,Jambi,Kabupaten Muaro Jambi,Jambi Paradise,-1.669967,103.65091
1526,Jambi,Kabupaten Muaro Jambi,Kolam Renang Marene Village,-1.605628,103.664622
1527,Jambi,Kabupaten Muaro Jambi,Kolam Renang Mila Jaya,-1.968963,103.433827
1528,Jambi,Kabupaten Muaro Jambi,Kolam Wisata Pancing Sungai Duren,-1.583075,103.508414
1529,Jambi,Kabupaten Muaro Jambi,Lubuk Penyegat,-1.492422,103.630714
1530,Jambi,Kabupaten Muaro Jambi,Lubuk Snanit,-1.674149,103.440802
1531,Jambi,Kabupaten Muaro Jambi,TAMAN ACI (Alam Citra Indah),-1.57949,103.686845
1532,Jambi,Kabupaten Muaro Jambi,Taman Sakat Lebung Panjang,-1.501093,103.608314
1533,Jambi,Kabupaten Muaro Jambi,Taman Sungai Simpur,-1.49111,"103,633"
1534,Jambi,Kabupaten Muaro Jambi,Taman Wisata Air Kito,-1.672552,103.574159
1535,Jambi,Kabupaten Muaro Jambi,WDB,-1.989318,103.486128
1536,Jambi,Kabupaten Muaro Jambi,Wisata Danau Tangkas,-1.470132,103.408456
1537,Jambi,Kabupaten Muaro Jambi,Wisata Sungai Napal Jiran,-1.689997,103.453945
1538,Jambi,Kabupaten Muaro Jambi,World of Water Park,-1.637108,103.511529
1539,Jambi,Kabupaten Sarolangun,Air Terjun Calau Langit ,-2.676901,102.223099
1540,Jambi,Kabupaten Sarolangun,AIR TERJUN NARSO,-2.589398,102.180969
1541,Jambi,Kabupaten Sarolangun,AIR TERJUN SUNGAI KERADAK ,-2.572755,102.171857
1542,Jambi,Kabupaten Sarolangun,Air Terjun Telun Tujuh,-2.265494,102.690533
1543,Jambi,Kabupaten Sarolangun,Aqua Splash Waterboom,-2.45572,102.713212
1544,Jambi,Kabupaten Sarolangun,Arung Jeram Tanjung Menanti,-2.729746,102.829518
1545,Jambi,Kabupaten Sarolangun,BUKIT CERULING,-2.572101,102.169953
1546,Jambi,Kabupaten Sarolangun,Bukit Tempurung Garden,-1.39882,102.02694
1547,Jambi,Kabupaten Sarolangun,BUKIT TEMULUN,-2.2297465,106.829518
1548,Jambi,Kabupaten Sarolangun,CAMPING GROUND,-2.572755,102.171857
1549,Jambi,Kabupaten Sarolangun,DAM AYIK MUAP,-2.002206,102.708043
1550,Jambi,Kabupaten Sarolangun,DANAU KACO SUNGAI KERADAK,-2.572755,102.171857
1551,Jambi,Kabupaten Sarolangun,Embung Beluru ,-2.132951,102.822442
1552,Jambi,Kabupaten Sarolangun,GARAM INUM SUNGAI KERADAK,-2.572755,102.171855
1553,Jambi,Kabupaten Sarolangun,Goa Calow Petak,-2.233672,102.687452
1554,Jambi,Kabupaten Sarolangun,RIVER TUBING SUNGAI KERADAK,-2.572755,102.171857
1555,Jambi,Kabupaten Sarolangun,Sungai Batu Putih,-2.486847,102.668212
1556,Jambi,Kabupaten Sarolangun,Telun Mombung,-2.568696,102.289131
1557,Jambi,Kabupaten Sarolangun,Telun Sakti Muaro Seluro,-2.497382,102.292898
1558,Jambi,Kabupaten Sarolangun,Waterpark ABC Singkut,-2.508644,102.712451
1559,Jambi,Kabupaten Sarolangun,WISATA BATU EMPANG,-2.676901,102.223099
1560,Jambi,Kabupaten Tanjung Jabung Barat,AIR TERJUN CALISTA ,-1.18816,102.948391
1561,Jambi,Kabupaten Tanjung Jabung Barat,BALAI ADAT,-0.841414,103.43509
1562,Jambi,Kabupaten Tanjung Jabung Barat,DESA DELIMA,-1.064174,103.195764
1563,Jambi,Kabupaten Tanjung Jabung Barat,EKOWISATA SUKAREJO ,-0.970994,103.376005
1564,Jambi,Kabupaten Tanjung Jabung Barat,EMBUNG BINA LESTARI,-1.07116,103.390828
1565,Jambi,Kabupaten Tanjung Jabung Barat,EMBUNG WISATA DESA MUNTIALO,-1.071213,103.39109
1566,Jambi,Kabupaten Tanjung Jabung Barat,HUTAN MANGROVE,-0.826696,103.543972
1567,Jambi,Kabupaten Tanjung Jabung Barat,HUTAN MANGROVE,-0.826696,103.543972
1568,Jambi,Kabupaten Tanjung Jabung Barat,HUTAN MANGROVE PANGKAL BABU,-0.826204,103.545383
1569,Jambi,Kabupaten Tanjung Jabung Barat,KAWASAN WISATA DESA PEMATANG BULUH,-1.080068,103.356607
1570,Jambi,Kabupaten Tanjung Jabung Barat,KLENTENG KWANG KONG BIO,-0.841137,103.441975
1571,Jambi,Kabupaten Tanjung Jabung Barat,KOLAM RENANG BERKAH,-1.138115,103.06552
1572,Jambi,Kabupaten Tanjung Jabung Barat,LAMAN ORANG KAYO RAJO LAKSAMANO ,-0.825908,103.461922
1573,Jambi,Kabupaten Tanjung Jabung Barat,LUBUK PARADISE,-1.132401,103.37946
1574,Jambi,Kabupaten Tanjung Jabung Barat,MAKAM PAHLWAN YUDHA SATRIA PENGABUAN,-0.843943,103.42662
1575,Jambi,Kabupaten Tanjung Jabung Barat,MAKAM SYECH MUHAMMAD ALI,-0.833577,103.451317
1576,Jambi,Kabupaten Tanjung Jabung Barat,MASJID SURYAH KHAIRUDIN MERLUNG ,-1.260795,103.05196
1577,Jambi,Kabupaten Tanjung Jabung Barat,TAMAN LAYAK ANAK PARIT 1,-0.816386,103.456869
1578,Jambi,Kabupaten Tanjung Jabung Barat,TAMAN LAYAK ANAK PARIT 1,-0.816386,103.456869
1579,Jambi,Kabupaten Tanjung Jabung Barat,TAMAN PKK,-0.8169,103.459784
1580,Jambi,Kabupaten Tanjung Jabung Barat,Titian Orang Kayo Mustiko Rajo Alam (WFC),-0.812001,103.460767
1581,Jambi,Kabupaten Tanjung Jabung Barat,WISATA BUKIT BATU SUBAN,-1.03953,102.936645
1582,Jambi,Kabupaten Tanjung Jabung Barat,WISATA SAWAH SRI AGUNG,-1.039516,102.936656
1583,Jambi,Kabupaten Tanjung Jabung Timur,AGRO WISATA KTM,-1.278811,103.733271
1584,Jambi,Kabupaten Tanjung Jabung Timur,AGROWISATA  MARGA MULYA,-1.22,104.05
1585,Jambi,Kabupaten Tanjung Jabung Timur,ANCOL SABAK,-1.127959,103.85023
1586,Jambi,Kabupaten Tanjung Jabung Timur,Argoduwisata ktm geragai,-6.2297465,106.829518
1587,Jambi,Kabupaten Tanjung Jabung Timur,EMBUNG PELANGI,-1.2773196,103.7233054
1588,Jambi,Kabupaten Tanjung Jabung Timur,KAMPOENG RATOE,-1.214568,103.797777
1589,Jambi,Kabupaten Tanjung Jabung Timur,kampoeng ratoe waterboom,-6.2297465,106.829518
1590,Jambi,Kabupaten Tanjung Jabung Timur,kampung wisata cinta bahari,-1.039081,103.811736
1591,Jambi,Kabupaten Tanjung Jabung Timur,makam orang kayo hitam,-1.281879989660984,104.0820663794
1592,Jambi,Kabupaten Tanjung Jabung Timur,makam orang kayo pinggai,-1.2717802930517283,104.08012680709362
1593,Jambi,Kabupaten Tanjung Jabung Timur,pantai air hitam laut,-1.191015,104.2626236
1594,Jambi,Kabupaten Tanjung Jabung Timur,pantai cemara,-1.250202,104.2724073
1595,Jambi,Kabupaten Tanjung Jabung Timur,pasir hitam remau baku tuo,-6.2297465,106.829518
1596,Jambi,Kabupaten Tanjung Jabung Timur,SELARAS PINANG MASAK,-1.14,103.85
1597,Jambi,Kabupaten Tanjung Jabung Timur,TAMAN BUPATI,-1.20545,103.790578
1598,Jambi,Kabupaten Tanjung Jabung Timur,TAMAN MESJID RAYA,-1.204255,103.787762
1599,Jambi,Kabupaten Tanjung Jabung Timur,Taman Nasional berbak,-1.2868651,104.2395942
1600,Jambi,Kabupaten Tanjung Jabung Timur,Taman selaras pinang masak,-1.120194,102.829518
1601,Jambi,Kabupaten Tanjung Jabung Timur,TAMAN TANJAB TIMUR,-1.205926,103.789791
1602,Jambi,Kabupaten Tanjung Jabung Timur,WISATA BAHARI,-1.034182,103.811132
1603,Jambi,Kabupaten Tanjung Jabung Timur,WISATA RUMAH POHON,-1.038978,103.811859
1604,Jambi,Kabupaten Tanjung Jabung Timur,WISATA TAMAN DPRD,-1.209282,103.791294
1605,Jambi,Kabupaten Tanjung Jabung Timur,WISATA TAMAN GOR,-1.238218,103.823222
1606,Jambi,Kabupaten Tanjung Jabung Timur,WISATA TAMAN KEJAKSAAN,-1.208532,103.792526
1607,Jambi,Kabupaten Tanjung Jabung Timur,WISATA TAMAN LALU LINTAS,-1.208094,103.789513
1608,Jambi,Kabupaten Tanjung Jabung Timur,WISATA TAMAN MENDERANG,-1.202647,103.782499
1609,Jambi,Kabupaten Tanjung Jabung Timur,WISATA TAMAN PERKANTORAN,-1.209039,103.794234
1610,Jambi,Kabupaten Tanjung Jabung Timur,WISATA TAMAN RAKYAT,-1.2093,103.791284
1611,Jambi,Kabupaten Tanjung Jabung Timur,WISATA TAMAN SP TANJUNG,-1.208402,103.789808
1612,Jambi,Kabupaten Tanjung Jabung Timur,ZABAK SIRKUIT,-1.256644,103.800102
1613,Jambi,Kabupaten Tebo,Air Terjun Pademan,-1.283528,102.676968
1614,Jambi,Kabupaten Tebo,Candi Tuo Sumay,-1.375955,102.435497
1615,Jambi,Kabupaten Tebo,Danau Riak Tebakang,-1.168586,102.141099
1616,Jambi,Kabupaten Tebo,DANAU SIGOMBAK,-1.375136,102.323407
1617,Jambi,Kabupaten Tebo,Danau Sigombak,-1.372792,102.324565
1618,Jambi,Kabupaten Tebo,Jembatan jihan ,-1.56199,102.667232
1619,Jambi,Kabupaten Tebo,Kepungo Lake,-1.168485,102.141088
1620,Jambi,Kabupaten Tebo,KOLAM RENANG BAROKAH JAYA,-1.47306,102.449021
1621,Jambi,Kabupaten Tebo,Kolam Renang Iliyan,-1.310106,102.196457
1622,Jambi,Kabupaten Tebo,KOLAM RENANG SANGGAR RATNA,-1.312701,102.093008
1623,Jambi,Kabupaten Tebo,Kolam Renang Sanggar Ratna,-1.312721,102.09303
1624,Jambi,Kabupaten Tebo,KOLAM RENANG ZEE YOUNG,-1.540598,102.72274
1625,Jambi,Kabupaten Tebo,Makam Haji Ahmad,-1.19404,102.170454
1626,Jambi,Kabupaten Tebo,Makam sultan thaha,-1.490784,102.443234
1627,Jambi,Kabupaten Tebo,PEMANDIAN AIR PANAS,-1.52857,102.734045
1628,Jambi,Kabupaten Tebo,PEMANDIAN AIR PANAS,-1.52285,102734014
1629,Jambi,Kabupaten Tebo,PIKG (pusat informasi dan konservasi gajah) ,-1.252374,102.468306
1630,Jambi,Kabupaten Tebo,Rivera Park,-1.248224,102.143574
1631,Jambi,Kabupaten Tebo,Sungai Anii,-1.385803,102.162306
1632,Jambi,Kabupaten Tebo,Taman muara langli ,-1.558308,102.658458
1633,Jambi,Kabupaten Tebo,TAMAN MUARO LANGLI,-1.558461,102.658761
1634,Jambi,Kabupaten Tebo,Taman Rimbo Wisata Al-Inayah,-1.280662,102.112336
1635,Jambi,Kabupaten Tebo,TAMAN TANGGO RAJO,-1.491336,102.445559
1636,Jambi,Kabupaten Tebo,Taman Tanggo Rajo,-1.49059,102.443808
1637,Jambi,Kabupaten Tebo,Tebat Koto Jayo,-1.168025,102.01068
1638,Jambi,Kabupaten Tebo,TRW AL-INAYAH,-1.280497,102.112616
1639,Jambi,Kabupaten Tebo,Water Byurr,-1.463189,102.430182
1640,Jambi,Kabupaten Tebo,Water zone ,-1.464255,102.4157
1641,Jambi,Kota Jambi,Bang Raden Nursery,-1.603608,103.626019
1642,Jambi,Kota Jambi,Candi Solok Sipin,-1.594108,103.601878
1643,Jambi,Kota Jambi,Hutan Kota M. Sabki,-1.655111,103.585372
1644,Jambi,Kota Jambi,Kampoeng Organik,-1.649763,103.654669
1645,Jambi,Kota Jambi,Kampoeng Raja,-1.633956,103.54869
1646,Jambi,Kota Jambi,Kolam Renang Mayang Club House,-1.639931,103.577772
1647,Jambi,Kota Jambi,Kolam Renang PWK Pasir Putih,-1.618929,103.63889
1648,Jambi,Kota Jambi,Kolam Renang Sungai Sawang,-1.62993,103.591221
1649,Jambi,Kota Jambi,Kolam Renang Telago Ratu,-1.627571,103.609837
1650,Jambi,Kota Jambi,LK Koperasi Taman Rimba,-1.62753,103.6455
1651,Jambi,Kota Jambi,Makam Keramat Tambak,-1.573827,103.620489
1652,Jambi,Kota Jambi,Makam Pahlawan Satria Bahkti,-1.608195,103.621939
1653,Jambi,Kota Jambi,Makam Pangeran Wirokusumo,-1.584384,103.602812
1654,Jambi,Kota Jambi,Masjid Agung Al-Falah,-1.595102,103.608083
1655,Jambi,Kota Jambi,Masjid Muhammad Chong Hoo,-1.647541,103.594947
1656,Jambi,Kota Jambi,Museum Gentala Arasy,-1.58481,103.61402
1657,Jambi,Kota Jambi,Museum Perjuangan Rakyat Jambi,-1.596329,103.606641
1658,Jambi,Kota Jambi,Museum Siginjei,-1.610398,103.59618
1659,Jambi,Kota Jambi,Rest Area Danau Sipin,-1.602773,103.586796
1660,Jambi,Kota Jambi,Rumah Batu Olak Kemang,-1.585318,103.599712
1661,Jambi,Kota Jambi,Taman Anggrek Sri Soedewi,-1.606307,103.583224
1662,Jambi,Kota Jambi,Taman Arena Remaja,-1.633949,103.612366
1663,Jambi,Kota Jambi,Taman Hutan Kenali Pal XI,-1.67326,103.592018
1664,Jambi,Kota Jambi,Taman Kongkow,-1.639901,103.621752
1665,Jambi,Kota Jambi,Wisata Pulau Kembang,-1.61101,103.596001
1666,Jambi,Kota Sungai Penuh,Air Terjun Tigo Beradik,-2.095935,101.406719
1667,Jambi,Kota Sungai Penuh,Aura Taman Bunga,-2.151602,101.396592
1668,Jambi,Kota Sungai Penuh,Bahoeng Basilao,-2.164056,101.398295
1669,Jambi,Kota Sungai Penuh,Batu Sorban,-2.035654,101.377442
1670,Jambi,Kota Sungai Penuh,Bukit Khayangan,-2.109497,101.388628
1671,Jambi,Kota Sungai Penuh,Bukit Sentiong,-2.062772,101.38917
1672,Jambi,Kota Sungai Penuh,Bukit Simancik,-2.081353,101.393175
1673,Jambi,Kota Sungai Penuh,Bukit Teletubbies,-2.043063,101.342964
1674,Jambi,Kota Sungai Penuh,DEPATI VII COFFEE & RESORT,-2.034008,101.332681
1675,Jambi,Kota Sungai Penuh,Kolam Renang Seluang Bersisik Emas,-2.080969,101.406776
1676,Jambi,Kota Sungai Penuh,Lamanda Poll,-2.059853,101.393478
1677,Jambi,Kota Sungai Penuh,Mahkota Kids,-2.080205,101.407106
1678,Jambi,Kota Sungai Penuh,Makam Nenek Moyang Dusun Sungai Penuh & Dusun Bernik,-2.059659,101.395906
1679,Jambi,Kota Sungai Penuh,Makam Ninik Baju Besi,-2.065328,101.395889
1680,Jambi,Kota Sungai Penuh,Makam Ninik Siak Dukun & Makam Ninik Nuyang Bungkuk,-2.065649,101.395461
1681,Jambi,Kota Sungai Penuh,Makam Siak Lengih,-2.066273,101.390371
1682,Jambi,Kota Sungai Penuh,Marka HZ,-2.15354,101.404686
1683,Jambi,Kota Sungai Penuh,Masjid Agung Pondok Tinggi,-2.066213,101.393764
1684,Jambi,Kota Sungai Penuh,Masjid Raya Rawang,-2.036082,101.40382
1685,Jambi,Kota Sungai Penuh,Multibra Indah,-2.070843,101.398564
1686,Jambi,Kota Sungai Penuh,Museum Adat Kota Sungai Penuh,-2.036058,101.404731
1687,Jambi,Kota Sungai Penuh,Relakh,-2.148692,101.392337
1688,Jambi,Kota Sungai Penuh,Sanggar Budaya ILok Rupo,-2.062358,101.391593
1689,Jambi,Kota Sungai Penuh,Situs Cagar Budaya Batu Silindrik Berrelief ( Batu Gong) kumun,-2.101311,101.414191
1690,Jambi,Kota Sungai Penuh,Tabuh Larangan Sigintou Alang,-2.06159,101.397679
1691,Jambi,Kota Sungai Penuh,Taman Bunga Puti Senang,-2.079176,101.368997
1692,Jambi,Kota Sungai Penuh,Taman Pesona Edukasi Karya Bakti,-2.077394,101.402151
1693,Jambi,Kota Sungai Penuh,Taman Wisata Strawberry Qynan,-2.044167,101.339525
1694,Jawa Barat,Kabupaten Bandung,CURUG CINULANG,-6.96285,107.88154
1695,Jawa Barat,Kabupaten Bandung,D'RIAM RIVERSIDE,-7.06741,107.49159
1696,Jawa Barat,Kabupaten Bandung,eMTe HIGHLAND RESORT,-7.14028,107.39757
1697,Jawa Barat,Kabupaten Bandung,KAWAH PUTIH,-7.166111,107.402124
1698,Jawa Barat,Kabupaten Bandung,SCIENCE CENTER,-7.020225,107.5303
1699,Jawa Barat,Kabupaten Bandung,SITU CILEUNCA,-7.192725,107.550673
1700,Jawa Barat,Kabupaten Bandung,SITU CISANTI,-7.208352,107.657609
1701,Jawa Barat,Kabupaten Bandung,TAMAN LANGIT PANGALENGAN,-7.2314,107.52648
1702,Jawa Barat,Kabupaten Bandung,VILLA KANCIL,-7.014005,107.766417
1703,Jawa Barat,Kabupaten Bandung,WOT BATU,-6.85965,107.63614
1704,Jawa Barat,Kabupaten Bandung Barat,Dago Dreampark,-6.848674251899402,107.62592837697
1705,Jawa Barat,Kabupaten Bandung Barat,De Runch Lembang,-6.815998,107.626425
1706,Jawa Barat,Kabupaten Bandung Barat,Dusun Bambu ,-6.792924,107.576135
1707,Jawa Barat,Kabupaten Bandung Barat,Fairy Garden,-6.831091,107.683611
1708,Jawa Barat,Kabupaten Bandung Barat,Farmhouse Susu Lembang,-6.832553,107.605535
1709,Jawa Barat,Kabupaten Bandung Barat,Floating Market Lembang,-6.818945,107.618285
1710,Jawa Barat,Kabupaten Bandung Barat,Grace Rose Farm ,-6.798239,107.575827
1711,Jawa Barat,Kabupaten Bandung Barat,Lembang Park and Zoo,-6.804033,107.590546
1712,Jawa Barat,Kabupaten Bandung Barat,Minimania Lembang,-6.820864,107.609625
1713,Jawa Barat,Kabupaten Bandung Barat,Museum Galeri Bahari,-6.907886,107.474613
1714,Jawa Barat,Kabupaten Bandung Barat,Pokdarwis Sistwo Island,-6.911616,107.387061
1715,Jawa Barat,Kabupaten Bandung Barat,Puspa Iptek Sundial,-6.852259,107.49414
1716,Jawa Barat,Kabupaten Bandung Barat,Sanghyang Kenit,-6.855293,107.363806
1717,Jawa Barat,Kabupaten Bandung Barat,Stone Garden,-6.831875,107.454357
1718,Jawa Barat,Kabupaten Bandung Barat,Terminal Wisata Grafika Cikole,-6.785615217601121,107.6519098877906
1719,Jawa Barat,Kabupaten Bandung Barat,The Great Asia Africa,-6.831701,107.605495
1720,Jawa Barat,Kabupaten Bandung Barat,The Lodge Maribaya,-6.824968,107.69278
1721,Jawa Barat,Kabupaten Bandung Barat,World Of Wonders Sarae Hills,-6.2297465,106.829518
1722,Jawa Barat,Kabupaten Bekasi,AMMAZONE WORLD ,-6.1815,107.10223
1723,Jawa Barat,Kabupaten Bekasi,BUMI PERKEMAHAN KARANG KITRI,-6.434011,107.193403
1724,Jawa Barat,Kabupaten Bekasi,Go Splash,-6.14916,107.03917
1725,Jawa Barat,Kabupaten Bekasi,GO! WET WATERPARK,-6.17525,107.0402
1726,Jawa Barat,Kabupaten Bekasi,GRAND SPLASH WATERPARK,-6.32532,107.03704
1727,Jawa Barat,Kabupaten Bekasi,HAPPY TIME,-6.31245,107.14165
1728,Jawa Barat,Kabupaten Bekasi,Jencia Park Swimming Pool,-6.22628,107.08585
1729,Jawa Barat,Kabupaten Bekasi,Kartzone,-6.31269,107.14147
1730,Jawa Barat,Kabupaten Bekasi,KIDDIE CRABS,-6.33438,107.13697
1731,Jawa Barat,Kabupaten Bekasi,MATADOR WATERPARK,-6.34189,107.11976
1732,Jawa Barat,Kabupaten Bekasi,MEGATI WATERPARK,-6.21123,107.17078
1733,Jawa Barat,Kabupaten Bekasi,MUSEUM BEKASI GEDUNG JUANG,-6.25951,107.05467
1734,Jawa Barat,Kabupaten Bekasi,OLYMPIC SPORT CLUB,-6.33993,107.15394
1735,Jawa Barat,Kabupaten Bekasi,Pantai Beting,-5.9235,107.04761
1736,Jawa Barat,Kabupaten Bekasi,Pantai Muara Bungin,-5.93849,107.09743
1737,Jawa Barat,Kabupaten Bekasi,Pesona Wanajaya,-6.2370132,107.1143053
1738,Jawa Barat,Kabupaten Bekasi,PURI NIRWANA WATERPARK,-6.24587,107.16649
1739,Jawa Barat,Kabupaten Bekasi,Saung Ranggon,-6.33804,107.07025
1740,Jawa Barat,Kabupaten Bekasi,SITU ABIDIN,-6.46374,107.1703
1741,Jawa Barat,Kabupaten Bekasi,SITU CIBEUREUM,-6.29806,107.04556
1742,Jawa Barat,Kabupaten Bekasi,Situ Rawa Binong,-6.34386,107.18341
1743,Jawa Barat,Kabupaten Bekasi,Sunge Jingkem,-6.07188,107.01986
1744,Jawa Barat,Kabupaten Bekasi,TAMAN BUAYA,-6.39312,107.10287
1745,Jawa Barat,Kabupaten Bekasi,TAMAN EKOPARIAN MEGA REGENCY,-6.37737,107.12331
1746,Jawa Barat,Kabupaten Bekasi,TAMAN KOLAM KELUARGA,-6.383026,107.120985
1747,Jawa Barat,Kabupaten Bekasi,Taman Lumbung Gabus Indah,-6.18526,107.074444
1748,Jawa Barat,Kabupaten Bekasi,Taman Pelangi,-6.20688,107.29138
1749,Jawa Barat,Kabupaten Bekasi,TAMAN REKREASI PALEM INDAH,-6.37772,107.12094
1750,Jawa Barat,Kabupaten Bekasi,TIMEZONE,-6.33422,107.13615
1751,Jawa Barat,Kabupaten Bekasi,Transera Waterpark,-6.15357,106.97583
1752,Jawa Barat,Kabupaten Bekasi,Villa Duren,-6.36966,"107,051"
1753,Jawa Barat,Kabupaten Bekasi,Waterboom Lippo Cikarang,-6.33137,107.13827
1754,Jawa Barat,Kabupaten Bekasi,Wisata Dwisari,-6.2297465,106.829518
1755,Jawa Barat,Kabupaten Bekasi,WISATA KAWUNG TILU,-6.29782,107.24377
1756,Jawa Barat,Kabupaten Bogor,Agrowisata Villa Bukit Hambalang,-6.537844885088802,106.89315088465825
1757,Jawa Barat,Kabupaten Bogor,Bumi Perkemahan Sukamantri,-6.669877,106.752348
1758,Jawa Barat,Kabupaten Bogor,Cibalung Happy Land,-6.2297465,106.829518
1759,Jawa Barat,Kabupaten Bogor,Curug Barong Leuwi Hejo,-6.2297465,106.829518
1760,Jawa Barat,Kabupaten Bogor,Curug barong Leuwi Hejo,-6.2297465,106.829518
1761,Jawa Barat,Kabupaten Bogor,Curug Green Canyon ,-6.637604,107.101683
1762,Jawa Barat,Kabupaten Bogor,"Desa Wisata Tugu Utara ""Amarta""",-6.688581,106.994844
1763,Jawa Barat,Kabupaten Bogor,Goa Gudawang,-6.2297465,106.829518
1764,Jawa Barat,Kabupaten Bogor,Gunung Salak Endah,-6.674838,106.692696
1765,Jawa Barat,Kabupaten Bogor,INAGRO,-6.492977819308246,106.68552476137897
1766,Jawa Barat,Kabupaten Bogor,JUNGLE LAND,-6.2297465,106.829518
1767,Jawa Barat,Kabupaten Bogor,Kampoeng Wisata Cinangneng,-6.564791087719939,106.71121084655759
1768,Jawa Barat,Kabupaten Bogor,KWT. CNN,-6.550358,106.700935
1769,Jawa Barat,Kabupaten Bogor,Melrimba Garden,-6.698178818860519,106.99393298465823
1770,Jawa Barat,Kabupaten Bogor,Nicole's River Park,-6.649378060504394,106.8969803306895
1771,Jawa Barat,Kabupaten Bogor,Talaga Saat (0 km Ciliwung),-6.688457870191971,106.99452086931703
1772,Jawa Barat,Kabupaten Bogor,Taman Safari Bogor,-6.2297465,106.829518
1773,Jawa Barat,Kabupaten Bogor,TAMAN WISATA MATAHARI,-6.670978,106.92714
1774,Jawa Barat,Kabupaten Bogor,Taman Wisata Wana Griya,-6.421744256308989,106.69213143894771
1775,Jawa Barat,Kabupaten Bogor,Telaga Warna / Puncak Tawa Park Resto & Resort,-6.700958557813161,106.99587508465856
1776,Jawa Barat,Kabupaten Bogor,The Ciliwung Tea Estate est. 1907,-6.698790731481982,106.99536390794943
1777,Jawa Barat,Kabupaten Bogor,The Ranch Cisarua Puncak,-6.6589390722869055,106.91408082324757
1778,Jawa Barat,Kabupaten Bogor,Wana Wisata Curug Cilember,-6.2297465,106.829518
1779,Jawa Barat,Kabupaten Bogor,Wana Wisata Curug Cilember,-6.646875,106.919289
1780,Jawa Barat,Kabupaten Bogor,Wana Wisata Curug Cilember,-6.2297465,106.829518
1781,Jawa Barat,Kabupaten Bogor,Water Kingdom Mekarsari,-6.410504282042408,106.99235472324371
1782,Jawa Barat,Kabupaten Ciamis, Taman Miana,-7.3339521,108.5073079
1783,Jawa Barat,Kabupaten Ciamis,BSA ,-7.2360703,108.220601
1784,Jawa Barat,Kabupaten Ciamis,CADAS NGAMPAR,-6.2297465,106.829518
1785,Jawa Barat,Kabupaten Ciamis,CIREONG,-6.2297465,106.829518
1786,Jawa Barat,Kabupaten Ciamis,CURUG GUMAWANG,-6.2297465,106.829518
1787,Jawa Barat,Kabupaten Ciamis,CURUG TUJUH PANJALU,-6.2297465,106.829518
1788,Jawa Barat,Kabupaten Ciamis,DARMACAANG,-6.2297465,106.829518
1789,Jawa Barat,Kabupaten Ciamis,Gatrik,-6.2297465,106.829518
1790,Jawa Barat,Kabupaten Ciamis,GGT Ciamis ,-6.2297465,106.829518
1791,Jawa Barat,Kabupaten Ciamis,kampung kuta,-6.2297465,106.829518
1792,Jawa Barat,Kabupaten Ciamis,Kampung Madu Bina Lestari ,-6.2297465,106.829518
1793,Jawa Barat,Kabupaten Ciamis,KANCRA KAYAKING,-6.2297465,106.829518
1794,Jawa Barat,Kabupaten Ciamis,Kolam Renang Gunung Daweg ,-7.3098181,108.2489899
1795,Jawa Barat,Kabupaten Ciamis,KOLAM RENANG JATISEWU,-7.23827,108.34635
1796,Jawa Barat,Kabupaten Ciamis,Kolam Renang Tirtawinaya ,-7.3243218,108.3382003
1797,Jawa Barat,Kabupaten Ciamis,MINI RANCH,-6.2297465,106.829518
1798,Jawa Barat,Kabupaten Ciamis,PUNCAK BANGKU,-7.19225,108.53038
1799,Jawa Barat,Kabupaten Ciamis,PUNCAK JAMIAKI,-6.2297465,106.829518
1800,Jawa Barat,Kabupaten Ciamis,Saung Abah Apud,-7.3017706,108.2383805
1801,Jawa Barat,Kabupaten Ciamis,SAYANG KAAK,-6.2297465,106.829518
1802,Jawa Barat,Kabupaten Ciamis,Situ Cihaurgeulis,-7.2742911,108.5006129
1803,Jawa Barat,Kabupaten Ciamis,Situs Galuh Salawe,-7.3601596,108.4490101
1804,Jawa Barat,Kabupaten Ciamis,Situs Singaperbangsa,-6.2297465,106.829518
1805,Jawa Barat,Kabupaten Ciamis,SUKAHAJI WATERBOOM,-6.2297465,106.829518
1806,Jawa Barat,Kabupaten Ciamis,Tirta Nurani,-6.2297465,106.829518
1807,Jawa Barat,Kabupaten Ciamis,TIRTA SEJUK,-7.19455,108.50205
1808,Jawa Barat,Kabupaten Ciamis,WATERBOOM SUMBERJAYA CIPANGALUN,-7.23421,108.34246
1809,Jawa Barat,Kabupaten Cianjur,ARENA FANTASI,-6.696271,107.048508
1810,Jawa Barat,Kabupaten Cianjur,Balai Besar Taman Nasional Gunung Gede Pangrango,-6.7374546,107.0047379
1811,Jawa Barat,Kabupaten Cianjur,BRIS WATER PARK,-6.8588668,107.1087642
1812,Jawa Barat,Kabupaten Cianjur,CIGUNUNG TUGU,-7.0634751,107.0093287
1813,Jawa Barat,Kabupaten Cianjur,Curug Cikondang,-7.0174981,107.0966842
1814,Jawa Barat,Kabupaten Cianjur,Desa Wisata Gunung Padang,-6.9939364,107.0561336
1815,Jawa Barat,Kabupaten Cianjur,Kampung Budaya Padi Pandanwangi,-6.8544004,107.0662527
1816,Jawa Barat,Kabupaten Cianjur,Karang Potong Ocean View,-7.470787,107.1700372
1817,Jawa Barat,Kabupaten Cianjur,Kebun Raya Cibodas - BRIN,-6.7414106,107.007731
1818,Jawa Barat,Kabupaten Cianjur,Little Venice,-6.6940836,107.0413346
1819,Jawa Barat,Kabupaten Cianjur,Makam Cikundul,-6.7004712,107.1813473
1820,Jawa Barat,Kabupaten Cianjur,Pantai Batu Kukumbung,-7.4998835,107.4023908
1821,Jawa Barat,Kabupaten Cianjur,Pantai Cemara Cipanglay,-7.4994568,107.3529044
1822,Jawa Barat,Kabupaten Cianjur,Taman Bunga Nusantara,-6.7277985,107.0792367
1823,Jawa Barat,Kabupaten Cianjur,Taman Prawatasari Cianjur,-6.8252332,107.1332021
1824,Jawa Barat,Kabupaten Cianjur,Taman Wisata Alam Sevillage,-6.7165137,107.0011706
1825,Jawa Barat,Kabupaten Cianjur,THE NICE FUNTASTIC PARK,-6.7268943,107.1132985
1826,Jawa Barat,Kabupaten Cianjur,Wana Wisata Pokland,-6.8343551,107.3190914
1827,Jawa Barat,Kabupaten Cianjur,Wisata Alam Pangsalatan,-6.7304656,107.0068244
1828,Jawa Barat,Kabupaten Cirebon,Apita Water Boom,-6.712783,108.536362
1829,Jawa Barat,Kabupaten Cirebon,Batu Lawang,-6.7287507,108.3808518
1830,Jawa Barat,Kabupaten Cirebon,Garden Ciberes,-6.908413,108.707766
1831,Jawa Barat,Kabupaten Cirebon,Jempol Waterboom,-6.894242,108.750214
1832,Jawa Barat,Kabupaten Cirebon,Kampung Sabin,-6.7676581,108.4546451
1833,Jawa Barat,Kabupaten Cirebon,Kolam Renang & Resto Simpatik,-6.781365,108.4187417
1834,Jawa Barat,Kabupaten Cirebon,Kolam Renang Kiki,-6.765636,108.480003
1835,Jawa Barat,Kabupaten Cirebon,Kura-kura Belawa,-6.8321074,108.5852863
1836,Jawa Barat,Kabupaten Cirebon,Makam Sunan Gunungjati,-6.6711828,108.5401925
1837,Jawa Barat,Kabupaten Cirebon,Mangrove Kasih Sayang,-6.7564,108.59732
1838,Jawa Barat,Kabupaten Cirebon,Segar Sejati,-6.7800273,108.4195903
1839,Jawa Barat,Kabupaten Cirebon,Tirta Mas Gemilang,-6.651427,108.407561
1840,Jawa Barat,Kabupaten Cirebon,Tirta Seribu Wajan,-6.627893,108.464427
1841,Jawa Barat,Kabupaten Cirebon,Wisata Banyu Panas,-6.712633,108.3991269
1842,Jawa Barat,Kabupaten Garut,Darajat Pass,-7.217925,107.745017
1843,Jawa Barat,Kabupaten Garut,Desa Wisata Sindang Kasih,-7.326178,107.941917
1844,Jawa Barat,Kabupaten Garut,Desa Wisata Situ Bagendit 2,-7.164468,107.944406
1845,Jawa Barat,Kabupaten Garut,Makam Cinunuk,-7.173352,107.967143
1846,Jawa Barat,Kabupaten Garut,MUSEUM GARUT,-7.201454,107.885512
1847,Jawa Barat,Kabupaten Garut,Pantai Rancabuaya,-7.528094,107.478466
1848,Jawa Barat,Kabupaten Garut,Pantai Santolo,-7.62741,107.678322
1849,Jawa Barat,Kabupaten Garut,Pantai Sayangheulang,-7.668601,107.697308
1850,Jawa Barat,Kabupaten Garut,Situ Bagendit,-7.159849,107950846
1851,Jawa Barat,Kabupaten Garut,TWA Gunung Papandayan,-7.305178,107.768248
1852,Jawa Barat,Kabupaten Garut,UPT CANGKUANG,-7.101451,107.919916
1853,Jawa Barat,Kabupaten Garut,Wisata Alam Dayeuh Manggung,-7.313495,107.910011
1854,Jawa Barat,Kabupaten Indramayu,AGRO EDUWISATA SITUBOLANG ,-6.2311,108.20054
1855,Jawa Barat,Kabupaten Indramayu,Agro Wisata DRAGON FRUIT Tambak,-9.524422,100.45828
1856,Jawa Barat,Kabupaten Indramayu,Agro Wisata Jeruk Segeran Lor,-6.2297465,106.829518
1857,Jawa Barat,Kabupaten Indramayu,AGUNG FANTASI Waterpark ,-6.2297465,106.829518
1858,Jawa Barat,Kabupaten Indramayu,BINAR (BINTANG ARUT) BATIK PAOMAN,-6.2297465,106.829518
1859,Jawa Barat,Kabupaten Indramayu,BINNAR ART Paoman (BINTANG ARUT),-6.2297465,106.829518
1860,Jawa Barat,Kabupaten Indramayu,BUKIT CIWADO,-6.2297465,106.829518
1861,Jawa Barat,Kabupaten Indramayu,Hutan  Mangrove  Karangsong ,-6.2297465,106.829518
1862,Jawa Barat,Kabupaten Indramayu,HUTAN MANGROVE KARANG SONG,-6.2297465,106.829518
1863,Jawa Barat,Kabupaten Indramayu,ISLAMIC CENTRE INDRAMAYU (SYECH ABDUL MANAN),-6.2297465,106.829518
1864,Jawa Barat,Kabupaten Indramayu,Islamic Centre Syech Abdul Manan,-6.2297465,106.829518
1865,Jawa Barat,Kabupaten Indramayu,JPP 40 (JATI PLUS PERHUTANI) Kec. Gantar Indramayu,-6.2297465,106.829518
1866,Jawa Barat,Kabupaten Indramayu,Kolam Renang TIRTA NAHDI,-6.2297465,106.829518
1867,Jawa Barat,Kabupaten Indramayu,Kolam Renang TIRTA PESONA,-6.2297465,106.829518
1868,Jawa Barat,Kabupaten Indramayu,MUSEUM BANDAR CIMANUK,-6.2297465,106.829518
1869,Jawa Barat,Kabupaten Indramayu,Obyek Wisata Pantai Karang Song,-6.2297465,106.829518
1870,Jawa Barat,Kabupaten Indramayu,Pantai BALONGAN INDAH,-6.2297465,106.829518
1871,Jawa Barat,Kabupaten Indramayu,Pantai CEMARA INDAH,-6.355608,108.37285
1872,Jawa Barat,Kabupaten Indramayu,PANTAI GLAYEM,-6.2297465,106.829518
1873,Jawa Barat,Kabupaten Indramayu,Pantai KETAPANG,-6.2297465,106.829518
1874,Jawa Barat,Kabupaten Indramayu,Pantai LAUT BIRU JUNTI,-6.2297465,106.829518
1875,Jawa Barat,Kabupaten Indramayu,Pantai Legenda TIRTAMAYA,-6.2297465,106.829518
1876,Jawa Barat,Kabupaten Indramayu,Pantai PANJIWA SUMBER MAS,-6.2297465,106.829518
1877,Jawa Barat,Kabupaten Indramayu,Pantai PARIS  (Pantai Sumur Tiris),-6.2297465,106.829518
1878,Jawa Barat,Kabupaten Indramayu,PANTAI PLENTONG,-6.272882,107.935807
1879,Jawa Barat,Kabupaten Indramayu,Pantai REMBAT,-6.2297465,106.829518
1880,Jawa Barat,Kabupaten Indramayu,PANTAI TANJUNGPURA,-6.2297465,106.829518
1881,Jawa Barat,Kabupaten Indramayu,PANTAI TIRTA AYU,-6.2297465,106.829518
1882,Jawa Barat,Kabupaten Indramayu,Pantai UJUNG ORI ,-6.2297465,106.829518
1883,Jawa Barat,Kabupaten Indramayu,PAOMAN ART (Batik Khas Paoman),-6.2297465,106.829518
1884,Jawa Barat,Kabupaten Indramayu,PATTAYA (Pantai Tambak Raya),-6.2297465,106.829518
1885,Jawa Barat,Kabupaten Indramayu,PULAU BIAWAK,-6.2297465,106.829518
1886,Jawa Barat,Kabupaten Indramayu,SITUS MAKAM RADEN ARYA WIRALODRA,-6.2297465,106.829518
1887,Jawa Barat,Kabupaten Indramayu,SITUS MAKAM SELAWE,-6.2297465,106.829518
1888,Jawa Barat,Kabupaten Indramayu,TAMAN KEHATI,-6.2297465,106.829518
1889,Jawa Barat,Kabupaten Indramayu,TAMAN KEHATI,-6.2297465,106.829518
1890,Jawa Barat,Kabupaten Indramayu,TAMAN RAKYAT HUTAN STAPEL ,-6.456211,108.140218
1891,Jawa Barat,Kabupaten Indramayu,Taman RUSA BUMI PATRA,-6.2297465,106.829518
1892,Jawa Barat,Kabupaten Indramayu,Taman TJIMANOEK,-6.2297465,106.829518
1893,Jawa Barat,Kabupaten Indramayu,TAMAN TJIMANOEK,-6.2297465,106.829518
1894,Jawa Barat,Kabupaten Indramayu,TIGA BINTANG FIRDAUS Waterpark,-6.467639,107.855428
1895,Jawa Barat,Kabupaten Indramayu,Warung Pantai TIRTA PESONA,-6.2297465,106.829518
1896,Jawa Barat,Kabupaten Indramayu,Waterboom TIRTA DJAYA,-6.2297465,106.829518
1897,Jawa Barat,Kabupaten Indramayu,Wisata Alam Edukasi EMBUNG JANGKAR Sindang Indramayu,-6.314588,108.309719
1898,Jawa Barat,Kabupaten Indramayu,Wisata Blendung Indah,-6.2297465,106.829518
1899,Jawa Barat,Kabupaten Indramayu,Wisata MANGROVE  KEDUNG COET,-6.2297465,106.829518
1900,Jawa Barat,Kabupaten Indramayu,WISATA PANTAI,-6.2297465,106.829518
1901,Jawa Barat,Kabupaten Indramayu,WISATA POHON RANGDU GEDHE,-6.2297465,106.829518
1902,Jawa Barat,Kabupaten Indramayu,WPTS (Wisata Puncak Tugu Sanca),-6.2297465,106.829518
1903,Jawa Barat,Kabupaten Karawang,Alun-Alun Karawang,-6.2297465,106.829518
1904,Jawa Barat,Kabupaten Karawang,Bendungan Cibeet,-6.2297465,106.829518
1905,Jawa Barat,Kabupaten Karawang,Bendungan Curug,-6.2297465,106.829518
1906,Jawa Barat,Kabupaten Karawang,Bendungan Walahar Kali Tjitarum,-6.2297465,106.829518
1907,Jawa Barat,Kabupaten Karawang,Candi Jiwa dan Candi Blandongan,-6.2297465,106.829518
1908,Jawa Barat,Kabupaten Karawang,Curug Cigeuntis,-6.2297465,106.829518
1909,Jawa Barat,Kabupaten Karawang,Danau Cipule,-6.2297465,106.829518
1910,Jawa Barat,Kabupaten Karawang,Garden Waterpark,-6.2297465,106.829518
1911,Jawa Barat,Kabupaten Karawang,GOR Adiarsa Sport Hall,-6.2297465,106.829518
1912,Jawa Barat,Kabupaten Karawang,GOR Panatayudha,-6.2297465,106.829518
1913,Jawa Barat,Kabupaten Karawang,Green Canyon,-6.2297465,106.829518
1914,Jawa Barat,Kabupaten Karawang,Hutan Kertas,-6.2297465,106.829518
1915,Jawa Barat,Kabupaten Karawang,Karang Sendulang,-6.2297465,106.829518
1916,Jawa Barat,Kabupaten Karawang,KARNIVAL (Karawang Night Festival),-6.2297465,106.829518
1917,Jawa Barat,Kabupaten Karawang,Lapangan Karang Pawitan,-6.2297465,106.829518
1918,Jawa Barat,Kabupaten Karawang,Mangrove Sedari,-6.2297465,106.829518
1919,Jawa Barat,Kabupaten Karawang,Maqom Syekh Quro,-6.2297465,106.829518
1920,Jawa Barat,Kabupaten Karawang,Masjid Agung Syekh Quro,-6.2297465,106.829518
1921,Jawa Barat,Kabupaten Karawang,Monumen Kebulatan Tekad,-6.2297465,106.829518
1922,Jawa Barat,Kabupaten Karawang,Monumen Rawagede,-6.2297465,106.829518
1923,Jawa Barat,Kabupaten Karawang,Pantai Sedari,-6.2297465,106.829518
1924,Jawa Barat,Kabupaten Karawang,Pantai Tangkolak,-6.2297465,106.829518
1925,Jawa Barat,Kabupaten Karawang,Pantai Tanjung Pakis,-6.2297465,106.829518
1926,Jawa Barat,Kabupaten Karawang,Pemancingan Telaga Joglo Telukjambe,-6.2297465,106.829518
1927,Jawa Barat,Kabupaten Karawang,Rumah Sejarah Djiaw Kie Song,-6.2297465,106.829518
1928,Jawa Barat,Kabupaten Karawang,Satya Panggayuh Arini Stable,-6.2297465,106.829518
1929,Jawa Barat,Kabupaten Karawang,Saung Koffie Hideung,-6.2297465,106.829518
1930,Jawa Barat,Kabupaten Karawang,Sian Djin Vihara Kupoh,-6.2297465,106.829518
1931,Jawa Barat,Kabupaten Karawang,Stadion Singaperbangsa Karawang,-6.2297465,106.829518
1932,Jawa Barat,Kabupaten Karawang,Supersplash Waterpark Kartika Residence,-6.2297465,106.829518
1933,Jawa Barat,Kabupaten Karawang,Taman Hud-hud,-6.2297465,106.829518
1934,Jawa Barat,Kabupaten Karawang,Taman I Love Karawang,-6.2297465,106.829518
1935,Jawa Barat,Kabupaten Karawang,Taman Kincir Marigold Garden,-6.2297465,106.829518
1936,Jawa Barat,Kabupaten Karawang,Taruma Leisure Waterpark,-6.2297465,106.829518
1937,Jawa Barat,Kabupaten Karawang,Wana Wisata Puncak Sempur,-6.2297465,106.829518
1938,Jawa Barat,Kabupaten Karawang,Wisata Kebon Jatidipala,-6.2297465,106.829518
1939,Jawa Barat,Kabupaten Karawang,Wonderland Adventure Park,-6.2297465,106.829518
1940,Jawa Barat,Kabupaten Kuningan,Agro Wisata Sukageuri View,-6.944337,108.442477
1941,Jawa Barat,Kabupaten Kuningan,BALONG DEWA CIGUGUR,-6.961715,108.462805
1942,Jawa Barat,Kabupaten Kuningan,Buper Palutungan,-6.941674,108.438419
1943,Jawa Barat,Kabupaten Kuningan,CIPANIIS,-6.810503,108.451493
1944,Jawa Barat,Kabupaten Kuningan,Desa Wisata Cibuntu,-6.83441,108.44327
1945,Jawa Barat,Kabupaten Kuningan,DINO WATERPARK,-6.979901,108.574468
1946,Jawa Barat,Kabupaten Kuningan,Kebun Raya Kuningan,-6.9856709,108.4795034
1947,Jawa Barat,Kabupaten Kuningan,Kolam Cibulan,-6.910353,108.485975
1948,Jawa Barat,Kabupaten Kuningan,Kolam Renang Zam Zam Pool,-6.9032,108.492423
1949,Jawa Barat,Kabupaten Kuningan,OBYEK WISATA SIDOMBA,-6.923682,108.483651
1950,Jawa Barat,Kabupaten Kuningan,ODTW Mumunggang Tenjolaut,-6.944644,108.433659
1951,Jawa Barat,Kabupaten Kuningan,ODTW WOODLAND KUNINGAN,-6.86607,108.472013
1952,Jawa Barat,Kabupaten Kuningan,Pengelola Pendakian,-6.940435,108.433933
1953,Jawa Barat,Kabupaten Kuningan,Pondok Cai Pinus,-6.945679,108.434623
1954,Jawa Barat,Kabupaten Kuningan,Sangkanurip Alami,-6.5311,108.2959
1955,Jawa Barat,Kabupaten Kuningan,Talaga Surian,-6.949911,108.431903
1956,Jawa Barat,Kabupaten Kuningan,Taman Batu Hanjuang,-6.862341,108.471392
1957,Jawa Barat,Kabupaten Kuningan,Taman Rekreasi J&J,-6.881883,108.493185
1958,Jawa Barat,Kabupaten Kuningan,Telaga Biru Cicerem,6.797381,108.423343
1959,Jawa Barat,Kabupaten Kuningan,Waduk Darma,-7.004758,108.409857
1960,Jawa Barat,Kabupaten Kuningan,Wisata Edukasi,-6.880071,108.474859
1961,Jawa Barat,Kabupaten Kuningan,Wisata Lamping Kidang Terpadu,-6.939312,108.437791
1962,Jawa Barat,Kabupaten Majalengka,ARYAKIBAN LAND,-6.793859,108.349175
1963,Jawa Barat,Kabupaten Majalengka,BATU NYONGCLO,-6.83322,108.381399
1964,Jawa Barat,Kabupaten Majalengka,BUKIT SANGHYANG DORA,-6.743409,108.35302
1965,Jawa Barat,Kabupaten Majalengka,BUMI PERKEMAHAAN GUNUNG PUTRI,-6.2297465,106.829518
1966,Jawa Barat,Kabupaten Majalengka,CIBOER PASS,-6.806049,108.376184
1967,Jawa Barat,Kabupaten Majalengka,CIKADONGDONG RIVER TUBING,-6.825761,108358842
1968,Jawa Barat,Kabupaten Majalengka,CURUG  MUARA JAYA,-6.911126,108.353343
1969,Jawa Barat,Kabupaten Majalengka,CURUG CIPEUTEUY,-6.823651,108.381956
1970,Jawa Barat,Kabupaten Majalengka,CURUG IBUN PELANGI,-6.905614,108.32912
1971,Jawa Barat,Kabupaten Majalengka,DN WATERPLAY,-6.778093,108.343435
1972,Jawa Barat,Kabupaten Majalengka,GUNUNG CIWARU,-6.818778,108.371429
1973,Jawa Barat,Kabupaten Majalengka,JEMBAR WATERPARK,-6.779618,108.244132
1974,Jawa Barat,Kabupaten Majalengka,LAWANG SEKATENG,-6.2297465,106.829518
1975,Jawa Barat,Kabupaten Majalengka,PARALAYANG MAJALENGKA,-6.841852,108.2095527
1976,Jawa Barat,Kabupaten Majalengka,PRABU SILIWANGI,-6.826881528724078,108.34188573905864
1977,Jawa Barat,Kabupaten Majalengka,PUNCAK SAWIYAH,-6.935237,108.365444
1978,Jawa Barat,Kabupaten Majalengka,TAMAN BUNGA BEEPARK,-689663,108.35787
1979,Jawa Barat,Kabupaten Majalengka,TERASERING PENYAWEUAN,-6.918019,108.345056
1980,Jawa Barat,Kabupaten Majalengka,TERASERING PENYAWEUAN,-6.2297465,106.829518
1981,Jawa Barat,Kabupaten Majalengka,TIRTA INDAH WATERBOOM,-6.77646,108.38534
1982,Jawa Barat,Kabupaten Majalengka,WISATA AIR SARONGGHE,-6.80212,10834912
1983,Jawa Barat,Kabupaten Majalengka,WISATA SITU CIPANTEN ,-6.824426,108.32628
1984,Jawa Barat,Kabupaten Pangandaran,Bale Rancage Palatar Agung,-7.6988516,108.7898092
1985,Jawa Barat,Kabupaten Pangandaran,Batu Lumpang,-7.655558,108.450485
1986,Jawa Barat,Kabupaten Pangandaran,BENDUNGAN MATRAS CIPUTRAPINGGAN,-7.664005,108.682389
1987,Jawa Barat,Kabupaten Pangandaran,CIPINGIT,-7.645869,108.656364
1988,Jawa Barat,Kabupaten Pangandaran,Cisangkal,-7.605214,108.509243
1989,Jawa Barat,Kabupaten Pangandaran,Citumang Body Rafting,-7.645301,108.53849
1990,Jawa Barat,Kabupaten Pangandaran,Ciwayang Body Rafting,-7.652559,108.448748
1991,Jawa Barat,Kabupaten Pangandaran,CURUG BOJONG,-7.645721,108.680075
1992,Jawa Barat,Kabupaten Pangandaran,CURUG JAMBE ANOM,-7.639524,108.657644
1993,Jawa Barat,Kabupaten Pangandaran,Desa Budaya Cikalong,-7.648719,108.565989
1994,Jawa Barat,Kabupaten Pangandaran,GOA KACA,-7.630446,108.629634
1995,Jawa Barat,Kabupaten Pangandaran,Goa Lanang,-7.621705,108.503503
1996,Jawa Barat,Kabupaten Pangandaran,Green Canyon,-7.735035,108.456456
1997,Jawa Barat,Kabupaten Pangandaran,JEBULAN,-7.636937,108.412392
1998,Jawa Barat,Kabupaten Pangandaran,Karang Nini,-7.682453,108.734607
1999,Jawa Barat,Kabupaten Pangandaran,Karangtirta,-7.682662,108.583849
2000,Jawa Barat,Kabupaten Pangandaran,Mega Terasering Sukamulya,-7.590259,108.455926
2001,Jawa Barat,Kabupaten Pangandaran,Museum Nyamuk,-7.673931,108.679876
2002,Jawa Barat,Kabupaten Pangandaran,Pantai Balekambang,-7.817043,108.362965
2003,Jawa Barat,Kabupaten Pangandaran,Pantai Batu Hiu,-7.692148,108.536223
2004,Jawa Barat,Kabupaten Pangandaran,Pantai Batukaras,-7.749769,108.502456
2005,Jawa Barat,Kabupaten Pangandaran,Pantai Karapyak,-7.6955769,108.7614918
2006,Jawa Barat,Kabupaten Pangandaran,PANTAI KEUSIK LUHUR,-7.818734,108.343169
2007,Jawa Barat,Kabupaten Pangandaran,Pantai Madasari,-7.792394,108.496398
2008,Jawa Barat,Kabupaten Pangandaran,Pantai Muaragatah,-7.815103,108.365085
2009,Jawa Barat,Kabupaten Pangandaran,Pantai Pangandaran,-7.689654,108.645625
2010,Jawa Barat,Kabupaten Pangandaran,PELESTARIAN PENYU BATU HIU,-7.692453,108.534122
2011,Jawa Barat,Kabupaten Pangandaran,Santirah,-7.624876,108.537342
2012,Jawa Barat,Kabupaten Pangandaran,Sinjang Lawang,-7.624483,108.489972
2013,Jawa Barat,Kabupaten Pangandaran,SITUS GOA LANGKOB,-7.594713,108.513429
2014,Jawa Barat,Kabupaten Pangandaran,TWA Cagar Alam Pangandaran,-7.705186,108.659342
2015,Jawa Barat,Kabupaten Pangandaran,Wonderhill Jojogan,-7.63512,108.529311
2016,Jawa Barat,Kabupaten Pangandaran,Zeround EduPark,-7.682432,108.548555
2017,Jawa Barat,Kabupaten Purwakarta,Anugerah Waterpark Bunder,-6.4885397,107.4620636
2018,Jawa Barat,Kabupaten Purwakarta,Badega Gunung Parang,-6.5883446,107.3478049
2019,Jawa Barat,Kabupaten Purwakarta,Bale Panyawangan Diorama Nusantara,-6.5542174,107.4460847
2020,Jawa Barat,Kabupaten Purwakarta,Bale Panyawangan Diorama Purwakarta,-6.5542174,107.4460847
2021,Jawa Barat,Kabupaten Purwakarta,Desa Wisata Kampung Tajur,-6.7276275,107.5279494
2022,Jawa Barat,Kabupaten Purwakarta,Green Valley Water Park,-6.5180346,107.4720943
2023,Jawa Barat,Kabupaten Purwakarta,Joglo Bojongloa  Purwakarta,-6.689403,107.567336
2024,Jawa Barat,Kabupaten Purwakarta,Kahuripan Tirta Wanayasa,-6.6554698,107.5291955
2025,Jawa Barat,Kabupaten Purwakarta,Kampung Kahuripan Cirangkong,-6.524759,107.5250602
2026,Jawa Barat,Kabupaten Purwakarta,Kelompok Sadar Wisata Situ Wanayasa,6.6781939,107.5544045
2027,Jawa Barat,Kabupaten Purwakarta,Kolam Renang Cisabuk,-6.5709245,107.4287686
2028,Jawa Barat,Kabupaten Purwakarta,Kuya Maranggi  Water Park,-6.4706153,107.477854
2029,Jawa Barat,Kabupaten Purwakarta,Pasir Langlang Panyawangan,-6.6933022,107.5728886
2030,Jawa Barat,Kabupaten Purwakarta,Water Boom Jaya Tirta Abadi (JTA),-6.7056825,107.49695
2031,Jawa Barat,Kabupaten Purwakarta,Wisata Alam Gunung Lembu,-6.5616663,107.3227682
2032,Jawa Barat,Kabupaten Subang,Asstro Highland Ciater,-6.771935,107.636637
2033,Jawa Barat,Kabupaten Subang,Bukit Dewi Manggung,-6.70921325399665,107.83274503905737
2034,Jawa Barat,Kabupaten Subang,Bukit Pamoyanan,-6.753197270384749,107.79519552524604
2035,Jawa Barat,Kabupaten Subang,Kolam Renang Talaga Warna,-6.634846,107.723853
2036,Jawa Barat,Kabupaten Subang,Sari Ater Hot Springs Ciater,-6.737722,107.653285
2037,Jawa Barat,Kabupaten Subang,The Ranch Ciater,-6.758823463940134,107.64820578082578
2038,Jawa Barat,Kabupaten Subang,TWA TANGKUBANPARAHU,-6.757818,107.611724
2039,Jawa Barat,Kabupaten Subang,Wisata Air dan Camping Cimincul,-6.719550582181671,107.7274549829168
2040,Jawa Barat,Kabupaten Subang,Wisata Alam Capolaga,-6.716688546381773,107.6364529967283
2041,Jawa Barat,Kabupaten Subang,Wisata Alam Curug Ciangin,-6.739312919894366,107.67913178323452
2042,Jawa Barat,Kabupaten Subang,Wisata Alam Curug Masigit,-6.718085412465297,107.72401770990382
2043,Jawa Barat,Kabupaten Sukabumi,Bumi Perkemahan Cinumpang,-6.846493680308911,106.92499952835821
2044,Jawa Barat,Kabupaten Sukabumi,Cicurug Waterland,-6.768871989813018,106.80046075255201
2045,Jawa Barat,Kabupaten Sukabumi,Curug Cikaso,-7.360315188234627,106.6175672678995
2046,Jawa Barat,Kabupaten Sukabumi,Curug Cimarinjung,-7.169814285886564,106.47333596789751
2047,Jawa Barat,Kabupaten Sukabumi,Curug Sodong,-7.18529402494274,106.4978150390624
2048,Jawa Barat,Kabupaten Sukabumi,Desa Wisata Hanjeli,-7.194672174566142,106.6116647390624
2049,Jawa Barat,Kabupaten Sukabumi,Geyser Cisolok,-6.933457112694565,106.45343923723776
2050,Jawa Barat,Kabupaten Sukabumi,Goa Gunung Sungging,-7.360322243548254,106.58152129673495
2051,Jawa Barat,Kabupaten Sukabumi,Kancana Mandira Camping Ground,-6.757038808885337,106.72270009857618
2052,Jawa Barat,Kabupaten Sukabumi,Kasepuhan Sinar Resmi,-6.837034301894964,106.44919051022342
2053,Jawa Barat,Kabupaten Sukabumi,KOLAM RENANG NAZWA,-6.2297465,106.829518
2054,Jawa Barat,Kabupaten Sukabumi,Lembah Purba Suspension Bridge,-6.836105911113717,106.9268421060433
2055,Jawa Barat,Kabupaten Sukabumi,Leuwi Kenit,-7.323137150965221,106.53988961022843
2056,Jawa Barat,Kabupaten Sukabumi,Museum Megalodon,-7.3589553259065426,106.57165792741776
2057,Jawa Barat,Kabupaten Sukabumi,Pantai Batu bintang,-7.020345188215849,106.53997885440198
2058,Jawa Barat,Kabupaten Sukabumi,Pantai Istana Presiden,-6.980162062105015,106.53303076789553
2059,Jawa Barat,Kabupaten Sukabumi,Pantai Karang Hawu,-6.95689,106.46573
2060,Jawa Barat,Kabupaten Sukabumi,Pantai Minajaya,-7.39946,106.51686
2061,Jawa Barat,Kabupaten Sukabumi,Pantai Ujung Genteng,-7.36061,106.40206
2062,Jawa Barat,Kabupaten Sukabumi,Pondok Halimun ,-6.848543649413742,106.96139691022356
2063,Jawa Barat,Kabupaten Sukabumi,PUNCAK AHER,-2.838804,109.846734
2064,Jawa Barat,Kabupaten Sukabumi,Puncak Darma,-7.16705853972688,106.47150088139146
2065,Jawa Barat,Kabupaten Sukabumi,Satuan Pelayanan Taman Pesisir Penyu Pantai Pangumbahan,-7.329283406587522,106.39758602741745
2066,Jawa Barat,Kabupaten Sukabumi,Sparks Forest Adventure,-6.883995162291263,106.78707078323605
2067,Jawa Barat,Kabupaten Sukabumi,Taman Rekreasi Cimalati,-6.764940341693621,106.77434516604586
2068,Jawa Barat,Kabupaten Sukabumi,WISATA ALAM OASIS,-6.897181,106.938928
2069,Jawa Barat,Kabupaten Sumedang,KAMPUNG KARUHUN ECO GREEN PARK,-6.2297465,106.829518
2070,Jawa Barat,Kabupaten Sumedang,MATA AIR CIGIRANG,-6.730063390410873,107.98353321312663
2071,Jawa Barat,Kabupaten Sumedang,MUSEUM PRABU GEUSAN ULUN,-6.861135246232118,107.92080334225396
2072,Jawa Barat,Kabupaten Sumedang,NABAWADATALA,-6.912935646528372,107.9573361099808
2073,Jawa Barat,Kabupaten Sumedang,OBJEK WISATA TANJUNG DURIAT,-6.858431,108.09303
2074,Jawa Barat,Kabupaten Sumedang,TAHURA GUNUNG PALASARI GUNUNG KUNCI,-6.85607,107.91683
2075,Jawa Barat,Kabupaten Sumedang,WISATA KAMPOENG CIHERANG,-6.8293,107.79785
2076,Jawa Barat,Kabupaten Tasikmalaya,Daya tarik wisata,-7.571016,108.074327
2077,Jawa Barat,Kabupaten Tasikmalaya,Daya tarik wisata,-7.813126,108.299898
2078,Jawa Barat,Kabupaten Tasikmalaya,Daya Tarik Wisata ,-7.765327,108.061873
2079,Jawa Barat,Kabupaten Tasikmalaya,goa lanang,-6.2297465,106.829518
2080,Jawa Barat,Kabupaten Tasikmalaya,KOLAM RENG BUKIT KUBANG JAYA INDAH,-7523422,108.089878
2081,Jawa Barat,Kabupaten Tasikmalaya,LEWI MANGGU,-6.2297465,106.829518
2082,Jawa Barat,Kabupaten Tasikmalaya,Objek Wisata Cipanas Cipacing,-7.144908,108.170865
2083,Jawa Barat,Kabupaten Tasikmalaya,SIRCUIT BUKIT SICAREH,-6.2297465,106.829518
2084,Jawa Barat,Kabupaten Tasikmalaya,Situ alam pangwangunan,-6.2297465,106.829518
2085,Jawa Barat,Kabupaten Tasikmalaya,taman desa hegarwangi,-6.2297465,106.829518
2086,Jawa Barat,Kabupaten Tasikmalaya,TAMAN DESA HEGARWANGI,-6.2297465,106.829518
2087,Jawa Barat,Kabupaten Tasikmalaya,Wana Wisata Cipanas Galunggung,-7.2697369,108.0989551
2088,Jawa Barat,Kabupaten Tasikmalaya,Wana Wisata Kawah Galunggung,-7.257429,108.078298
2089,Jawa Barat,Kabupaten Tasikmalaya,WISATA ALAM BUKIT PASIRPEER,-6.2297465,106.829518
2090,Jawa Barat,Kabupaten Tasikmalaya,WISATA ALAM CANGKRUNG,-6.2297465,106.829518
2091,Jawa Barat,Kabupaten Tasikmalaya,Wisata Cipanas Galunggung,-72697369,1080989551
2092,Jawa Barat,Kota Bandung,Boulder Tampoline Park,-6.88823,"107,596"
2093,Jawa Barat,Kota Bandung,Hasan Batik Bandung,-6.88375,107.63305
2094,Jawa Barat,Kota Bandung,Kala Kini Nanti,-6.88893505013491,107.59603533300734
2095,Jawa Barat,Kota Bandung,Karang Setra Waterland,-6.87799,107.59471
2096,Jawa Barat,Kota Bandung,Kiara Artha Park,-6.91617,107.64226
2097,Jawa Barat,Kota Bandung,Museum Gedung Sate,-6.90263,107.61917
2098,Jawa Barat,Kota Bandung,Museum Konperensi Asia Afrika,-6.92126,107.60915
2099,Jawa Barat,Kota Bandung,Museum Sri Baduga,-6.93758,107.60344
2100,Jawa Barat,Kota Bandung,NuArt Sculpture Park,-6.87092,107.57212
2101,Jawa Barat,Kota Bandung,Saung Angklung Udjo,-6.89756,107.65468
2102,Jawa Barat,Kota Bandung,Sendang Pesona,-6.2297465,106.829518
2103,Jawa Barat,Kota Bandung,Studio Rosid,-6.88213640851598,107.6292916306816
2104,Jawa Barat,Kota Bandung,Taman Lalu Lintas,-6.9112,107.61334
2105,Jawa Barat,Kota Banjar,BIOSKOP,-7.37124,108.54327
2106,Jawa Barat,Kota Banjar,GELORA BANJAR PATROMAN,-7.34856,108.6339
2107,Jawa Barat,Kota Banjar,Kolam Pemancingan Galatama Telaga Salsabila,-7378,-108.53454
2108,Jawa Barat,Kota Banjar,KOLAM RENANG,-7.36875,108.55479
2109,Jawa Barat,Kota Banjar,KOLAM RENANG ,-7.37187,108.62811
2110,Jawa Barat,Kota Banjar,KOLAM RENANG,-7.37496,108.51788
2111,Jawa Barat,Kota Banjar,PADANG GOLF,-7.36443,108.55825
2112,Jawa Barat,Kota Banjar,TIRTA INDAH SINDANG GALIH,-7.36167,108.61564
2113,Jawa Barat,Kota Banjar,WISATA ALAM,-7.37648,108.55809
2114,Jawa Barat,Kota Banjar,WISATA ALAM,-7.41559,108.5687
2115,Jawa Barat,Kota Banjar,WISATA ALAM,-7.39853,108.52606
2116,Jawa Barat,Kota Banjar,WISATA ALAM,-7.36256,108.54598
2117,Jawa Barat,Kota Banjar,WISATA ALAM,-7.36543,108.48118
2118,Jawa Barat,Kota Banjar,WISATA BUATAN ,-7.37037,108.54449
2119,Jawa Barat,Kota Banjar,WISATA ZIARAH,-7.34505,108.63561
2120,Jawa Barat,Kota Banjar,WISATA ZIARAH,-7.35927,108.56013
2121,Jawa Barat,Kota Bekasi,CINEMA XXI,-6.2297465,106.829518
2122,Jawa Barat,Kota Bekasi,Curug Parigi,-6.2297465,106.829518
2123,Jawa Barat,Kota Bekasi,DANAU CIPEUCANG ,-6.2297465,106.829518
2124,Jawa Barat,Kota Bekasi,DANAU CIPEUCANG,-6.2297465,106.829518
2125,Jawa Barat,Kota Bekasi,DANAU DUTA HARAPAN ,-6.2297465,106.829518
2126,Jawa Barat,Kota Bekasi,DANAU LAGON,-6.2297465,106.829518
2127,Jawa Barat,Kota Bekasi,DANAU VIDA ,-6.2297465,106.829518
2128,Jawa Barat,Kota Bekasi,FUN CITY ,-6.2297465,106.829518
2129,Jawa Barat,Kota Bekasi,FUN CITY,-6.2297465,106.829518
2130,Jawa Barat,Kota Bekasi,FUN CITY,-6.2297465,106.829518
2131,Jawa Barat,Kota Bekasi,Grand Kota Bintang XXI,-6.243796,106.956872
2132,Jawa Barat,Kota Bekasi,HUTAN BAMBU ,-6.2297465,106.829518
2133,Jawa Barat,Kota Bekasi,HUTAN BAMBU,-6.2297465,106.829518
2134,Jawa Barat,Kota Bekasi,HUTAN KOTA ALUN ALUN,-6.2297465,106.829518
2135,Jawa Barat,Kota Bekasi,KIDZILLA ,-6.2297465,106.829518
2136,Jawa Barat,Kota Bekasi,Kranggan Waterpark,-6.2297465,106.829518
2137,Jawa Barat,Kota Bekasi,Plasa Cibubur XXI,-6.382957,106.925013
2138,Jawa Barat,Kota Bekasi,Pondok Gede XXI,-6.2297465,106.829518
2139,Jawa Barat,Kota Bekasi,Rumah Adat Kranggan,-6.2297465,106.829518
2140,Jawa Barat,Kota Bekasi,SITU  RAWALUMBU ,-6.2297465,106.829518
2141,Jawa Barat,Kota Bekasi,SITU RAWA GEDE ,-6.2297465,106.829518
2142,Jawa Barat,Kota Bekasi,SITU RAWA GEDE,-6.2297465,106.829518
2143,Jawa Barat,Kota Bekasi,Situ Rawa Pulo,-6.2297465,106.829518
2144,Jawa Barat,Kota Bekasi,Situs Sumur Hulu Cai,-6.2297465,106.829518
2145,Jawa Barat,Kota Bekasi,TIMEZONE ,-6.2297465,106.829518
2146,Jawa Barat,Kota Bekasi,TRANS SNOW WORLD ,-6.2297465,106.829518
2147,Jawa Barat,Kota Bekasi,TRANS SNOW WORLD,-6.2297465,106.829518
2148,Jawa Barat,Kota Bekasi,WISATA KERAMBA PETO,-6.2297465,106.829518
2149,Jawa Barat,Kota Bogor,Agro Eduwisata Organik Mulyaharja,-6.648272,106.787636
2150,Jawa Barat,Kota Bogor,Devoyage,-6.638222,106.795099
2151,Jawa Barat,Kota Bogor,Harkat Farm House,-6.5844124274315385,106.825270138969
2152,Jawa Barat,Kota Bogor,JBOUND,-6.624392,106.796917
2153,Jawa Barat,Kota Bogor,Kampung Batik Cibuluh,-6.55285686167891,106.82259778924023
2154,Jawa Barat,Kota Bogor,Kampung Labirin,-6.6078,106.80658
2155,Jawa Barat,Kota Bogor,Kampung Perca,-6.651464786237208,106.84574580795086
2156,Jawa Barat,Kota Bogor,Kolam Renang Yasmin,-6.559247,106.770898
2157,Jawa Barat,Kota Bogor,Marcopolo Water Adventure Bogor,-6.54775,106.782573
2158,Jawa Barat,Kota Bogor,Museum dan Monumen PETA,-6.585189,106.796214
2159,Jawa Barat,Kota Bogor,Museum Kepresidenan,-6.598149,106.795593
2160,Jawa Barat,Kota Bogor,Museum Tanah dan Pertanian,-6.603845,106.798016
2161,Jawa Barat,Kota Bogor,Rivera Outbound & Edutainment Bogor,-6.6241802381662165,106.79632596931263
2162,Jawa Barat,Kota Bogor,Saung Eling,-6.655108355556842,106.78343881068525
2163,Jawa Barat,Kota Bogor,Share Now ,-6.640444,106.798556
2164,Jawa Barat,Kota Bogor,The Bucket List Indonesia,-6.591122762289018,106.81583334662831
2165,Jawa Barat,Kota Bogor,The Jungle Waterpark,-6.634938,106.794908
2166,Jawa Barat,Kota Cimahi,Alam Wisata Cimahi,-6.84094,107.55122
2167,Jawa Barat,Kota Cimahi,BUMI ARENA CIMAHI,-6.86187,107.5502
2168,Jawa Barat,Kota Cimahi,Cempaka Cimahi,-6.86023,107.54827
2169,Jawa Barat,Kota Cimahi,DEWI TAPA,-6.91425,107.52343
2170,Jawa Barat,Kota Cimahi,Kolam Pemancingan Berkah,-6.86766,107.55277
2171,Jawa Barat,Kota Cimahi,Kolam Pemancingan Dimitri,-6.86442,107.55823
2172,Jawa Barat,Kota Cimahi,Kolam Pemancingan Eka Jaya,-6.86647,107.5566
2173,Jawa Barat,Kota Cimahi,Kolam Pemancingan Family Kamarung,-6.285385,107.55302
2174,Jawa Barat,Kota Cimahi,Kolam Pemancingan Galatama Lele Pak Zay,-6.84872,107.53778
2175,Jawa Barat,Kota Cimahi,Kolam Pemancingan Ikan Kang Trisman,-6.85394,107.55396
2176,Jawa Barat,Kota Cimahi,Kolam Pemancingan Pak Kus,-6.86589,107.55296
2177,Jawa Barat,Kota Cimahi,Kolam Pemancingan Pondok Bobojong Permai,-6.85649,107.53942
2178,Jawa Barat,Kota Cimahi,Kolam Renang Ciawitali,-6.867884,107.552757
2179,Jawa Barat,Kota Cimahi,KOLAM RENANG FAJAR PANORAMA,-6.86289,107.55614
2180,Jawa Barat,Kota Cimahi,KOLAM RENANG KENFER,-6.85551,107.55522
2181,Jawa Barat,Kota Cimahi,KOLAM RENANG SGO,-6.86095,107.55105
2182,Jawa Barat,Kota Cimahi,Kolam Renang Tirta Asri,-6.87694,107.56356
2183,Jawa Barat,Kota Cimahi,Makam Tentara Asing Belanda (Ereveld Leuwigajah),-6.90576,107.5293
2184,Jawa Barat,Kota Cimahi,PANDIGA EDUCREATION ,-6.8755,107.55543
2185,Jawa Barat,Kota Cimahi,Teras Ciseupan,-6.89259,107.51549
2186,Jawa Barat,Kota Cirebon,Cirebon Waterland Ade Irma Suryani (Data Tahun 2021) WISATA BUATAN,-6.718212,108.574176
2187,Jawa Barat,Kota Cirebon,Cirebon Waterland Ade Irma Suryani (Data Tahun 2022) WISATA BUATAN,-6.718212,108.574176
2188,Jawa Barat,Kota Cirebon,Keraton Kacirebonan,-6.7251924,108.5627971
2189,Jawa Barat,Kota Cirebon,Keraton Kacirebonan (Data Tahun 2021) WISATA BUDAYA,-6.7251924,108.5631887
2190,Jawa Barat,Kota Cirebon,Keraton Kacirebonan (Data Tahun 2022) WISATA BUDAYA,-6.7251924,108.5631887
2191,Jawa Barat,Kota Cirebon,Keraton Kaprabonan,-6.7213432,108.566665
2192,Jawa Barat,Kota Cirebon,Keraton Kasepuhan (Data Tahun 2021) WISATA BUDAYA,-6.7263285,108.5688174
2193,Jawa Barat,Kota Cirebon,Keraton Kasepuhan (Data Tahun 2022) WISATA BUDAYA,-6.7263285,108.5688174
2194,Jawa Barat,Kota Cirebon,NAV Karaoke Keluarga (Data Tahun 2021) WISATA BUATAN,-6.725018,108.550714
2195,Jawa Barat,Kota Cirebon,NAV Karaoke Keluarga (Data Tahun 2022) WISATA BUATAN,-6.725018,108.550714
2196,Jawa Barat,Kota Cirebon,Petilasan Makam Kalijaga,-6.7480985,108.5322826
2197,Jawa Barat,Kota Cirebon,Situs Makam Sunan Drajat,-6.734932,108.5598164
2198,Jawa Barat,Kota Cirebon,Situs Pedati Gede,-6.71781,108.5588151
2199,Jawa Barat,Kota Cirebon,Situs Taman Kera Kalijaga,-6.7480985,108.5487621
2200,Jawa Barat,Kota Cirebon,Taman Air Guha Sunyaragi (Data Tahun 2021) WISATA BUDAYA BUATAN,-6.7368665,108.5409101
2201,Jawa Barat,Kota Cirebon,Taman Air Guha Sunyaragi (Data Tahun 2022) WISATA BUDAYA BUATAN,-6.7368665,108.5409101
2202,Jawa Barat,Kota Cirebon,Wahaha Hotel & Entertainment (Data Tahun 2021) WISATA BUATAN,-6.7178226,108.5469571
2203,Jawa Barat,Kota Cirebon,Wahaha Hotel & Entertainment (Data Tahun 2022) WISATA BUATAN,-6.7178226,108.5469571
2204,Jawa Barat,Kota Depok,DKandang Amazing Farm,-6.401016,106.774528
2205,Jawa Barat,Kota Depok,Green Lake View Waterpark,-6.400679,106.878048
2206,Jawa Barat,Kota Depok,Pondok Zidane,-6.42674,106.769901
2207,Jawa Barat,Kota Depok,Putri Duyung waterboom,-6.418987,106.773403
2208,Jawa Barat,Kota Depok,Rumah Keramik F. Widayanto,-6.36889,106.803321
2209,Jawa Barat,Kota Depok,Taman Edukasi Godong Ijo,-6.370734,106.743858
2210,Jawa Barat,Kota Depok,Taman Wisata Pasir Putih,-6.405327,106.777197
2211,Jawa Barat,Kota Depok,Wisata Air Situ 7 Muara,-6.385453,106.754108
2212,Jawa Barat,Kota Depok,Wisata Air Situ cilodong,-6.433218,106.842299
2213,Jawa Barat,Kota Depok,Wisata Air Situ Citayam,-6.443999,106.799728
2214,Jawa Barat,Kota Depok,Wisata Air Situ Jatijajar,-6.421324,106.859014
2215,Jawa Barat,Kota Depok,Wisata Air Situ Pedongkelan,-6.348816,106.856848
2216,Jawa Barat,Kota Depok,Wisata Air Situ Pengasinan,-6.420783,106.749736
2217,Jawa Barat,Kota Depok,Yayasan Sahabat Ciliwung,-6.413383,106.818116
2218,Jawa Barat,Kota Sukabumi, museum  prabu siliwangi,-6.905441,106.914154
2219,Jawa Barat,Kota Sukabumi,aku cantik villa,-6.934475,106.914047
2220,Jawa Barat,Kota Sukabumi,Galeri arsip kipahare,-6.2297465,106.829518
2221,Jawa Barat,Kota Sukabumi,Galeri Dapuran Kipahare,-6.926116,106.924769
2222,Jawa Barat,Kota Sukabumi,Grand Cikareo Regency,-6.94035,106.908569
2223,Jawa Barat,Kota Sukabumi,happy puppy,-6.927928,106.933229
2224,Jawa Barat,Kota Sukabumi,Kampung Seniman Muslim Lemka,-6.2297465,106.829518
2225,Jawa Barat,Kota Sukabumi,kawasan agrowisata cikundul,-6.970127,106.912909
2226,Jawa Barat,Kota Sukabumi,Kolam Renang Pilarmas,-6.2297465,106.829518
2227,Jawa Barat,Kota Sukabumi,kolam renang pilarmas,-6.96395,106.936915
2228,Jawa Barat,Kota Sukabumi,kolam renang tirta nirwana,-6.957619,106.937632
2229,Jawa Barat,Kota Sukabumi,moviplex,-6.913612,106.931237
2230,Jawa Barat,Kota Sukabumi,museum pegadaian,-6.927746,106.92663
2231,Jawa Barat,Kota Sukabumi,Museum pegadaian,-6.926593,106.926898
2232,Jawa Barat,Kota Sukabumi,museum prabu siliwangi,-6.906588,106.913327
2233,Jawa Barat,Kota Sukabumi,museum tionghoa,-6.2297465,106.829518
2234,Jawa Barat,Kota Sukabumi,Museum Tionghoa Sukabumi,-6.926096,106.924732
2235,Jawa Barat,Kota Sukabumi,odeon kampung naga,-6.2297465,106.829518
2236,Jawa Barat,Kota Sukabumi,PAP cikundul,-6.972129,106.906101
2237,Jawa Barat,Kota Sukabumi,rumah budaya sukuraga,-6.928979,106.924495
2238,Jawa Barat,Kota Sukabumi,santa sea water park,-6.947234,106.939109
2239,Jawa Barat,Kota Sukabumi,Santa Sea Water Park,-6.9487653,106.9244978
2240,Jawa Barat,Kota Sukabumi,simi family reflexology,-6.915434,106.932768
2241,Jawa Barat,Kota Sukabumi,Taman  Rekreasi Olahraga Kenari,-6.914709,106.930121
2242,Jawa Barat,Kota Sukabumi,Tempat Rekreasi Olahraga Kenari,-6.914651,106.929726
2243,Jawa Barat,Kota Tasikmalaya,BUKIT NANGELA ,-6.2297465,106.829518
2244,Jawa Barat,Kota Tasikmalaya,CURUG TONJONG,-7.36717,108.251279
2245,Jawa Barat,Kota Tasikmalaya,KAMPUNG SALAPAN,-7.424757,108.195225
2246,Jawa Barat,Kota Tasikmalaya,PASIR PATAYA,-7.373501,108.268146
2247,Jawa Barat,Kota Tasikmalaya,SITU CIBEUREUM,-7.342888,108.250065
2248,Jawa Barat,Kota Tasikmalaya,SITU GEDE,-7.316839,108.21169
2249,Jawa Barat,Kota Tasikmalaya,Taman Wisata Karangresik,-7.311945,108.240017
2250,Jawa Barat,Kota Tasikmalaya,Tee Jay Waterpark,-7.342681,108.215767
2251,Jawa Tengah,Kabupaten Banjarnegara,ARUM JERAM SERAYU,7.416452,109.817205
2252,Jawa Tengah,Kabupaten Banjarnegara,BUARAN (bukit ares pawinihan),7.316695,109.677106
2253,Jawa Tengah,Kabupaten Banjarnegara,CURUG MERAWU GIRI TIRTA,7.225156,109.796337
2254,Jawa Tengah,Kabupaten Banjarnegara,CURUG PLETUK,7.442643,109.739317
2255,Jawa Tengah,Kabupaten Banjarnegara,KALI ANGET MANGUNAN,7.233842,109.639882
2256,Jawa Tengah,Kabupaten Banjarnegara,KALI ONGGOK,7.423249,109.543197
2257,Jawa Tengah,Kabupaten Banjarnegara,KAMPUNG GAGOT,7.43224784,109.60439371
2258,Jawa Tengah,Kabupaten Banjarnegara,KAWAH CANDRADIMUKA,-7.188906,109.853493
2259,Jawa Tengah,Kabupaten Banjarnegara,KAWAH SIKIDANG,7.220142,109.903994
2260,Jawa Tengah,Kabupaten Banjarnegara,KEBON TEH KERTOSARI,7.219935,109.686708
2261,Jawa Tengah,Kabupaten Banjarnegara,KOLAM CINTA,-7.320534,109.61782
2262,Jawa Tengah,Kabupaten Banjarnegara,KOLAM RENANG CANGKRING,-7.40763024,109.78748484
2263,Jawa Tengah,Kabupaten Banjarnegara,KOLAM RENANG GONDANG RIA,7.443831,109.541907
2264,Jawa Tengah,Kabupaten Banjarnegara,Kolam renang tirta sumber reja,-7.4303,109.541089
2265,Jawa Tengah,Kabupaten Banjarnegara,KOLAM RENANG TIRTA TEJA PAWEDEN,-7.300808,109.715156
2266,Jawa Tengah,Kabupaten Banjarnegara,KOLASKA (KOLAM ASMARA KALILUNJAR),-7.333288,109.715238
2267,Jawa Tengah,Kabupaten Banjarnegara,KOMPLEK CANDI ARJUNA,7.204881,109.906911
2268,Jawa Tengah,Kabupaten Banjarnegara,MONUMEN MAKAM Dr H SULISTIYO MPd,-7.4977655,109.5412248
2269,Jawa Tengah,Kabupaten Banjarnegara,MUSEUM KAILASA,-7.205103,109.904002
2270,Jawa Tengah,Kabupaten Banjarnegara,PULAS GARDEN,7.318991,109.656034
2271,Jawa Tengah,Kabupaten Banjarnegara,SEAKONG,-7.372997,109.619818
2272,Jawa Tengah,Kabupaten Banjarnegara,SERULINGMAS INTERACTIVE ZOO,7.390456,109.686901
2273,Jawa Tengah,Kabupaten Banjarnegara,SUMUR JALATUNDA,-7.193194,109.849406
2274,Jawa Tengah,Kabupaten Banjarnegara,SURYA YUDHA WATER PARK,7.38913,109.69072
2275,Jawa Tengah,Kabupaten Banjarnegara,TAMPOMAS,7.219966,109.434343
2276,Jawa Tengah,Kabupaten Banjarnegara,THE PIKAS ARTVENTURE,7.389224,109.744874
2277,Jawa Tengah,Kabupaten Banjarnegara,TIKAKO,7.331163,109.710532
2278,Jawa Tengah,Kabupaten Banjarnegara,TLAGA DRINGO,-7.186935,109.848376
2279,Jawa Tengah,Kabupaten Banjarnegara,TLAGA MERDADA,-7.209075,109.890607
2280,Jawa Tengah,Kabupaten Banjarnegara,WISATA DAWUHAN,7.267812,109.76789
2281,Jawa Tengah,Kabupaten Banjarnegara,wisata gunung kembang wangi mandaran,-7.262915,109.773904
2282,Jawa Tengah,Kabupaten Banyumas,Andhang Pangrenan,-7.2627,109.14371
2283,Jawa Tengah,Kabupaten Banyumas,BHUMI BAMBU BATURRADEN,-7.1852,109.1418
2284,Jawa Tengah,Kabupaten Banyumas,CURUG CIPENDOK,-72029,109738
2285,Jawa Tengah,Kabupaten Banyumas,CURUG JENGGALA,-7.3126,109.2111
2286,Jawa Tengah,Kabupaten Banyumas,Curug Telu,-7194,"109,143"
2287,Jawa Tengah,Kabupaten Banyumas,Damar Payung sumbang,-7194,109.1441
2288,Jawa Tengah,Kabupaten Banyumas,DEDAMARAN,-7.1846,"109,144"
2289,Jawa Tengah,Kabupaten Banyumas,DREAM LAND PARK PANCASAN,-72520,109429
2290,Jawa Tengah,Kabupaten Banyumas,Embung Banteran sumbang,-7.2113,"109,154"
2291,Jawa Tengah,Kabupaten Banyumas,Embung Rawa Bener,-7.3026,109.2143
2292,Jawa Tengah,Kabupaten Banyumas,GERMANGGIS,-72053,109739
2293,Jawa Tengah,Kabupaten Banyumas,HUTAN PINUS LIMPAKUWUS,-71826,1091437
2294,Jawa Tengah,Kabupaten Banyumas,Kolam Renang Taman Lokasana Asri,-7.3127,"109,201"
2295,Jawa Tengah,Kabupaten Banyumas,LOKAWISATA BATURADEN,-71848,1091344
2296,Jawa Tengah,Kabupaten Banyumas,MENARA TERATAI ,-72552,1091354
2297,Jawa Tengah,Kabupaten Banyumas,MENGGALA RANCH,-7248,10978
2298,Jawa Tengah,Kabupaten Banyumas,Mitra Jagawana Off Road Baturraden,-7.1855,109.1353
2299,Jawa Tengah,Kabupaten Banyumas,Museum Wayang Banyumas,-7.3053,109.1739
2300,Jawa Tengah,Kabupaten Banyumas,NEW SMALL WORLD,-71957,1091330
2301,Jawa Tengah,Kabupaten Banyumas,PANCURAN 7,-6.2297465,106.829518
2302,Jawa Tengah,Kabupaten Banyumas,TAMAN APUNG MAS KEMAMBANG,-72434,1091417
2303,Jawa Tengah,Kabupaten Banyumas,Taman Botani Baturraden,-7.1852,109.1418
2304,Jawa Tengah,Kabupaten Banyumas,TAMAN DESA RANDU BENGKONG ,-6.2297465,106.829518
2305,Jawa Tengah,Kabupaten Banyumas,Taman Lazuardi,-7.2154,109.1726
2306,Jawa Tengah,Kabupaten Banyumas,Taman Panemon,-7.2247,109.1555
2307,Jawa Tengah,Kabupaten Banyumas,Taman Sirib Happyland,-7.2631,109.5611
2308,Jawa Tengah,Kabupaten Banyumas,TAMAN WISATA CURUG SONG,-6.2297465,106.829518
2309,Jawa Tengah,Kabupaten Banyumas,Taman Wisata Sentana,-7354,109.22601
2310,Jawa Tengah,Kabupaten Banyumas,Taman Wisata Wanasuta,-7.2516,"108,575"
2311,Jawa Tengah,Kabupaten Banyumas,Telaga Sunyi,-7.1826,109.1435
2312,Jawa Tengah,Kabupaten Banyumas,THE FOREST ISLAND,-72234,1091422
2313,Jawa Tengah,Kabupaten Banyumas,THE VILLAGE,-72228,1091429
2314,Jawa Tengah,Kabupaten Banyumas,THR MONUMEN JENDRAL SOEDIRMAN,-72514,1091146
2315,Jawa Tengah,Kabupaten Banyumas,Wahana Edukasi dan Outbond Candi,-7244,109.1039
2316,Jawa Tengah,Kabupaten Banyumas,Wisata Alam Curug Pinang,-7.1841,109.1413
2317,Jawa Tengah,Kabupaten Banyumas,Wisata Buken,-7.2131,109.1432
2318,Jawa Tengah,Kabupaten Banyumas,WISATA CURUG BAYAN,-71929,109134
2319,Jawa Tengah,Kabupaten Banyumas,WISATA PAGUBUGAN MELUNG,-6.2297465,106.829518
2320,Jawa Tengah,Kabupaten Banyumas,WISATA PERENG CILONGOK,-7245,109831
2321,Jawa Tengah,Kabupaten Banyumas,WISATA RELIGI MASJID SAKA TUNGGAL,-72834,109321
2322,Jawa Tengah,Kabupaten Batang,AGRO WISATA PAGILARAN,-7.0639,109.5116
2323,Jawa Tengah,Kabupaten Batang,AGRO WISATA SELOPAJANG TIMUR,-7.068256,109.854294
2324,Jawa Tengah,Kabupaten Batang,BANDAR ECOPARK,-7.0207,109.4809
2325,Jawa Tengah,Kabupaten Batang,BUKIT SRI GUNUNG,-6572,109.5545
2326,Jawa Tengah,Kabupaten Batang,CURUG ARJUNA,-7.10348,109.86447
2327,Jawa Tengah,Kabupaten Batang,CURUG GOMBONG,-6.99671,109.86931
2328,Jawa Tengah,Kabupaten Batang,CURUG KANOMAN,-7.0517512,109.7556315
2329,Jawa Tengah,Kabupaten Batang,CURUG KEMBAR,-7.10501,109.86383
2330,Jawa Tengah,Kabupaten Batang,DESWITA PANDANSARI,-6.98165,109.720682
2331,Jawa Tengah,Kabupaten Batang,GAJAH MADA SPORT CENTER,-6.90631,109.71768
2332,Jawa Tengah,Kabupaten Batang,GANESHA,-7.075746,109.7549835
2333,Jawa Tengah,Kabupaten Batang,KEMBANGLANGIT PARK,-7.114374,109.816878
2334,Jawa Tengah,Kabupaten Batang,KOLAM CIBLON PANDAWA,-7.0208,109.5746
2335,Jawa Tengah,Kabupaten Batang,KOLAM RENANG ARYA NADA,-6.92283,109.9965
2336,Jawa Tengah,Kabupaten Batang,KOLAM RENANG BINA GARUT,-7.03393,109.79403
2337,Jawa Tengah,Kabupaten Batang,KOLAM RENANG COKRO KEMBANG,-6.97873,110.04794
2338,Jawa Tengah,Kabupaten Batang,KOLAM RENANG GEMPOL,-7.00827,109.92356
2339,Jawa Tengah,Kabupaten Batang,KOLAM RENANG KAMPUNG KALISALAK,-6.91966,109.72013
2340,Jawa Tengah,Kabupaten Batang,KOLAM RENANG LOBANG CERIA,-7.04556,109.928272
2341,Jawa Tengah,Kabupaten Batang,KOLAM RENANG TIRTA ASRI,-7.0017,109.5545
2342,Jawa Tengah,Kabupaten Batang,MAKAM AULIYA' SYEKH MAULANA MAGHRIBI,-7.08754,109.84118
2343,Jawa Tengah,Kabupaten Batang,MAKAM SYECH ABDURRAHMAN KAJORAN,-7.04469,109.75507
2344,Jawa Tengah,Kabupaten Batang,MAKAM SYECH MAULANA MAGHRIBI,-6.89205,109.79912
2345,Jawa Tengah,Kabupaten Batang,NGLESES TIRTA,-7.04973,109.80604
2346,Jawa Tengah,Kabupaten Batang,PANTAI CELONG,-6.5448,109.5528
2347,Jawa Tengah,Kabupaten Batang,PANTAI CEMORO ASRI KURIPAN,-6.5504,109.5344
2348,Jawa Tengah,Kabupaten Batang,PANTAI JODO,-6.923155,109.998862
2349,Jawa Tengah,Kabupaten Batang,PANTAI SIGANDU,-6.5254,"109,451"
2350,Jawa Tengah,Kabupaten Batang,Pantai Ujung Negoro,-6.5329,109.4751
2351,Jawa Tengah,Kabupaten Batang,PEMANCINGAN THE KOIS COKRO,-7.06632,109.8386
2352,Jawa Tengah,Kabupaten Batang,PEMANDIAN AIR PANAS SANGUBANYU,-7.099768,109.962753
2353,Jawa Tengah,Kabupaten Batang,Safari Beach Jateng,-6.5257,109.4523
2354,Jawa Tengah,Kabupaten Batang,SIGEMBOK HILLTOP,-7.13298,109.903815
2355,Jawa Tengah,Kabupaten Batang,SIGEMBOK HILLTOP,-7.13298,109.903815
2356,Jawa Tengah,Kabupaten Batang,TAMAN BUDAYA SYAILENDRA,-7.0825321,109.7724522
2357,Jawa Tengah,Kabupaten Batang,THR KRAMAT,-6.92486,109.73351
2358,Jawa Tengah,Kabupaten Batang,TIRTA ABIRAWA,-7.03056,109.80417
2359,Jawa Tengah,Kabupaten Batang,TOL KAYANGAN SIGEMPLONG,-7.17469,109.89693
2360,Jawa Tengah,Kabupaten Batang,WAY KAMBANG,-7.068445,109.854992
2361,Jawa Tengah,Kabupaten Batang,WISATA ALAM SIKEMBANG,-7.0539,109.4842
2362,Jawa Tengah,Kabupaten Batang,WISATA CURUG GENTING,-7.0556,109.4926
2363,Jawa Tengah,Kabupaten Blora,Kampung Bluron,-6.91061,111.464764
2364,Jawa Tengah,Kabupaten Blora,Kelorina,-7.0078325,110.9660769
2365,Jawa Tengah,Kabupaten Blora,Loco Tour Cepu,-7.138209,111.605488
2366,Jawa Tengah,Kabupaten Blora,Makam Sunan Pojok,-6.9701708,111.4122459
2367,Jawa Tengah,Kabupaten Blora,MC Edupark,-7.142581,111.585613
2368,Jawa Tengah,Kabupaten Blora,Syeh Abdul Qohar,-6.892549,111.442535
2369,Jawa Tengah,Kabupaten Blora,Tunjungan Waterpark,-6.964453,111.389688
2370,Jawa Tengah,Kabupaten Blora,Warung Duwur Blora Garden,-6.898129,111.488703
2371,Jawa Tengah,Kabupaten Blora,Water Splash Taman Sarbini,-6.96611,111.423639
2372,Jawa Tengah,Kabupaten Blora,Wisata Goa Terawang,-6.961881,111.195107
2373,Jawa Tengah,Kabupaten Blora,Wisata Puncak Mundri,-6.880074,111.489843
2374,Jawa Tengah,Kabupaten Blora,Wisata Puncak Serut,-6.972618,111.526272
2375,Jawa Tengah,Kabupaten Boyolali,Agro Wisata Kebon Gulo,-7.555266233863994,110.55307111559131
2376,Jawa Tengah,Kabupaten Boyolali,Alas Watu Kebonan,-7.35303155565195,110.63675995889714
2377,Jawa Tengah,Kabupaten Boyolali,BALE RANTJAH PARK,-7.577801213278805,110.67839543687896
2378,Jawa Tengah,Kabupaten Boyolali,Bukit Sanjaya,-7.498841729466376,110.45830921858914
2379,Jawa Tengah,Kabupaten Boyolali,Candi Lawang Cepogo,-7.523384462060097,110.51954555308347
2380,Jawa Tengah,Kabupaten Boyolali,Candi Sari Cepogo,-7.527748,110.512469
2381,Jawa Tengah,Kabupaten Boyolali,Cepogo Cheese Park,-7.506021,110.499398
2382,Jawa Tengah,Kabupaten Boyolali,Ekowisata Taman Air,-7.4928670487095514,110.6226007416181
2383,Jawa Tengah,Kabupaten Boyolali,EMBUNG MANAJAR,-7.495638,110.454677
2384,Jawa Tengah,Kabupaten Boyolali,Jalur Pendakian Gunung Merbabu Melalui Selo,-7.4837078096359635,110.45959504941548
2385,Jawa Tengah,Kabupaten Boyolali,"KARUNIA, Resto and Outbound",-7.493698285334757,110.62393325915575
2386,Jawa Tengah,Kabupaten Boyolali,Kawasan Makam R.Ng Yosodipuro & Umbul Sungsang Pengging,-7.551008646728115,110.6756570080849
2387,Jawa Tengah,Kabupaten Boyolali,Kebun Raya Indrokilo,-7.558884836608169,110.63098508643209
2388,Jawa Tengah,Kabupaten Boyolali,KOLAM RENANG MURAKABI,-7.454876208987597,110.51317681766406
2389,Jawa Tengah,Kabupaten Boyolali,Kuliner dan Pariwisata Lembah Gunung Madu,-7.410324866431928,110.68980030962106
2390,Jawa Tengah,Kabupaten Boyolali,KUSUMA POOL & RESTO,-7.543822636141571,110.56669073013038
2391,Jawa Tengah,Kabupaten Boyolali,Lestarindo Sport Garden,-7.530757536616156,110.5865448941984
2392,Jawa Tengah,Kabupaten Boyolali,Makam Kiageng Pantaran/ Syech Maulana Ibrahim Maghribi,-7.457601582584796,110.48567970788862
2393,Jawa Tengah,Kabupaten Boyolali,Makam Kyai Ageng Singoprono Gunung Tugel,-7.452452245327704,110.65973893581989
2394,Jawa Tengah,Kabupaten Boyolali,NEW SELO,-7.515755,110.452749
2395,Jawa Tengah,Kabupaten Boyolali,OASE Park Boyolali,-7.5241746758454084,110.63131901749637
2396,Jawa Tengah,Kabupaten Boyolali,Obyek Wisata Bulu serang Kedung Ombo,-7.25615259215933,110.81363106531236
2397,Jawa Tengah,Kabupaten Boyolali,Panorama waterpark,-7.567804790391386,110.63461801429551
2398,Jawa Tengah,Kabupaten Boyolali,PARAS MILK,-7.524215082902065,110.5423974956476
2399,Jawa Tengah,Kabupaten Boyolali,Paseban Agung Telatar Boyolali,-7.493210377233722,110.6218333539659
2400,Jawa Tengah,Kabupaten Boyolali,Patirtaan Cabean Kunti ( Sendang Pitu),-7.5031889290887,110.5388794111799
2401,Jawa Tengah,Kabupaten Boyolali,PEMANDIAN TIRTOMARTO PENGGING,-7.552540870720615,110.67518084150544
2402,Jawa Tengah,Kabupaten Boyolali,Petilasan Kebokanigoro,-7.508575291594505,110.46121110339345
2403,Jawa Tengah,Kabupaten Boyolali,Puncak Wonopotro,-6.2297465,106.829518
2404,Jawa Tengah,Kabupaten Boyolali,Taman Bunga Merapi Garden Selo,-7.497733252922158,110.46076331736572
2405,Jawa Tengah,Kabupaten Boyolali,Taman Mekarsari,-7.444778806232007,110.53702742092639
2406,Jawa Tengah,Kabupaten Boyolali,Taman Pandan Arum Boyolali,-7.530965839558905,110.59677492914612
2407,Jawa Tengah,Kabupaten Boyolali,TAMAN PETRUK,-7.506618,110.502638
2408,Jawa Tengah,Kabupaten Boyolali,Umbul Sewu Pengging,-7.54989350845427,110.67694770474233
2409,Jawa Tengah,Kabupaten Boyolali,Umbul Tirah Sempu,-7.418218840615347,110.75312072458361
2410,Jawa Tengah,Kabupaten Boyolali,Umbul Tirto Mulyo,-7.577276427121705,110.67864889225484
2411,Jawa Tengah,Kabupaten Boyolali,Waduk Bade,-6.2297465,106.829518
2412,Jawa Tengah,Kabupaten Boyolali,WADUK CENGKLIK,-7.51765082477177,110.73138817729054
2413,Jawa Tengah,Kabupaten Boyolali,Waduk Cengklik Park,-7.517882673120787,110.72570229523072
2414,Jawa Tengah,Kabupaten Boyolali,Wana Wisata Waduk Kedung Ombo,-7.2446523634158835,110.82720040844593
2415,Jawa Tengah,Kabupaten Brebes,Agrowisata Besaran Hijau,-6.967077,109.06153
2416,Jawa Tengah,Kabupaten Brebes,Ciblon Waterboom,-6.865478814844077,109.04806067456616
2417,Jawa Tengah,Kabupaten Brebes,Desa Wisata Mangrovesari,-6.800511,109.033432
2418,Jawa Tengah,Kabupaten Brebes,Destinasi Wisata Alam Curug Cantel,-7.227651,109.130329
2419,Jawa Tengah,Kabupaten Brebes,Dewi Shinta Waterpark,-6.869859831132709,109.00795306498252
2420,Jawa Tengah,Kabupaten Brebes,Dheal Balina Singowangi,-6.923505393419761,108.86295977153738
2421,Jawa Tengah,Kabupaten Brebes,Ekowisata Mangrove,-6.818132,108.864375
2422,Jawa Tengah,Kabupaten Brebes,Geger Halang Waduk Malahayu,-7.036389,108.807778
2423,Jawa Tengah,Kabupaten Brebes,Green Hills,-7.208979,109.079515
2424,Jawa Tengah,Kabupaten Brebes,Gunung Nyapa,-6.997653591208811,108.9187338682858
2425,Jawa Tengah,Kabupaten Brebes,Kampoeng Poerba,-7.190066338187646,108.99095436582527
2426,Jawa Tengah,Kabupaten Brebes,Kampung Soekadana (Makam Mbah Soekadana),-7.0332879815317595,109.0004891886699
2427,Jawa Tengah,Kabupaten Brebes,Kolam Renang Bisa ( Bina Bangsa ),-6.950048543366241,108.85806308134458
2428,Jawa Tengah,Kabupaten Brebes,Musium Purbakala Bumiayu,-7.2542610435685715,109.01158592912735
2429,Jawa Tengah,Kabupaten Brebes,Obyek Wisata Podomoro Brebes,-7.001318196300571,108.94863794827131
2430,Jawa Tengah,Kabupaten Brebes,Pantai Randusanga Indah,-6.825915,109.08651
2431,Jawa Tengah,Kabupaten Brebes,PAP Cipanas Buaran,-7.252289,108.943071
2432,Jawa Tengah,Kabupaten Brebes,PAP Tirta Husada,-7.321707,109.009429
2433,Jawa Tengah,Kabupaten Brebes,Pesona Mayga,-6.950731818061109,108.98256230645706
2434,Jawa Tengah,Kabupaten Brebes,Pulau Hantu Sigempol ,-6.810953,109.073352
2435,Jawa Tengah,Kabupaten Brebes,Rintisan Wisata Alam Goa Lawa,-7.041802,109.009953
2436,Jawa Tengah,Kabupaten Brebes,Taman BSD Kertabesuki,-6.838371761052033,109.01924639183954
2437,Jawa Tengah,Kabupaten Brebes,Taman Wisata Mini Bumi Harmoni,-7.15358,108.981736
2438,Jawa Tengah,Kabupaten Brebes,Tanggungsari WaterPark,-6.95660701958174,108.88325836199905
2439,Jawa Tengah,Kabupaten Brebes,Teras Padi,-7.284228090469522,109.05635702166354
2440,Jawa Tengah,Kabupaten Brebes,The Heritage 1842 Pabrik Gula,-6.968058,109.062035
2441,Jawa Tengah,Kabupaten Brebes,Tuk Sirah Pemali ,-7.328777,109.065727
2442,Jawa Tengah,Kabupaten Brebes,View Dadablangan (Bukit Dadablangan),-7.020732722297062,108.80796909703523
2443,Jawa Tengah,Kabupaten Brebes,Wisata Agro Kaligua,-7.28403,109.111396
2444,Jawa Tengah,Kabupaten Brebes,Wisata Alam Bukit Sarongge Hills,-7.171621,108.757436
2445,Jawa Tengah,Kabupaten Brebes,Wisata Alam Gunung Geulis Learning Center,-7.193501,108.913702
2446,Jawa Tengah,Kabupaten Brebes,Wisata Ciradu Gegerhalang Indah,-7.039335887074637,108.82834518443647
2447,Jawa Tengah,Kabupaten Brebes,Wisata Hutan Pinus Bukit Bei,-7.30749,108.988791
2448,Jawa Tengah,Kabupaten Brebes,Wisata Pantai Pulau Cemara ,-6.79529,108.992121
2449,Jawa Tengah,Kabupaten Brebes,Wisata Pasir Gibug,-7.069317,108.786043
2450,Jawa Tengah,Kabupaten Brebes,Wisata Tambak Jaya Indah,-6.84542695427598,108.92810115768732
2451,Jawa Tengah,Kabupaten Cilacap,Air Panas Cipari,-7.430781,108.766164
2452,Jawa Tengah,Kabupaten Cilacap,Banaran Water Boom,-7.515601,108.845835
2453,Jawa Tengah,Kabupaten Cilacap,Benteng Pendem,-7.748926,109.018971
2454,Jawa Tengah,Kabupaten Cilacap,Cigimbal Park,-7.664432,109.035719
2455,Jawa Tengah,Kabupaten Cilacap,Curug Mandala,-7.583667,109.047088
2456,Jawa Tengah,Kabupaten Cilacap,Havana Hills,-7.61467,109.013633
2457,Jawa Tengah,Kabupaten Cilacap,Hutan Payau,-7.667904,109.029199
2458,Jawa Tengah,Kabupaten Cilacap,Kemit Forest Education,-7.467152,108.840284
2459,Jawa Tengah,Kabupaten Cilacap,Kolam Renang Banyu Pratama,-7.580604,109.186157
2460,Jawa Tengah,Kabupaten Cilacap,Kolam Renang Sentul Water Park dan Hall,-7.707908,109.02067
2461,Jawa Tengah,Kabupaten Cilacap,Kolam Renang Tirta Ceria,-7.551435,108.880586
2462,Jawa Tengah,Kabupaten Cilacap,Kolam Renang Tirta Mas Indah Cilacap,-7.704277,109.015805
2463,Jawa Tengah,Kabupaten Cilacap,Kolam Renang Tirta Wugu,-7.623055,109.085541
2464,Jawa Tengah,Kabupaten Cilacap,Museum Soesilo Soedarman,-7.600327,109.212076
2465,Jawa Tengah,Kabupaten Cilacap,Pantai Cemara Sewu Bunton,-7.67937,109.158461
2466,Jawa Tengah,Kabupaten Cilacap,Pantai Cemara Sewu Jetis,-7.714418,109.370146
2467,Jawa Tengah,Kabupaten Cilacap,Pantai Indah Widarapayung,-7.695961,109.264232
2468,Jawa Tengah,Kabupaten Cilacap,Pantai Jetis (Bungso dan Congot),-7.718942,109.382364
2469,Jawa Tengah,Kabupaten Cilacap,Pantai Kamulyan,-7.710521,109.037254
2470,Jawa Tengah,Kabupaten Cilacap,Pantai Ketapang Indah,-7.691853,109.293934
2471,Jawa Tengah,Kabupaten Cilacap,Pantai Lancang Indah,-7.696851,109.246371
2472,Jawa Tengah,Kabupaten Cilacap,Pantai Menganti,-7.687076,109.079021
2473,Jawa Tengah,Kabupaten Cilacap,Pantai Sidayu Indah,-7.69525,109.258236
2474,Jawa Tengah,Kabupaten Cilacap,Pantai Singkil Indah,-7.703563,109.337701
2475,Jawa Tengah,Kabupaten Cilacap,Pantai Sodong,-7.686926,109.184996
2476,Jawa Tengah,Kabupaten Cilacap,Pantai Teluk Penyu,-7.733863,109.019728
2477,Jawa Tengah,Kabupaten Cilacap,Sena Park,-7.634983,109.249398
2478,Jawa Tengah,Kabupaten Cilacap,Taman Dinosaurus,-7.488078,108.861055
2479,Jawa Tengah,Kabupaten Cilacap,Taman Pesona Rengganis,-7.515989,108.791468
2480,Jawa Tengah,Kabupaten Cilacap,Taman Pesona Serayu,-7.654976,109.123412
2481,Jawa Tengah,Kabupaten Cilacap,Taman Wisata Sari Rasa,-7.580333,109.235451
2482,Jawa Tengah,Kabupaten Cilacap,Waduk Koebangkangkoeng,-7.615563,108.960412
2483,Jawa Tengah,Kabupaten Cilacap,Wana Wisata Gunung Selok,-7.680727,109.184969
2484,Jawa Tengah,Kabupaten Demak,Abon-abonan ,-6.899815666478119,110.64889795454566
2485,Jawa Tengah,Kabupaten Demak,argowisata jambu kristal ,-6.968751437336545,110.72395149206756
2486,Jawa Tengah,Kabupaten Demak,aria waterboom,-6.9951493,110.6016034
2487,Jawa Tengah,Kabupaten Demak,catur sasongko,-6.899698503981807,110.64889795454566
2488,Jawa Tengah,Kabupaten Demak,Edukasi Mangrove,-6.790688405506787,110.57451195508932
2489,Jawa Tengah,Kabupaten Demak,Eko mangrove Gotik,-6.79610494280228,110.58329140903277
2490,Jawa Tengah,Kabupaten Demak,grebek besar ( pesta rakyat),-6.899170829088831,110.63756523384394
2491,Jawa Tengah,Kabupaten Demak,Hutan kota mahesa jenar ,-6.902291320479525,110.62863988130796
2492,Jawa Tengah,Kabupaten Demak,makam abdul rohman ,-6.796150141561758,110.58301071101934
2493,Jawa Tengah,Kabupaten Demak,Makam sunan kalijaga demak,-6.902791,110.644723
2494,Jawa Tengah,Kabupaten Demak,masjid agung demak ,-6.894717,110.637375
2495,Jawa Tengah,Kabupaten Demak,museum,-6.894729,110.637366
2496,Jawa Tengah,Kabupaten Demak,museum gelagah wangi,-6.89608,110.637749
2497,Jawa Tengah,Kabupaten Demak,pantai glagah wangi ,-6.861659,110.532318
2498,Jawa Tengah,Kabupaten Demak,pantai morosari,-6.911959,110.497006
2499,Jawa Tengah,Kabupaten Demak,pantai onggojoyo ,-6.779321508820658,110.55318465247002
2500,Jawa Tengah,Kabupaten Demak,pasar ndoro bei ,-6.8970451051214905,110.64914465639859
2501,Jawa Tengah,Kabupaten Demak,pemancingan onggojoyo ,-6.7938692282841755,110.57634472064473
2502,Jawa Tengah,Kabupaten Demak,prajurit 40an,-6.891672156784616,10.63855500057885
2503,Jawa Tengah,Kabupaten Demak,rowo mijen degega,-6.810314,110.735437
2504,Jawa Tengah,Kabupaten Demak,sumur gandeng ,-6.807656927211397,110.73419931014264
2505,Jawa Tengah,Kabupaten Demak,sumur kramat jolo tundo ,-6.897183570662522,110.64909101221784
2506,Jawa Tengah,Kabupaten Demak,taman air polaris,-6.906061,110.650516
2507,Jawa Tengah,Kabupaten Demak,Tembiring Creatif Fun,-6.899021713015807,110.63752231854266
2508,Jawa Tengah,Kabupaten Demak,Terapi ikan ,-6.883033926489892,110.73278100829077
2509,Jawa Tengah,Kabupaten Demak,Tirt indah,-6.9290978331459865,110.6849834659638
2510,Jawa Tengah,Kabupaten Demak,Tumpeng 9,-6.871804400293901,110.63831133872426
2511,Jawa Tengah,Kabupaten Demak,tumpi kolam renang ,-7.031235156,110.589486
2512,Jawa Tengah,Kabupaten Demak,Wisata park tembalang asri,-6.883065881024104,110.73278100829077
2513,Jawa Tengah,Kabupaten Demak,Wisata petik jeruk demak,-6.8078811612993775,110.77700219479807
2514,Jawa Tengah,Kabupaten Grobogan,Air terjun widuri,-6.2297465,106.829518
2515,Jawa Tengah,Kabupaten Grobogan,Baby Vulcano,-7.119939,111.110459
2516,Jawa Tengah,Kabupaten Grobogan,Bledug Kuwu,-7.117305,111.121395
2517,Jawa Tengah,Kabupaten Grobogan,Bloombang waterpark ayodya,-7.075383,110.8857
2518,Jawa Tengah,Kabupaten Grobogan,Candi joglo,-7.120911,110.90969
2519,Jawa Tengah,Kabupaten Grobogan,D'mond,-6.2297465,106.829518
2520,Jawa Tengah,Kabupaten Grobogan,De bale cingkrong,-7.08457,110.86778
2521,Jawa Tengah,Kabupaten Grobogan,Geopark,-7.0253472,110.8898683
2522,Jawa Tengah,Kabupaten Grobogan,Goa lawa goa macan,-6.976163,110.951219
2523,Jawa Tengah,Kabupaten Grobogan,Goa Maria,-7.129445,110.697246
2524,Jawa Tengah,Kabupaten Grobogan,Green lake kedung ombo,-6.2297465,106.829518
2525,Jawa Tengah,Kabupaten Grobogan,Gugel park,-6.2297465,106.829518
2526,Jawa Tengah,Kabupaten Grobogan,Jati Pohon Indah,-6.986239,110.929302
2527,Jawa Tengah,Kabupaten Grobogan,Jowo dhuwur view,-6.993584,111.131594
2528,Jawa Tengah,Kabupaten Grobogan,Kolam renang rahmatika,-6.2297465,106.829518
2529,Jawa Tengah,Kabupaten Grobogan,Kolam Renang Water n Snow Gubug,-7.0528629,110.6607312
2530,Jawa Tengah,Kabupaten Grobogan,Makam Ki Ageng Selo,-7.097912,111.000473
2531,Jawa Tengah,Kabupaten Grobogan,Makam Ki Ageng Tarub,-7.062637,111.015253
2532,Jawa Tengah,Kabupaten Grobogan,Master park,-7.087385,110.895689
2533,Jawa Tengah,Kabupaten Grobogan,Mini zoo,-6.2297465,106.829518
2534,Jawa Tengah,Kabupaten Grobogan,Pongol Island,-7.202567,111.099005
2535,Jawa Tengah,Kabupaten Grobogan,Rumah Fosil,-7.108047,111.208186
2536,Jawa Tengah,Kabupaten Grobogan,Sendang coyo,-7.179758,111.050673
2537,Jawa Tengah,Kabupaten Grobogan,Tanjung water park,-7.057474,111.17774
2538,Jawa Tengah,Kabupaten Grobogan,Wana wisata cindelaras,-7.184746,110.923735
2539,Jawa Tengah,Kabupaten Grobogan,Waterboom mulia,-6.2297465,106.829518
2540,Jawa Tengah,Kabupaten Grobogan,Wisata tengah sawah,-6.2297465,106.829518
2541,Jawa Tengah,Kabupaten Grobogan,Wonosari kedung ombo,-7.251963,110.83475
2542,Jawa Tengah,Kabupaten Jepara,Air Terjun Juranganten,-6.2297465,106.829518
2543,Jawa Tengah,Kabupaten Jepara,Andina Swimming Pool,-6.490723,110.823317
2544,Jawa Tengah,Kabupaten Jepara,Astana Hinggil,-6.2297465,106.829518
2545,Jawa Tengah,Kabupaten Jepara,Belik Winong,-6.2297465,106.829518
2546,Jawa Tengah,Kabupaten Jepara,Benteng Portugis,-6.75659,111.03208
2547,Jawa Tengah,Kabupaten Jepara,Bukit Bejagan,-6.2297465,106.829518
2548,Jawa Tengah,Kabupaten Jepara,Bukit Indah Batealit,-6.621797,110.806472
2549,Jawa Tengah,Kabupaten Jepara,Candi Angin,-6.2297465,106.829518
2550,Jawa Tengah,Kabupaten Jepara,Goa Tritip,-6.2297465,106.829518
2551,Jawa Tengah,Kabupaten Jepara,Gong Perdamaian Dunia,-6.2297465,106.829518
2552,Jawa Tengah,Kabupaten Jepara,Jepara Ourland Park,-6.54695,110.66291
2553,Jawa Tengah,Kabupaten Jepara,K & S Pool Outbound,-6.2297465,106.829518
2554,Jawa Tengah,Kabupaten Jepara,Klenteng Hian Thian Siang Tee Welahan,-6.2297465,106.829518
2555,Jawa Tengah,Kabupaten Jepara,Museum R.A. Kartini Jepara,-6.5887659,110.674162
2556,Jawa Tengah,Kabupaten Jepara,Pantai Bulak Baru,-6.2297465,106.829518
2557,Jawa Tengah,Kabupaten Jepara,Pantai Clumik,-6.2297465,106.829518
2558,Jawa Tengah,Kabupaten Jepara,Pantai Empurancak,-6.2297465,106.829518
2559,Jawa Tengah,Kabupaten Jepara,Pantai Kartini Jepara,-6.52586002494,110.760401583
2560,Jawa Tengah,Kabupaten Jepara,Pantai Teluk Awur,-6.6149,110.648511
2561,Jawa Tengah,Kabupaten Jepara,Pantai Tirta Pesona,-6.2297465,106.829518
2562,Jawa Tengah,Kabupaten Jepara,Pantai Tirta Samudra,-7.3528541,111.0143545
2563,Jawa Tengah,Kabupaten Jepara,Rainbow Adventure Park,-6.2297465,106.829518
2564,Jawa Tengah,Kabupaten Jepara,Sendang Kamulyan,-6.2297465,106.829518
2565,Jawa Tengah,Kabupaten Jepara,Taman Buah Takamas,-6.2297465,106.829518
2566,Jawa Tengah,Kabupaten Jepara,Taman Kelinci Petekeyan,-6.2297465,106.829518
2567,Jawa Tengah,Kabupaten Jepara,Tiara Park,-6.735167,110.713593
2568,Jawa Tengah,Kabupaten Jepara,Wisata Gua Sakti,-6.581581,110.785119
2569,Jawa Tengah,Kabupaten Karanganyar,AGROWISATA AMANAH,-7.63167,111.10661
2570,Jawa Tengah,Kabupaten Karanganyar,AIR TERJUN JUMOG,-7.63098,111.12687
2571,Jawa Tengah,Kabupaten Karanganyar,ASTANA GIRIBANGUN,-7.65161,111.07136
2572,Jawa Tengah,Kabupaten Karanganyar,Candi Sukuh,-7.62733,111.131541
2573,Jawa Tengah,Kabupaten Karanganyar,Cemoro Kandang,-7.663372,111.186815
2574,Jawa Tengah,Kabupaten Karanganyar,DE TJOLOMADOE,-6.2297465,106.829518
2575,Jawa Tengah,Kabupaten Karanganyar,Dolphin Tugu Waterpark,-7.652551,110.955506
2576,Jawa Tengah,Kabupaten Karanganyar,EDUPARK ALASKA,-7.552389,111.04239
2577,Jawa Tengah,Kabupaten Karanganyar,Embun Lawu,-7.663006,111.1779
2578,Jawa Tengah,Kabupaten Karanganyar,GRAND SONDOKORO,-7.57123,110.937131
2579,Jawa Tengah,Kabupaten Karanganyar,GROJOKAN SEWU TAWANGMANGU,-7.66319,111.13378
2580,Jawa Tengah,Kabupaten Karanganyar,INTANPARI WOTERPARK,-7.5886,110.95243
2581,Jawa Tengah,Kabupaten Karanganyar,KAMPUNG HALLOWEN ,-7.6662895,111.145031
2582,Jawa Tengah,Kabupaten Karanganyar,KEMBANG DESA DAWUNG,-7.64369,111.02552
2583,Jawa Tengah,Kabupaten Karanganyar,KEMUNING SKY HILLS,-7.599915,831.123274
2584,Jawa Tengah,Kabupaten Karanganyar,LEMBAH MANAH MATARAM,-6.2297465,106.829518
2585,Jawa Tengah,Kabupaten Karanganyar,NEW BALEKAMBANG,-7.66252,111.13333
2586,Jawa Tengah,Kabupaten Karanganyar,PADEPOKAN KERIS BROJOBUWONO,-7.5001,110.80844
2587,Jawa Tengah,Kabupaten Karanganyar,Pakel Stable,-7.639046,111.09012101437
2588,Jawa Tengah,Kabupaten Karanganyar,Pesona Taman Sari,-7.53606,111.062066
2589,Jawa Tengah,Kabupaten Karanganyar,Pitik Cilik Waterpark,-7.521332,110.961856
2590,Jawa Tengah,Kabupaten Karanganyar,PRINGGONDANI,-7.661423,111.156522
2591,Jawa Tengah,Kabupaten Karanganyar,RUMAH ATSIRI INDONESIA,-7.65481,111.10143
2592,Jawa Tengah,Kabupaten Karanganyar,SAKURA HILL,-7.664168,111.185376
2593,Jawa Tengah,Kabupaten Karanganyar,SAPTA TIRTA,-7.63207,111.05687
2594,Jawa Tengah,Kabupaten Karanganyar,Senatah Adventure,-7.610629,111.1150629
2595,Jawa Tengah,Kabupaten Karanganyar,Taman Hutan Raya KGPAA Mangkunegoro I,-7.627458,111.132399
2596,Jawa Tengah,Kabupaten Karanganyar,TAMAN SATWA KEMUNING,-7.60398,111.12515
2597,Jawa Tengah,Kabupaten Karanganyar,TAWANGMANGU WONDER PARK,-7.66011,111.1451
2598,Jawa Tengah,Kabupaten Karanganyar,Telaga Kusuma,-7.666397,111.046075
2599,Jawa Tengah,Kabupaten Karanganyar,TELAGA MADIRGA,-7.63981,111.13101
2600,Jawa Tengah,Kabupaten Karanganyar,Tenggir Park,-7.627612,111.132613
2601,Jawa Tengah,Kabupaten Karanganyar,THE LAWU FRESH,-7.62043,111.11134
2602,Jawa Tengah,Kabupaten Karanganyar,THE LAWU PARK ,-7.664584,111.176328
2603,Jawa Tengah,Kabupaten Karanganyar,Watu Gambir Park,-7.631045,111.106417
2604,Jawa Tengah,Kabupaten Karanganyar,WISATA AGRO KAMPOENG KARET,-7.62316,111.10353
2605,Jawa Tengah,Kabupaten Karanganyar,Wisata Pulau Kelapa,-7.646592,111.035243
2606,Jawa Tengah,Kabupaten Kebumen,Benteng Van Der Wijck Gombong,-7.2297465,109.829518
2607,Jawa Tengah,Kabupaten Kebumen,Brujul  Adventure Park,-7.676262,109.644102
2608,Jawa Tengah,Kabupaten Kebumen,Bukit Comal Curug Kedondong,-7.543134,109.604433
2609,Jawa Tengah,Kabupaten Kebumen,Bukit Hud,-7.7597,109.46634
2610,Jawa Tengah,Kabupaten Kebumen,Bukit Pentulu Indah,7.535891,109.677864
2611,Jawa Tengah,Kabupaten Kebumen,Desa Wisata Petruk Jaya,-7.716537,109.392874
2612,Jawa Tengah,Kabupaten Kebumen,Embung Seloasri,-7.509157,109.781802
2613,Jawa Tengah,Kabupaten Kebumen,Goa Barat,-7.66463,109.43604
2614,Jawa Tengah,Kabupaten Kebumen,Goa Jati Jajar,-7.2297465,109.829518
2615,Jawa Tengah,Kabupaten Kebumen,Goa Petruk,-7.703834,109.398119
2616,Jawa Tengah,Kabupaten Kebumen,Jembangan,-7.7654265,109.770904
2617,Jawa Tengah,Kabupaten Kebumen,Jemur Adventure Park,-7.645265,109.657675
2618,Jawa Tengah,Kabupaten Kebumen,Kampoeng ETNIK Kebumen,-7.673256,109.653059
2619,Jawa Tengah,Kabupaten Kebumen,KEE Mangrove,-7.71877,109.39208
2620,Jawa Tengah,Kabupaten Kebumen,Konservasi  Penyu Kaliratu  Kebumen,-7.769947,109.610208
2621,Jawa Tengah,Kabupaten Kebumen,Pantai Cemoro Sewu,-7.759172,109.574443
2622,Jawa Tengah,Kabupaten Kebumen,Pantai Criwik Kebumen,-7.751688,109.492401
2623,Jawa Tengah,Kabupaten Kebumen,Pantai Heppii Ayam Putih,-7.7871,109.64467
2624,Jawa Tengah,Kabupaten Kebumen,Pantai Karang Bolong,-7.756878,109.461172
2625,Jawa Tengah,Kabupaten Kebumen,Pantai Kembar Terpadu,-7.752369,109.491041
2626,Jawa Tengah,Kabupaten Kebumen,Pantai Laguna Bopong,-7.76058,109.51862
2627,Jawa Tengah,Kabupaten Kebumen,Pantai Laguna Lembur Purwo,-7.813589,109.802377
2628,Jawa Tengah,Kabupaten Kebumen,Pantai Lampon,-7.770702,109.434981
2629,Jawa Tengah,Kabupaten Kebumen,Pantai Logending,-7.7758048,109.468048
2630,Jawa Tengah,Kabupaten Kebumen,Pantai Menganti Kebumen,-7.761344,109.411983
2631,Jawa Tengah,Kabupaten Kebumen,Pantai Mliwis Ambal,-7.791837,109.715368
2632,Jawa Tengah,Kabupaten Kebumen,Pantai Petanahan,-7.2297465,109.829518
2633,Jawa Tengah,Kabupaten Kebumen,Pantai Setro Jenar,-7.7921,109.66362
2634,Jawa Tengah,Kabupaten Kebumen,Pantai Surumanis,-7.77225,109.43034
2635,Jawa Tengah,Kabupaten Kebumen,Pantai Suwuk,-7.757981,109.47364
2636,Jawa Tengah,Kabupaten Kebumen,Pantai Watu Bale,-7.2765041,109.440226
2637,Jawa Tengah,Kabupaten Kebumen,Pantai Wuni Melodi,-7.806786,109.767725
2638,Jawa Tengah,Kabupaten Kebumen,Pemandian Air Panas Krakal,-7.614077,109.69954
2639,Jawa Tengah,Kabupaten Kebumen,Pitris Ocean View,-7.75954,109.40561
2640,Jawa Tengah,Kabupaten Kebumen,Rumah Martha Tilaar,-7.606841,109.509856
2641,Jawa Tengah,Kabupaten Kebumen,Sagara View of Karangbolong,-7.75407,109.461504
2642,Jawa Tengah,Kabupaten Kebumen,Taman Reptil Adiluhur Adimulyo,-7.685385,109.551673
2643,Jawa Tengah,Kabupaten Kebumen,Waduk Sempor,-7.566497,109.484343
2644,Jawa Tengah,Kabupaten Kebumen,Waduk Wadas Lintang,-7.61091,109.78319
2645,Jawa Tengah,Kabupaten Kebumen,Water Park Gading Kebumen,-7.67354,109.643751
2646,Jawa Tengah,Kabupaten Kendal,AGRO WISATA TIRTO ARUM BARU,-6.921453,110.182981
2647,Jawa Tengah,Kabupaten Kendal,ALAS TLEDOK ASRI,-7.089955886516304,110.00622890100793
2648,Jawa Tengah,Kabupaten Kendal,CURUG SEWU KENDAL,-7.085452361535939,110.10665430114247
2649,Jawa Tengah,Kabupaten Kendal,GOA KISKENDO,-7.05937950737901,110.24212812484896
2650,Jawa Tengah,Kabupaten Kendal,KALITERONG ASRI,-7.0984,109.99287
2651,Jawa Tengah,Kabupaten Kendal,KAMPOENG TEPI SAWAH,-7.100435032083444,110.27533553762571
2652,Jawa Tengah,Kabupaten Kendal,KARAOKE GADING ASRI,-7.125073059124157,110.27899723039579
2653,Jawa Tengah,Kabupaten Kendal,KARAOKE VALENTIN 2,-7.04608,110.05025
2654,Jawa Tengah,Kabupaten Kendal,KEDUNG PENGILON KENDAL,-7.011409765900336,110.18730685313218
2655,Jawa Tengah,Kabupaten Kendal,KOLAM RENANG BOJA,-7.101441645515088,110.27555289601369
2656,Jawa Tengah,Kabupaten Kendal,KOLAM RENANG LERI (PINGUIN X-KUTO),-6.956946263023575,110.0533774082962
2657,Jawa Tengah,Kabupaten Kendal,KOLAM RENANG MAGELUNG,-6.9805836175514715,110.23641911858321
2658,Jawa Tengah,Kabupaten Kendal,KOLAM RENANG PROSOTAN PLANTARAN,-6.966005434362402,110.23985771135669
2659,Jawa Tengah,Kabupaten Kendal,KOLAM RENANG SEKATUL,-7.139819368849115,110.30011427237972
2660,Jawa Tengah,Kabupaten Kendal,Kolam Renang Tegalpolo,-6.978119906366843,110.22941724460793
2661,Jawa Tengah,Kabupaten Kendal,Kolam Renang WaterLife - Purworejo,-6.974667662318764,110.12249372083838
2662,Jawa Tengah,Kabupaten Kendal,LEMBAH NIRWANA,-7.19069795022841,110.30819878067219
2663,Jawa Tengah,Kabupaten Kendal,NUSANTARA WATER PARK BOJA,-7.101204640029424,110.3047313667031
2664,Jawa Tengah,Kabupaten Kendal,OMAH'E OPA TAMAN DONOROJO,-7.079415242243087,110.1730025052574
2665,Jawa Tengah,Kabupaten Kendal,PANTAI CAHAYA,-6.902777,110.065339
2666,Jawa Tengah,Kabupaten Kendal,PANTAI INDAH KEMANGI,-6.890309738926785,110.10608939625101
2667,Jawa Tengah,Kabupaten Kendal,PANTAI MUARA KENCAN,-6.85779610786429,110.16507835263485
2668,Jawa Tengah,Kabupaten Kendal,PANTAI SENDANG SIKUCING,-6.902846193605183,110.06067490272382
2669,Jawa Tengah,Kabupaten Kendal,pemancingan mbah gober,-7.095337782852659,110.2646711551992
2670,Jawa Tengah,Kabupaten Kendal,PEMANCINGAN NAILA,-6.941273115859359,110.21765279504991
2671,Jawa Tengah,Kabupaten Kendal,PEMANCINGAN SEKATUL,-7.139823843903711,-7.139823843903711
2672,Jawa Tengah,Kabupaten Kendal,PEMANCINGAN SUMBER ALAM,-7.100191629771272,110.2898671922342
2673,Jawa Tengah,Kabupaten Kendal,PEMANCINGAN TIRTA NUSANTARA,-7.101856806512017,110.30487090821573
2674,Jawa Tengah,Kabupaten Kendal,Pemandian Air Panas Nglimut Gonoharjo,-7.14677748891772,110.33096953281233
2675,Jawa Tengah,Kabupaten Kendal,RIVERWALK BOJA,-7.093108031102368,110.27522775416102
2676,Jawa Tengah,Kabupaten Kendal,SEKARTAMA WATERLAND,-6.9701427964659555,110.07361366572867
2677,Jawa Tengah,Kabupaten Kendal,SIX WATER GAME,-6.96617,110.05888
2678,Jawa Tengah,Kabupaten Kendal,TEGAR PEMANCINGAN,-7.05633475736316,110.12258674381522
2679,Jawa Tengah,Kabupaten Kendal,TIRTA TEGOREJO (ANUGERAH SEPUR),-6.973039901397674,110.15263783120038
2680,Jawa Tengah,Kabupaten Kendal,WAHANA WISATA BUKIT SARI,-7.058938025724307,110.24391701133518
2681,Jawa Tengah,Kabupaten Kendal,WISATA PANTAI NGEBUM,-6.927029983584293,110.3019868923149
2682,Jawa Tengah,Kabupaten Klaten,BATU PUTIH,-7.767035,110.677178
2683,Jawa Tengah,Kabupaten Klaten,Bukit Cinta Watu Prau,-7.640899,110.669584
2684,Jawa Tengah,Kabupaten Klaten,Bukit sidoguro,-7.6791201,110.6102555
2685,Jawa Tengah,Kabupaten Klaten,Candi plaosan,-7.6791321,110.6102447
2686,Jawa Tengah,Kabupaten Klaten,Candi sojiwan,-7.760257,110.496259
2687,Jawa Tengah,Kabupaten Klaten,Candramaya pool & resort,-7.611571,110.632913
2688,Jawa Tengah,Kabupaten Klaten,D'Wangen,-7.597039,110.651886
2689,Jawa Tengah,Kabupaten Klaten,Girpasang,-7.6791201,110.6102555
2690,Jawa Tengah,Kabupaten Klaten,Janti Park,-759425,11064435
2691,Jawa Tengah,Kabupaten Klaten,KALI TALANG,-7.583375,110.461934
2692,Jawa Tengah,Kabupaten Klaten,Kolam Renang Tirta Harapan,-7.692116,110.608364
2693,Jawa Tengah,Kabupaten Klaten,Kolam Renang Tirta Pelangi,-7.751245,110.615709
2694,Jawa Tengah,Kabupaten Klaten,LELUMBAN BALE TIRTO,-7.610906,110.637762
2695,Jawa Tengah,Kabupaten Klaten,Makam Sunan Pandanaran ,-7.781458,110.633354
2696,Jawa Tengah,Kabupaten Klaten,Ndalem Putri,-7.592809,110.658511
2697,Jawa Tengah,Kabupaten Klaten,New Rivermoon,-7.60639,107.64893
2698,Jawa Tengah,Kabupaten Klaten,OMAC,-7.60369,110.6439
2699,Jawa Tengah,Kabupaten Klaten,Pancingan 100 (Ember Tumpah),-7.594013,110.648636
2700,Jawa Tengah,Kabupaten Klaten,PESONA ALAM TIRTA,-7.611494,110.634316
2701,Jawa Tengah,Kabupaten Klaten,PRILON PARK,-7.694965,110.6276
2702,Jawa Tengah,Kabupaten Klaten,Soko Alas,-7.60931,110.642938
2703,Jawa Tengah,Kabupaten Klaten,Taman Banyu Gemblinding Tubbing,-7.606482,110.650384
2704,Jawa Tengah,Kabupaten Klaten,TIRTA KAMANDANU,-7.615612,110.639666
2705,Jawa Tengah,Kabupaten Klaten,UGUL-UGUL,-7.657049,110.473362
2706,Jawa Tengah,Kabupaten Klaten,Umbul Asri,-7.591841,110.645391
2707,Jawa Tengah,Kabupaten Klaten,Umbul Besuki,-7.60995,110.6379
2708,Jawa Tengah,Kabupaten Klaten,Umbul brintik,-7.6791201,110.6102555
2709,Jawa Tengah,Kabupaten Klaten,Umbul brondong,-7.68488,107.56608
2710,Jawa Tengah,Kabupaten Klaten,Umbul jolotundo,-7.64336,110.59926
2711,Jawa Tengah,Kabupaten Klaten,Umbul Kemanten,-7591619,110650617
2712,Jawa Tengah,Kabupaten Klaten,Umbul Pelem,-75925,1106492
2713,Jawa Tengah,Kabupaten Klaten,UMBUL PLUNENG,-7.696741,110.563624
2714,Jawa Tengah,Kabupaten Klaten,Umbul Ponggok,-7.61366,110.63607
2715,Jawa Tengah,Kabupaten Klaten,Umbul sigedang Kapilaler,-76061,11064501
2716,Jawa Tengah,Kabupaten Klaten,Umbul susuhan,-7.6445,110.59808
2717,Jawa Tengah,Kabupaten Klaten,Water family,-7.614234,110.634333
2718,Jawa Tengah,Kabupaten Klaten,WATER PARK TIRTONIRMOLO,-7.749122,110.500892
2719,Jawa Tengah,Kabupaten Klaten,Watu kapu tubbing pusur,-7.606909,110.656096
2720,Jawa Tengah,Kabupaten Klaten,Wisata Siblarak,-7588747,110659817
2721,Jawa Tengah,Kabupaten Klaten,Wisata Umbul Nilo,-7.593251,110.641963
2722,Jawa Tengah,Kabupaten Kudus,Air Terjun Kedung Gender,-6.2297465,106.829518
2723,Jawa Tengah,Kabupaten Kudus,ao you swimming pool,-6.825999,110.896679
2724,Jawa Tengah,Kabupaten Kudus,ARS Waterpark,-6.2297465,106.829518
2725,Jawa Tengah,Kabupaten Kudus,bukit coffee dan waterpark mini garden,-6.697889,110.85213
2726,Jawa Tengah,Kabupaten Kudus,bukit krobo'an,-6.685613,110.854705
2727,Jawa Tengah,Kabupaten Kudus,Hexzone Theraphy,-6.800221,110.869885
2728,Jawa Tengah,Kabupaten Kudus,irons waterpark,-6827,110.883557
2729,Jawa Tengah,Kabupaten Kudus,Istana Candi Pool,-6.2297465,106.829518
2730,Jawa Tengah,Kabupaten Kudus,Kampung Kuto,-6.2297465,106.829518
2731,Jawa Tengah,Kabupaten Kudus,Kolam Renang Lambao,-6.783622604188989,110.84039256967463
2732,Jawa Tengah,Kabupaten Kudus,kolam renang nasuky,-6.826638,110.882398
2733,Jawa Tengah,Kabupaten Kudus,Kretek Water Park,-6.791973,110.786094
2734,Jawa Tengah,Kabupaten Kudus,Makam Sunan Muria,-6.666121438540892,110.89943337301284
2735,Jawa Tengah,Kabupaten Kudus,Mountain View Residence (MVR),-6.2297465,106.829518
2736,Jawa Tengah,Kabupaten Kudus,MUSEUM JENANG DAN GUSJIGANG,-6.8026148765500585,110.84371376535191
2737,Jawa Tengah,Kabupaten Kudus,Museum Kretek Kudus,-6.2297465,106.829518
2738,Jawa Tengah,Kabupaten Kudus,Museum Situs Purbakala Patiayam,-6.2297465,106.829518
2739,Jawa Tengah,Kabupaten Kudus,Rumah Jadoel,-6.2297465,106.829518
2740,Jawa Tengah,Kabupaten Kudus,seribu batu semliro,-6.636115,110.884058
2741,Jawa Tengah,Kabupaten Kudus,Serua Swimming Pool,-6.783816850188235,110.83999654295921
2742,Jawa Tengah,Kabupaten Kudus,Taman Krida Wisata,-6.2297465,106.829518
2743,Jawa Tengah,Kabupaten Kudus,TAMAN RIA COLO,-6.2297465,106.829518
2744,Jawa Tengah,Kabupaten Kudus,Taman Sardi,-6.2297465,106.829518
2745,Jawa Tengah,Kabupaten Kudus,THE HILLS VAGANZA,-6.2297465,106.829518
2746,Jawa Tengah,Kabupaten Kudus,Tugu Identitas,-6.811658,110.840174
2747,Jawa Tengah,Kabupaten Kudus,Wana Wisata Pijar Park,-6.2297465,106.829518
2748,Jawa Tengah,Kabupaten Kudus,Waterpark Mulia Wisata,-6.2297465,106.829518
2749,Jawa Tengah,Kabupaten Kudus,wisata dan resto joglo dopang,-6.640147,110.872175
2750,Jawa Tengah,Kabupaten Kudus,wisata warung kedung gong,-6.641798,110.872089
2751,Jawa Tengah,Kabupaten Magelang,AIR TERJUN SUMURAN SELOPROJO,-7.3731586,110.3312355
2752,Jawa Tengah,Kabupaten Magelang,BANYU LANGIT AGRO PARK,-7.3689734,110.3173748
2753,Jawa Tengah,Kabupaten Magelang,BOROBUDUR LAND,-7.5866958,110.1892865
2754,Jawa Tengah,Kabupaten Magelang,CANDI BOOBUDUR,-6.2297465,106.829518
2755,Jawa Tengah,Kabupaten Magelang,CANDI MENDUT,-6.2297465,106.829518
2756,Jawa Tengah,Kabupaten Magelang,CANDI NGAWEN,-7.6038291,110.2697083
2757,Jawa Tengah,Kabupaten Magelang,CANDI SELOGRIYO,-7.4196112,110.1575095
2758,Jawa Tengah,Kabupaten Magelang,CV ENERGI BUMI ADVENTURE,-6.2297465,106.829518
2759,Jawa Tengah,Kabupaten Magelang,GUNUNG TELOMOYO VIA DALANGAN,-7.3889337,110.4007151
2760,Jawa Tengah,Kabupaten Magelang,KALING KALIH ADVENTURE,-7.6101586,110.2248144
2761,Jawa Tengah,Kabupaten Magelang,KEBUN INGGIT STRAWBERRY,-7.4829285,110.378152
2762,Jawa Tengah,Kabupaten Magelang,OBYEK WISATA ALAM JURANG JERO,-6.2297465,106.829518
2763,Jawa Tengah,Kabupaten Magelang,PEMANDIAN AIR HANGAT CANDI UMBUL,-7.3596166,110.2944548
2764,Jawa Tengah,Kabupaten Magelang,PENDAKIAN MERBABU VIA SUWANTING,-7.4740626,110.3781111
2765,Jawa Tengah,Kabupaten Magelang,PENDAKIAN SUMBING VIA MANGLI,-7.4169385,110.0671673
2766,Jawa Tengah,Kabupaten Magelang,PESONA ALAM GUNUNG GUPAK,-7.5015565,110.3306927
2767,Jawa Tengah,Kabupaten Magelang,TALANG LONDO,-7.4194644,110.2212891
2768,Jawa Tengah,Kabupaten Magelang,TAMAN REKREASI MENDUT,-6.2297465,106.829518
2769,Jawa Tengah,Kabupaten Magelang,TELAGA BLEDER,7.3835896,110.3257895
2770,Jawa Tengah,Kabupaten Magelang,TERASERING SITEGONG,7.259193,110.343011
2771,Jawa Tengah,Kabupaten Magelang,TWA KALIBENING,-7.4195185,110.2191713
2772,Jawa Tengah,Kabupaten Magelang,UMBUL BANYUROSO,-7.579345,110.1673968
2773,Jawa Tengah,Kabupaten Magelang,WANA MUKTI SI GUEDE,-7.4264089,110.1046991
2774,Jawa Tengah,Kabupaten Magelang,WATU PUTIH VIEW,-7.630803,110.214575
2775,Jawa Tengah,Kabupaten Magelang,WISATA GETEK BALONG,-7.6333936,110.2332239
2776,Jawa Tengah,Kabupaten Magelang,WISATA KELINCI & 32 SPOT SELFIE DESA BAHASA BOROBUDUR,-6.2297465,106.829518
2777,Jawa Tengah,Kabupaten Pati,Air Terjun Banyulawe,-6.2297465,106.829518
2778,Jawa Tengah,Kabupaten Pati,Air Terjun Grenjengan Sewu,-6.464057,106.412433
2779,Jawa Tengah,Kabupaten Pati,AIR TERJUN TADAH UDAN,-6.953476,110.921574
2780,Jawa Tengah,Kabupaten Pati,BUKIT KAYANGAN,-6.666622,110.944874
2781,Jawa Tengah,Kabupaten Pati,BUKIT PANDANG,-6.943606,110.984177
2782,Jawa Tengah,Kabupaten Pati,DESA  WISATA TALUN KAYEN,-6.852072,110.972111
2783,Jawa Tengah,Kabupaten Pati,DESA WISATA BAKARAN WETAN,-6.696695,111.138499
2784,Jawa Tengah,Kabupaten Pati,DESA WISATA GULANG PONGGE ,-6.587162,110.95962
2785,Jawa Tengah,Kabupaten Pati,DESA WISATA JRAHI,-6.601657,110.924097
2786,Jawa Tengah,Kabupaten Pati,Eks  Rumah Karesidenan Pati,-6.752662,111.023273
2787,Jawa Tengah,Kabupaten Pati,Gapura Majapahit,-6.2297465,106.829518
2788,Jawa Tengah,Kabupaten Pati,GENUK KEMIRI,-6.738669,111.058611
2789,Jawa Tengah,Kabupaten Pati,GOA LARANGAN,-6.893095,111.043767
2790,Jawa Tengah,Kabupaten Pati,GOA WAREH,-6.932034,110.957675
2791,Jawa Tengah,Kabupaten Pati,GUA PANCUR,-6.909284,110.980435
2792,Jawa Tengah,Kabupaten Pati,Jollong Garden Valley,-6.580512,110.939311
2793,Jawa Tengah,Kabupaten Pati,Kampoeng Deso ,-6.2297465,106.829518
2794,Jawa Tengah,Kabupaten Pati,KEBUN JOLLONG,-6.662801,110.97115
2795,Jawa Tengah,Kabupaten Pati,Kelenteng Hok Tik Bio,-6.755118,111.043725
2796,Jawa Tengah,Kabupaten Pati,Kolam Renang Joyo Kusumo Pati,-6.748268,111.01343
2797,Jawa Tengah,Kabupaten Pati,MAKAM MBAH MUTTAMAKIN,-6.608238,111.054752
2798,Jawa Tengah,Kabupaten Pati,Makam Nyai Ageng Ngerang,-6.2297465,106.829518
2799,Jawa Tengah,Kabupaten Pati,Makam Sunan Prawoto,-6.2297465,106.829518
2800,Jawa Tengah,Kabupaten Pati,MANGROVE TUNGGULSARI,-6.54845,111.073938
2801,Jawa Tengah,Kabupaten Pati,Pantai Kertomulyo ,-6.2297465,106.829518
2802,Jawa Tengah,Kabupaten Pati,Pesona Poncodan ,-6.2297465,106.829518
2803,Jawa Tengah,Kabupaten Pati,POKDARWIS KARYA CITRA MANDIRI,-6.603889,110.967374
2804,Jawa Tengah,Kabupaten Pati,PULAU SEPRAPAT,-6.652981,111.290577
2805,Jawa Tengah,Kabupaten Pati,Sendang Jibing,-6.2297465,106.829518
2806,Jawa Tengah,Kabupaten Pati,SENDANG SANI,-6.714871,111.008717
2807,Jawa Tengah,Kabupaten Pati,SUNAN NGERANG SENTONO PAKUWON,-6.719783,111.161967
2808,Jawa Tengah,Kabupaten Pati,WADUK GUNUNG ROWO,-6.656359,110.964547
2809,Jawa Tengah,Kabupaten Pati,Waduk Seloromo Gembong,-6.7,110.95
2810,Jawa Tengah,Kabupaten Pati,"Wisata Edukasi  ""Panorama"" Bageng",-6.65665,110.923086
2811,Jawa Tengah,Kabupaten Pati,"Wisata Edukasi ""TPA Sukoharjo""",-6.580512,110.939311
2812,Jawa Tengah,Kabupaten Pati,"Wisata Edukasi Batik Pati ""Yuliati Warno""",-6.2297465,106.829518
2813,Jawa Tengah,Kabupaten Pati,Wisata Edukasi dan Kuliner Agrokopyor Kenanti,-6.2297465,106.829518
2814,Jawa Tengah,Kabupaten Pati,Wisata Edukasi Tas anyaman Syam¡¯s Handicraft ,-6.73,111.16
2815,Jawa Tengah,Kabupaten Pati,WISATA RELIGI SYEH JANGKUNG,-6.894458,110.985919
2816,Jawa Tengah,Kabupaten Pati,Yutaka Farm,6.66,111.05
2817,Jawa Tengah,Kabupaten Pekalongan,AGRO WISATA GOA MACAN,-7.073413060652315,109.5391402657689
2818,Jawa Tengah,Kabupaten Pekalongan,ANNISA WATER PARK,-6.961641999928861,109.53192606576717
2819,Jawa Tengah,Kabupaten Pekalongan,Bengkelung park,-7.074132,109.685341
2820,Jawa Tengah,Kabupaten Pekalongan,BLACK CANYON ,-7.108205,109.731461
2821,Jawa Tengah,Kabupaten Pekalongan,BUKIT GAMBARAN,-7.052323228895404,109.69377636902921
2822,Jawa Tengah,Kabupaten Pekalongan,BUKIT TRIANGULASI,-7.181695820927519,109.60464659438026
2823,Jawa Tengah,Kabupaten Pekalongan,Buper  Linggoasri,-7.10624,109.58633
2824,Jawa Tengah,Kabupaten Pekalongan,Ciblon karanggondang,-7.03924,109.62194
2825,Jawa Tengah,Kabupaten Pekalongan,Curug bajing,-7.169838,109.728757
2826,Jawa Tengah,Kabupaten Pekalongan,CURUG MADU RESMI,-7.06558,109.70613
2827,Jawa Tengah,Kabupaten Pekalongan,JUNGGLE WHAT ,-7.130105783821135,109.60391999437948
2828,Jawa Tengah,Kabupaten Pekalongan,Kali Paingan,-7.11611,109.59265
2829,Jawa Tengah,Kabupaten Pekalongan,KEDUNG KETJEH,26.474525177335067,111.0584210090181
2830,Jawa Tengah,Kabupaten Pekalongan,Kolam Renang Al Kautsar,-6.2297465,106.829518
2831,Jawa Tengah,Kabupaten Pekalongan,Kolam Renang Banyu Biru,-6.88427,109.62007
2832,Jawa Tengah,Kabupaten Pekalongan,KOLAM RENANG KULU ASRI ,-7.0321526379248,109.60312368111227
2833,Jawa Tengah,Kabupaten Pekalongan,KOLAM RENANG LANGKAP INDAH ,-6.991805066782613,109.66841223693164
2834,Jawa Tengah,Kabupaten Pekalongan,KOLAM RENANG PRIMA GRAHA,-6.2297465,106.829518
2835,Jawa Tengah,Kabupaten Pekalongan,KOLAM RENANG TIRTA ARUM BOJONG ,-6.985515761584619,109.58471325042358
2836,Jawa Tengah,Kabupaten Pekalongan,La Ranch,-7.04133,109.62092
2837,Jawa Tengah,Kabupaten Pekalongan,Linggoasri,-7.10361,109.57732
2838,Jawa Tengah,Kabupaten Pekalongan,MANA SUKA CAMPING GROUND ,-7.149194857322121,109.57108639437978
2839,Jawa Tengah,Kabupaten Pekalongan,Pantai depok,-6.2297465,106.829518
2840,Jawa Tengah,Kabupaten Pekalongan,PANTAI WONOKERTO,-6.845498,109.633646
2841,Jawa Tengah,Kabupaten Pekalongan,PANTAI WONOKERTO,-6.845498,109.633646
2842,Jawa Tengah,Kabupaten Pekalongan,PANTAI WONOKERTO,-6.845498,109.633646
2843,Jawa Tengah,Kabupaten Pekalongan,PANTAI WONOKERTO,-6.845498,109.633646
2844,Jawa Tengah,Kabupaten Pekalongan,SIKUJANG ,-7.08833,109.53002
2845,Jawa Tengah,Kabupaten Pekalongan,Sipare green park,-6.2297465,106.829518
2846,Jawa Tengah,Kabupaten Pekalongan,SOKO LANGIT ,-7.05670305219888,109.6274112506509
2847,Jawa Tengah,Kabupaten Pekalongan,TELAGA SIGEBYAR MANGUNAN ,-7.17547,109.7694
2848,Jawa Tengah,Kabupaten Pekalongan,TIRTA WAHYU ARTA ,-7.049172916411302,109.66024084082021
2849,Jawa Tengah,Kabupaten Pekalongan,WELO ASRI,-7.11573,109.73994
2850,Jawa Tengah,Kabupaten Pekalongan,WISATA DANAU AL KAUSTAR,-7.0242850729014865,109.63175062242333
2851,Jawa Tengah,Kabupaten Pekalongan,WOW PACALAN,-7.172965995488622,109.58876596554413
2852,Jawa Tengah,Kabupaten Pekalongan,ZATOLAND WATERBOOM,-6.943061689302411,109.55729102321236
2853,Jawa Tengah,Kabupaten Pemalang,Bendungan Mejagong,-6.2297465,106.829518
2854,Jawa Tengah,Kabupaten Pemalang,Candi Camp Area,-7.181755,109.285836
2855,Jawa Tengah,Kabupaten Pemalang,Comal Baru Water Park,-6.917448,109.517083
2856,Jawa Tengah,Kabupaten Pemalang,Gumuk Jagongan Kebanggan,-7.133965,109.236567
2857,Jawa Tengah,Kabupaten Pemalang,Jurangmangu Adventure Village ,-7188014,109.21049
2858,Jawa Tengah,Kabupaten Pemalang,Kolam Renang Seruni,-6.906531,109.53249
2859,Jawa Tengah,Kabupaten Pemalang,Kolam Renang Zatobay,-6.2297465,106.829518
2860,Jawa Tengah,Kabupaten Pemalang,Obyek Wisata Pantai Widuri,6.8617,109.3778
2861,Jawa Tengah,Kabupaten Pemalang,Pantai Joko Tinngkir,-6.830887,109.457233
2862,Jawa Tengah,Kabupaten Pemalang,Raibow Rafting,-7.102792,109.25946
2863,Jawa Tengah,Kabupaten Pemalang,Taman Rancah Via Ferrata,-6.2297465,106.829518
2864,Jawa Tengah,Kabupaten Pemalang,Wana Wisata dan Bumi Perkemahan Mentek,-7.12207,109.37843
2865,Jawa Tengah,Kabupaten Pemalang,Watu Tumpeng,-7.102637,109.276234
2866,Jawa Tengah,Kabupaten Pemalang,Widuri Water Park (WWP),-6.8617,109.3778
2867,Jawa Tengah,Kabupaten Pemalang,Wisata Alam Bukit Tangkeban,-6.2297465,106.829518
2868,Jawa Tengah,Kabupaten Pemalang,Wisata Alam Igir Kandang,-7.214775,109.265642
2869,Jawa Tengah,Kabupaten Pemalang,Wisata Edukasi Gatra Kencana,-6.2297465,106.829518
2870,Jawa Tengah,Kabupaten Pemalang,Wisata Gunung Gajah,-6.2297465,106.829518
2871,Jawa Tengah,Kabupaten Pemalang,Wisata Loning Ciblon (WILOCI),-7.160998,109.217676
2872,Jawa Tengah,Kabupaten Pemalang,WISATA PANGERAN PURBAYA SURAJAYA ( WIPPAS ),-6.2297465,106.829518
2873,Jawa Tengah,Kabupaten Purbalingga,ayunda waterboom,-7.360731,109.385714
2874,Jawa Tengah,Kabupaten Purbalingga,Bendina Hills,-7.2281541,109.3359841
2875,Jawa Tengah,Kabupaten Purbalingga,bendungan Slinga Park,-7.3592335,109.3853061
2876,Jawa Tengah,Kabupaten Purbalingga,Cartoon Village In Sidareja,-7.3676903,109.4469727
2877,Jawa Tengah,Kabupaten Purbalingga,Curug Karang,-7.2774657,109.5189362
2878,Jawa Tengah,Kabupaten Purbalingga,Curug Panyatan,-7.284629,109.5533148
2879,Jawa Tengah,Kabupaten Purbalingga,Dlas Serang,-7.2423813,109.2890025
2880,Jawa Tengah,Kabupaten Purbalingga,Experiental Tourism Griya Petualang Indonesia),-7.3004211,109.273365
2881,Jawa Tengah,Kabupaten Purbalingga,FIK 2,-7.402442,109.517118
2882,Jawa Tengah,Kabupaten Purbalingga,Gardu Pandang,-7.2360777,109.2655721
2883,Jawa Tengah,Kabupaten Purbalingga,Green Sabin,-7.319312,109.3403779
2884,Jawa Tengah,Kabupaten Purbalingga,Karag Hills,-7.3973236,109.5295727
2885,Jawa Tengah,Kabupaten Purbalingga,Karangreja Park,-7.2317692,109.3342813
2886,Jawa Tengah,Kabupaten Purbalingga,Kedung Kuali Bintang Perwira,-7.2252797,109.3701103
2887,Jawa Tengah,Kabupaten Purbalingga,Klawing Sonten Banjarandap,-7.3588369,109.3833735
2888,Jawa Tengah,Kabupaten Purbalingga,Lembah Pleset,-7.4088199,109.4656019
2889,Jawa Tengah,Kabupaten Purbalingga,Mulyani Garden,-7.3114574,109.4112147
2890,Jawa Tengah,Kabupaten Purbalingga,Museum Prof Dr R Soegarda Poerbakawatja,-7.3885903,109.3445729
2891,Jawa Tengah,Kabupaten Purbalingga,Museum Tempat Lahir Jenderal Soedirman,-7.3941636,109.2138709
2892,Jawa Tengah,Kabupaten Purbalingga,Objek Wisata Alam Golaga,-7.2284743,109.3159098
2893,Jawa Tengah,Kabupaten Purbalingga,Owabong Waterpark,-7.3494654,109.3475055
2894,Jawa Tengah,Kabupaten Purbalingga,Pancuran Ciblon Bobotsari,-7.3064644,109.3629981
2895,Jawa Tengah,Kabupaten Purbalingga,Petilasan Ardi Lawet Syekh Jambu Karang,-7.2491843,109.489626
2896,Jawa Tengah,Kabupaten Purbalingga,PINESAN SERANG,-7.2383884,109.2852716
2897,Jawa Tengah,Kabupaten Purbalingga,Plangon Hills,-7.2896513,109.4248616
2898,Jawa Tengah,Kabupaten Purbalingga,Pleci Edupark Nangkod,-7.3789944,109.5227691
2899,Jawa Tengah,Kabupaten Purbalingga,Pos Pendakian Gunung Slamet,-7.2262093,109.26263
2900,Jawa Tengah,Kabupaten Purbalingga,Rest Area Berkah Mulia Cheng Ho,-7.317523,109.362195
2901,Jawa Tengah,Kabupaten Purbalingga,Sangga Langit Lake,-7.3756923,109.3404275
2902,Jawa Tengah,Kabupaten Purbalingga,situ tirta marta,-7.3336844,109.311465
2903,Jawa Tengah,Kabupaten Purbalingga,Taman Sanggaluri Park,-7.3566329,109.3289761
2904,Jawa Tengah,Kabupaten Purbalingga,The Samingah Wised,-7.2663067,109.3750337
2905,Jawa Tengah,Kabupaten Purbalingga,Tirta Asri Walik,-7.3544167,109.3246491
2906,Jawa Tengah,Kabupaten Purbalingga,Tirta Mandiri Swimming Pool,-7.3079319,109.5172565
2907,Jawa Tengah,Kabupaten Purbalingga,TWP Purbasari Pancuran Mas Purbalingga,-7.607099,102.164935
2908,Jawa Tengah,Kabupaten Purbalingga,Umah Wayang,-7.3754724,109.2422743
2909,Jawa Tengah,Kabupaten Purbalingga,wisata Air Dita Pelangi,-7.299639,109.3056691
2910,Jawa Tengah,Kabupaten Purbalingga,Wisata Alam Siregol Superland,-7.2305075,109.4396864
2911,Jawa Tengah,Kabupaten Purbalingga,Wisata Curug Sumba,-7.2707443,109.3446862
2912,Jawa Tengah,Kabupaten Purbalingga,wisata susur sungai linggamas,-7.4728247,109.3252445
2913,Jawa Tengah,Kabupaten Purworejo,Bandung Selis Adventure Park,-7.71089,109.92241
2914,Jawa Tengah,Kabupaten Purworejo,Bogowonto Kayak,-7.88413,110.03331
2915,Jawa Tengah,Kabupaten Purworejo,Bogowonto Rafting,-7.87855,110.00424
2916,Jawa Tengah,Kabupaten Purworejo,Curug Gunung Putri,-7.5619,109.88888
2917,Jawa Tengah,Kabupaten Purworejo,Desa Wisata Kalisemo,-7.66126,110.06531
2918,Jawa Tengah,Kabupaten Purworejo,Desa Wisata Karangrejo,-7.68611,110.04675
2919,Jawa Tengah,Kabupaten Purworejo,Desa Wisata Pandanrejo,-7.71924,110.12805
2920,Jawa Tengah,Kabupaten Purworejo,Desa Wisata Somongari,-7.76772,110.06463
2921,Jawa Tengah,Kabupaten Purworejo,Desa Wisata Tunjungan,-7.83791,109.94545
2922,Jawa Tengah,Kabupaten Purworejo,Geger Menjangan,-7.701796,110.025626
2923,Jawa Tengah,Kabupaten Purworejo,Goa Seplawan,-7.77315,110.11004
2924,Jawa Tengah,Kabupaten Purworejo,Gunung Satria Mbah Giri Tjoemantoko,-7.71228,109.89008
2925,Jawa Tengah,Kabupaten Purworejo,Hutan Pinus Kalilo,-7.75193,110.11843
2926,Jawa Tengah,Kabupaten Purworejo,Hutan Pinus Pucungroto,-7.69365,110.13727
2927,Jawa Tengah,Kabupaten Purworejo,Kolam Renang Artha Tirta,-7.701772,110.025249
2928,Jawa Tengah,Kabupaten Purworejo,Loka Tamasya Keluarga Sikepel,-7.59586,110.08608
2929,Jawa Tengah,Kabupaten Purworejo,Makam Syech Abdul Jalal,-7.83528,109.91949
2930,Jawa Tengah,Kabupaten Purworejo,Mliwis Hill,-7.70954,110.12818
2931,Jawa Tengah,Kabupaten Purworejo,Museum Tosan Aji,-7.710958,110.010033
2932,Jawa Tengah,Kabupaten Purworejo,Obyek Wisata Curug Muncar,-7.5346,109.94194
2933,Jawa Tengah,Kabupaten Purworejo,Obyek Wisata Gunung Buthak,-7.83734,110.03326
2934,Jawa Tengah,Kabupaten Purworejo,Outbound Kalimasada,-7.74748,110.01989
2935,Jawa Tengah,Kabupaten Purworejo,Pantai Dewa Ruci Jatimalang,-7.87902,109.98344
2936,Jawa Tengah,Kabupaten Purworejo,Pantai Genjik Kertonadi,-7.83009,109.82737
2937,Jawa Tengah,Kabupaten Purworejo,Pantai Jetis,-7.84879,109.89473
2938,Jawa Tengah,Kabupaten Purworejo,Pantai Keburuhan,-7.84536,109.91604
2939,Jawa Tengah,Kabupaten Purworejo,Pantai Ketawang,-7.84607,109.8862
2940,Jawa Tengah,Kabupaten Purworejo,Pantai Roro Inten ,-7.86457,109.94259
2941,Jawa Tengah,Kabupaten Purworejo,Pasar Inis,-7.78092,109.98419
2942,Jawa Tengah,Kabupaten Purworejo,Puncak Kayangan Sigendol,-7.53542,109.87148
2943,Jawa Tengah,Kabupaten Purworejo,Sinalang Fam Camp,-7.69106,"109,935"
2944,Jawa Tengah,Kabupaten Purworejo,Sumber Adventure Center,-7.72463,109.88007
2945,Jawa Tengah,Kabupaten Purworejo,Taman Anggur Dusun Sabin,-7.67872,109.8345
2946,Jawa Tengah,Kabupaten Purworejo,Taman Wisata Curug Kaliurip,-7.654166,109.89667
2947,Jawa Tengah,Kabupaten Purworejo,Taman Wisata Manggul Joyo,-7.633129,110.103496
2948,Jawa Tengah,Kabupaten Purworejo,Telaga Bumi Pejagran,-7.84949,109.93986
2949,Jawa Tengah,Kabupaten Purworejo,Wisata Bukit Seribu Besek,-7.594681,110.025413
2950,Jawa Tengah,Kabupaten Purworejo,Wisata Gunung Ijo,-7.80375,110.07842
2951,Jawa Tengah,Kabupaten Purworejo,Wisata Mangrove Demang Gedi,-7.88726,110.01048
2952,Jawa Tengah,Kabupaten Purworejo,Wisata Watu Salang,-7.58255,110.04062
2953,Jawa Tengah,Kabupaten Rembang,De Kampoeng Rembang,-6.713512,111.333554
2954,Jawa Tengah,Kabupaten Rembang,Jembatan Merah Mangrove,-6.699253,111.388112
2955,Jawa Tengah,Kabupaten Rembang,Makam Pahlawan Nasional RA Kartini,-6.8624863656145,111.4062944054
2956,Jawa Tengah,Kabupaten Rembang,Museum Islam Nusantara Lasem ,-6.698308,111.447185
2957,Jawa Tengah,Kabupaten Rembang,Museum RA Kartini,-6.70644,111.35099
2958,Jawa Tengah,Kabupaten Rembang,Ngulahan Park,-6.76279,111.52932
2959,Jawa Tengah,Kabupaten Rembang,Pagar Pelangi,-6.71384599,111.5400753
2960,Jawa Tengah,Kabupaten Rembang,Pantai Balongan,-6.678803,111.6042
2961,Jawa Tengah,Kabupaten Rembang,Pantai Jatisari,-6.632595,111.514693
2962,Jawa Tengah,Kabupaten Rembang,Pantai Karang Jahe,-6.687404,111.412082
2963,Jawa Tengah,Kabupaten Rembang,Pantai Pasir Putih Wates,-6.688762,111.282533
2964,Jawa Tengah,Kabupaten Rembang,Pantai Wisata Caruban,-6.67673,111.42967
2965,Jawa Tengah,Kabupaten Rembang,Pasar Mbrumbung,-6.7478,111.3955
2966,Jawa Tengah,Kabupaten Rembang,Pasujudan Sunan Bonang,-6.6596826,111.46829198
2967,Jawa Tengah,Kabupaten Rembang,Puri Berlian Park,-6.754222,111.36591
2968,Jawa Tengah,Kabupaten Rembang,Taman Rekreasi Pantai Kartini Rembang,-6.70311,111.34171
2969,Jawa Tengah,Kabupaten Rembang,Taman Wisata Alam Sumber Semen,-6.875566,111.553083
2970,Jawa Tengah,Kabupaten Rembang,Taman Wisata Sarinah,-6.759444,111.325989
2971,Jawa Tengah,Kabupaten Rembang,Wana Wisata Kartini,-6.8618679,111.428550399
2972,Jawa Tengah,Kabupaten Rembang,Wana Wisata Rintisan Watu Layar,-6.65535,111.46752
2973,Jawa Tengah,Kabupaten Rembang,Waterboom Trio G,-6.717073,111.644699
2974,Jawa Tengah,Kabupaten Rembang,Wisata Konservasi Bukit Cendana,-6.7406882,111.5340447
2975,Jawa Tengah,Kabupaten Rembang,Wisata Taman Lengkowo,-6.713202,111.434574
2976,Jawa Tengah,Kabupaten Semarang,AGRO WISATA KOPENG,-7.407847,110.420165
2977,Jawa Tengah,Kabupaten Semarang,Ayanaz Gedong Songo,-7.207471,110.340536
2978,Jawa Tengah,Kabupaten Semarang,BUKIT CINTA,-7.307639,110.422284
2979,Jawa Tengah,Kabupaten Semarang,CIMORY ON THE VALLEY,-7.206632,110.424469
2980,Jawa Tengah,Kabupaten Semarang,Curug 7 ( tujuh ) Bidadari,-7.202949,110.289485
2981,Jawa Tengah,Kabupaten Semarang,Curug Semirang,-7.66157,110.381248
2982,Jawa Tengah,Kabupaten Semarang,DUSUN SEMILIR,-7.238117,110.433415
2983,Jawa Tengah,Kabupaten Semarang,FLORA WISATA BANYU KUNING,-7.2364796,110.347726
2984,Jawa Tengah,Kabupaten Semarang,GEDONG SONGO,-7.2098867,110.3421119
2985,Jawa Tengah,Kabupaten Semarang,Goa Rong View ,-7.2721621,110.4698457
2986,Jawa Tengah,Kabupaten Semarang,Grojogan Klenting Kuning,-7.198137,110.313603
2987,Jawa Tengah,Kabupaten Semarang,Gua Maria Kerep,-7.254085,110.3993737
2988,Jawa Tengah,Kabupaten Semarang,Hortimart Agro Center,-7.2367137,110.4286501
2989,Jawa Tengah,Kabupaten Semarang,Kampoeng Rawa,-7.2707898,110.4216723
2990,Jawa Tengah,Kabupaten Semarang,KAMPUNG BANYUMILI,-7.327617,110.460458
2991,Jawa Tengah,Kabupaten Semarang,KAMPUNG KOPI BANARAN,-7.2539005,110.4414953
2992,Jawa Tengah,Kabupaten Semarang,LATAR MERBABU,-7.413575,110.417314
2993,Jawa Tengah,Kabupaten Semarang,MAKAN NYATNYONO ( WALI HASAN MUNADI ),-7.149509,110.382871
2994,Jawa Tengah,Kabupaten Semarang,MERBABU PARK,-7.411374,110.419066
2995,Jawa Tengah,Kabupaten Semarang,MERBABU VIEW,-7.416723,110.41808
2996,Jawa Tengah,Kabupaten Semarang,Muncul Water Park,-7.328372,110.440893
2997,Jawa Tengah,Kabupaten Semarang,MUSEUM ISDIMAN / PALAGAN AMBARAWA,-6.2297465,106.829518
2998,Jawa Tengah,Kabupaten Semarang,MUSEUM KERETA API AMBARAWA,-7.264255,110.404601
2999,Jawa Tengah,Kabupaten Semarang,NEW BANDUNGAN INDAH ( PJKA ),-7.2219388,110.3679596
3000,Jawa Tengah,Kabupaten Semarang,New Bandungan Indah / Water Park,-7.2225549,110.3677854
3001,Jawa Tengah,Kabupaten Semarang,"Nissin Emporium, Cafe- Resto, & Museum",-7.157802,110.412025
3002,Jawa Tengah,Kabupaten Semarang,Perantunan ,-7.2051763,110.3566421
3003,Jawa Tengah,Kabupaten Semarang,Ra Gentar Outbound / Marine Bride,-7.1955544,110.3887775
3004,Jawa Tengah,Kabupaten Semarang,Sah Gede,-7.229031,110.362063
3005,Jawa Tengah,Kabupaten Semarang,SALOKA THEME PARK,-7.2807262,110.4595539
3006,Jawa Tengah,Kabupaten Semarang,SUNRISE HILL BANDUNGAN,-7.2125441,110.3444957
3007,Jawa Tengah,Kabupaten Semarang,TAMAN BUNGA CELOSIA,-7.2243536,110.3456501
3008,Jawa Tengah,Kabupaten Semarang,Taman Kelinci,-7.331128,110.444525
3009,Jawa Tengah,Kabupaten Semarang,Watu Gajah,-7.1633102,110.4462307
3010,Jawa Tengah,Kabupaten Semarang,WISATA ELING BENING,-7.252198,110.425128
3011,Jawa Tengah,Kabupaten Semarang,WISATA GRIYA YODESIA,-7.1943869,110.4081777
3012,Jawa Tengah,Kabupaten Sragen,Agrojeruk Kalongbali,-7.44419424365769,110.82752845324642
3013,Jawa Tengah,Kabupaten Sragen,Bayanan,-7.51029,111.12275
3014,Jawa Tengah,Kabupaten Sragen,Bumdes Harapan Kita,-7.318046,110.950096
3015,Jawa Tengah,Kabupaten Sragen,bumdes karya mandiri kaliwedi,-7.439781593318768,111.09030294088456
3016,Jawa Tengah,Kabupaten Sragen,Congyang Deworejo,-7.516855,111.137252
3017,Jawa Tengah,Kabupaten Sragen,Doeng Cuo,-7.461025,111.028886
3018,Jawa Tengah,Kabupaten Sragen,Embung Dewi Nawang Wulan,-7.488379184397346,111.08898006136302
3019,Jawa Tengah,Kabupaten Sragen,Embung Guworejo,-7.447744947379335,111.01031243509367
3020,Jawa Tengah,Kabupaten Sragen,Embung Kedung Jeruk,-7.476919225735617,110.99102903539092
3021,Jawa Tengah,Kabupaten Sragen,Embung Ngepringan,-7.295665546233639,111.06609104232707
3022,Jawa Tengah,Kabupaten Sragen,Gemolong Edupark ,-7.392876587428867,110.83208256931134
3023,Jawa Tengah,Kabupaten Sragen,Goa Mangkubumi,-7.467547237851473,110.9651204995942
3024,Jawa Tengah,Kabupaten Sragen,Gunung Kemukus,-7.343582082239823,110.82998995383008
3025,Jawa Tengah,Kabupaten Sragen,Kolam Pancingan Tambak Redjo,-7.3909402209031105,110.98732867936648
3026,Jawa Tengah,Kabupaten Sragen,Kolam Renang Abila & FA Gemolong,-7.385992654647428,110.83519859839706
3027,Jawa Tengah,Kabupaten Sragen,Kolam Renang kartika,-7.433773294674604,111.02426421159734
3028,Jawa Tengah,Kabupaten Sragen,Kolam Sendang Kowang,-7.371960112131716,110.90902770039341
3029,Jawa Tengah,Kabupaten Sragen,Kolam Tirto Widoro 408,-7.412549453665313,111.03182856931254
3030,Jawa Tengah,Kabupaten Sragen,Limas padmo,-7.344849344464341,110.96289881533994
3031,Jawa Tengah,Kabupaten Sragen,Makam Butuh - Sultan Hadi Wijaya,-7.458398088393208,110.90002848465593
3032,Jawa Tengah,Kabupaten Sragen,Museum Sangiran Klaster Bukuran,-7.45546,110.83482
3033,Jawa Tengah,Kabupaten Sragen,Museum Sangiran Klaster Ngebung,-7.4411920104074385,110.84073598556704
3034,Jawa Tengah,Kabupaten Sragen,MUSEUM SANGIRAN KRIKILAN,-7.4553667938047115,110.83503248214245
3035,Jawa Tengah,Kabupaten Sragen,Ndayu Park,-7.462974404859928,110.99177175436297
3036,Jawa Tengah,Kabupaten Sragen,PAP Ngunut,-7.52152,111.11175
3037,Jawa Tengah,Kabupaten Sragen,Pasar Bahulak,-7.415316917046672,110.90853492657597
3038,Jawa Tengah,Kabupaten Sragen,Pasar Bahulak,-7.415316917046672,110.90853492657597
3039,Jawa Tengah,Kabupaten Sragen,Pasar Bahulak,-7.415316917046672,110.90853492657597
3040,Jawa Tengah,Kabupaten Sragen,Pasar Bahulak,-7.415316917046672,110.90853492657597
3041,Jawa Tengah,Kabupaten Sragen,Pasar Bahulak,-7.415316917046672,110.90853492657597
3042,Jawa Tengah,Kabupaten Sragen,Pasar Bahulak,-7.415316917046672,110.90853492657597
3043,Jawa Tengah,Kabupaten Sragen,Pasar Bahulak,-7.415316917046672,110.90853492657597
3044,Jawa Tengah,Kabupaten Sragen,Pasar Bahulak,-7.415316917046672,110.90853492657597
3045,Jawa Tengah,Kabupaten Sragen,Pasar Bahulak,-7.415316917046672,110.90853492657597
3046,Jawa Tengah,Kabupaten Sragen,Pasar Bahulak,-7.415316917046672,110.90853492657597
3047,Jawa Tengah,Kabupaten Sragen,Pasar Tradisional Selo karang,-7.320909925909297,110.96050626890292
3048,Jawa Tengah,Kabupaten Sragen,Sailing to Boyolayar ,-7.2653887128548975,110.83603228610217
3049,Jawa Tengah,Kabupaten Sragen,Sendang Kun Gerit,-7.415250577904285,110.85399683901892
3050,Jawa Tengah,Kabupaten Sragen,Taman Kridoanggo,-7.425868389190984,111.0281056
3051,Jawa Tengah,Kabupaten Sragen,Taman Sragen Harmoni Hijau,-7.446042851600087,111.03519988465565
3052,Jawa Tengah,Kabupaten Sragen,Taman Sukowati,-7.42158243350041,111.00733214387999
3053,Jawa Tengah,Kabupaten Sragen,Taman Tiara Sachari,-7.429021453780695,111.00899823069047
3054,Jawa Tengah,Kabupaten Sragen,Turrima Farm,-7.39941979941652,110.83503936826396
3055,Jawa Tengah,Kabupaten Sragen,Waterboom Tunjungan,-7.38378,111.09079
3056,Jawa Tengah,Kabupaten Sragen,WIsata Pertanian dan peternakan Perikanan,-7.513148,111.147175
3057,Jawa Tengah,Kabupaten Sukoharjo, HTS Golf Driving Range,-6.2297465,106.829518
3058,Jawa Tengah,Kabupaten Sukoharjo,Alaska Waterboom ,-6.2297465,106.829518
3059,Jawa Tengah,Kabupaten Sukoharjo,Batu Seribu,-6.2297465,106.829518
3060,Jawa Tengah,Kabupaten Sukoharjo,EMBUNG PENGANTIN,-7.600654,110.865369
3061,Jawa Tengah,Kabupaten Sukoharjo,Gunung Pegat,-7.776152,110.849147
3062,Jawa Tengah,Kabupaten Sukoharjo,Gunung Pegat,-6.2297465,106.829518
3063,Jawa Tengah,Kabupaten Sukoharjo,Gunung Sepikul,-6.2297465,106.829518
3064,Jawa Tengah,Kabupaten Sukoharjo,Kido Land,-6.2297465,106.829518
3065,Jawa Tengah,Kabupaten Sukoharjo,Kolam Renang BAKLIBAY ( Bakalan Little Bay ),-7.6475,110.864386
3066,Jawa Tengah,Kabupaten Sukoharjo,Kolam Renang Haidar Faros,-7.690761,110.84859
3067,Jawa Tengah,Kabupaten Sukoharjo,KOLAM RENANG TIRTA BANJARSARI,-7.754721,110.786833
3068,Jawa Tengah,Kabupaten Sukoharjo,Kolam Renang Tirta Wening,-7.690085,110.868193
3069,Jawa Tengah,Kabupaten Sukoharjo,Kolam Renang Tlogo Asri,-6.2297465,106.829518
3070,Jawa Tengah,Kabupaten Sukoharjo,Makam Ki Ageng Balak,-6.2297465,106.829518
3071,Jawa Tengah,Kabupaten Sukoharjo,MAKAM KI AGENG PURWOTO SIDIK,-7.810819,110.778888
3072,Jawa Tengah,Kabupaten Sukoharjo,Makam Kyai Langsur,-7.654921,110.799336
3073,Jawa Tengah,Kabupaten Sukoharjo,MUBAROK HIDROPONIK,-7.636461,110.781915
3074,Jawa Tengah,Kabupaten Sukoharjo,Obyek Wisata Batu Seribu,-7.793663,110.840707
3075,Jawa Tengah,Kabupaten Sukoharjo,Obyek Wisata Ziarah Makam Ki Ageng Balak,-7.674486,110.889115
3076,Jawa Tengah,Kabupaten Sukoharjo,Pandawa Water Word,-6.2297465,106.829518
3077,Jawa Tengah,Kabupaten Sukoharjo,Pandawa Water World,-7.605847,110.804272
3078,Jawa Tengah,Kabupaten Sukoharjo,Pesanggrahan Langenharjo,-6.2297465,106.829518
3079,Jawa Tengah,Kabupaten Sukoharjo,Petilasan Keraton Kartasura,-6.2297465,106.829518
3080,Jawa Tengah,Kabupaten Sukoharjo,Petilasan Keraton Pajang,-6.2297465,106.829518
3081,Jawa Tengah,Kabupaten Sukoharjo,RONCE STABLE,-6.2297465,106.829518
3082,Jawa Tengah,Kabupaten Sukoharjo,Royal Water Adventure,-6.2297465,106.829518
3083,Jawa Tengah,Kabupaten Sukoharjo,Sahasra Adhi Pura (Candi Sonosewu),-6.2297465,106.829518
3084,Jawa Tengah,Kabupaten Sukoharjo,Sendang Ki Truno Lele,-6.2297465,106.829518
3085,Jawa Tengah,Kabupaten Sukoharjo,Sukasikuda Stable Resto & Horse Riding,-6.2297465,106.829518
3086,Jawa Tengah,Kabupaten Sukoharjo,Taman Pakujoyo,-6.2297465,106.829518
3087,Jawa Tengah,Kabupaten Sukoharjo,The Heritage Palace,-7.555001,110.754865
3088,Jawa Tengah,Kabupaten Sukoharjo,The Heritage Palace,-6.2297465,106.829518
3089,Jawa Tengah,Kabupaten Sukoharjo,TIRTA MAS,-7.582493,110.786183
3090,Jawa Tengah,Kabupaten Sukoharjo,Watu Giring,-6.2297465,106.829518
3091,Jawa Tengah,Kabupaten Tegal,Bukit bintang ,-7.19516,109.15184
3092,Jawa Tengah,Kabupaten Tegal,CLIRIT VIEW,-7.111339,109.133322
3093,Jawa Tengah,Kabupaten Tegal,Cv hikmah mandiri ,-7.07053,109.24096
3094,Jawa Tengah,Kabupaten Tegal,Cv rodjo tater,-6.99382,109.16552
3095,Jawa Tengah,Kabupaten Tegal,Golden park guci,-7.18777,109.15706
3096,Jawa Tengah,Kabupaten Tegal,GTA ,-7.067441,109.16288
3097,Jawa Tengah,Kabupaten Tegal,guci ashafana,-7.19887,109.1644
3098,Jawa Tengah,Kabupaten Tegal,Guci forest,-7.19019,109.16352
3099,Jawa Tengah,Kabupaten Tegal,guci forest,-7.19047,109.16439
3100,Jawa Tengah,Kabupaten Tegal,Guci gung resort,-7.1879,109.15746
3101,Jawa Tengah,Kabupaten Tegal,Kolam renang  dan penginapan hj muriyah,-6.974778,109.140664
3102,Jawa Tengah,Kabupaten Tegal,Kolam renang bebakaran,-6.97877,106.1624
3103,Jawa Tengah,Kabupaten Tegal,Makam amangkurat II,-6.92255,109.13139
3104,Jawa Tengah,Kabupaten Tegal,Makam hanggawana,-6.95146,109.1148
3105,Jawa Tengah,Kabupaten Tegal,makam ki gede sebayu,-7.07462,109.13325
3106,Jawa Tengah,Kabupaten Tegal,Makam mbah sitanjung,-7.04991,109.14663
3107,Jawa Tengah,Kabupaten Tegal,Makam pangeran purbaya,-6.95577,109.1164
3108,Jawa Tengah,Kabupaten Tegal,new guci indah,-7.18798,109.1611
3109,Jawa Tengah,Kabupaten Tegal,Onsen omahe banyu anget,-7.19636,109.16349
3110,Jawa Tengah,Kabupaten Tegal,OW Guci,-7.1945,109.15466
3111,Jawa Tengah,Kabupaten Tegal,Pancuran 13,-7.19887,109.1644
3112,Jawa Tengah,Kabupaten Tegal,Pasar slumpring,-7.17466,109.07002
3113,Jawa Tengah,Kabupaten Tegal,prabalintang,-7.11508,109.18643
3114,Jawa Tengah,Kabupaten Tegal,PT bintang permata kharisma,-6.87262,109.25675
3115,Jawa Tengah,Kabupaten Tegal,PT bumi asri guciku,-7.19425,109.16195
3116,Jawa Tengah,Kabupaten Tegal,PT. Mandiri Akur Pratama,-6.97725,109.13853
3117,Jawa Tengah,Kabupaten Tegal,PT. Perkebunan nusantara,-6.9755,109.17175
3118,Jawa Tengah,Kabupaten Tegal,Purbawahana ,-6.94695,109.17299
3119,Jawa Tengah,Kabupaten Tegal,purwahamba indah,-6.87311,109.25613
3120,Jawa Tengah,Kabupaten Tegal,rindu alam BS ,-7.18462,109.15461
3121,Jawa Tengah,Kabupaten Tegal,sindang kemadu,-7.17379,109.1102
3122,Jawa Tengah,Kabupaten Tegal,the baron hill of guci,-7.19905,109.162855
3123,Jawa Tengah,Kabupaten Tegal,the geong puncak guci,-7.199023,109.162736
3124,Jawa Tengah,Kabupaten Tegal,Waduk cacaban,-7.01057,109.18601
3125,Jawa Tengah,Kabupaten Tegal,waterboom gilar-gilar ,-7.05159,109.13037
3126,Jawa Tengah,Kabupaten Tegal,Waterboom kebun buah,-6.94572,109.17183
3127,Jawa Tengah,Kabupaten Tegal,wisata taman anggrek,-7.1748,109.1503
3128,Jawa Tengah,Kabupaten Temanggung,Alam Sewu  Temanggung,-7.266452,110.027094
3129,Jawa Tengah,Kabupaten Temanggung,Banyu Ciblon Lestari (BCL),-7.29886,11005238
3130,Jawa Tengah,Kabupaten Temanggung,Bukit Kembang Arum,-7.147654,110.044516
3131,Jawa Tengah,Kabupaten Temanggung,Cahaya Langgeng,-7.2393841,110.123717
3132,Jawa Tengah,Kabupaten Temanggung,Embung Bansari,-7.289111,110.034348
3133,Jawa Tengah,Kabupaten Temanggung,Embung Kledung,-7.333904,110.031837
3134,Jawa Tengah,Kabupaten Temanggung,Embung Walitis,-7.377951,110.127036
3135,Jawa Tengah,Kabupaten Temanggung,Kampung Atas Awan,-7.264322,110.003052
3136,Jawa Tengah,Kabupaten Temanggung,Kolam Cinta Liyangan,-7.249876,110.027934
3137,Jawa Tengah,Kabupaten Temanggung,Kolam Renang Simpleng,-7.302249,110.113867
3138,Jawa Tengah,Kabupaten Temanggung,Kolam Renang Tuk Mulyo,-7.317381,110.136405
3139,Jawa Tengah,Kabupaten Temanggung,Makam Ki Ageng Makukuhan,-7.275423,110.15796
3140,Jawa Tengah,Kabupaten Temanggung,Pengilon Edupark,-7.309813,110.118581
3141,Jawa Tengah,Kabupaten Temanggung,Pikatan Water Park,-7.338426,110.184804
3142,Jawa Tengah,Kabupaten Temanggung,Puncak Botorono,-7.319324,110.060306
3143,Jawa Tengah,Kabupaten Temanggung,Rowo Gembongan,-7.301135,110.204485
3144,Jawa Tengah,Kabupaten Temanggung,Sibajag Green Canyon,-7.2679,109.996107
3145,Jawa Tengah,Kabupaten Temanggung,Situs Liyangan,-7.251232,110.027549
3146,Jawa Tengah,Kabupaten Temanggung,Tirto Asri,-7.326934,110.198371
3147,Jawa Tengah,Kabupaten Temanggung,Wisata Alam Posong,-7.317951,110.024765
3148,Jawa Tengah,Kabupaten Temanggung,Wisata Umbul Jumprit,-7.25412,110.016786
3149,Jawa Tengah,Kabupaten Wonogiri,Batik Ciprat Karya Barokah,-7.9256672,111.2442615
3150,Jawa Tengah,Kabupaten Wonogiri,Batik Kalimasada,-7.8402112,111.223585
3151,Jawa Tengah,Kabupaten Wonogiri,Bimardi Farm and Park,-7.7691573,110.9058006
3152,Jawa Tengah,Kabupaten Wonogiri,Bukit Cumbri,-7.8389703,111.2859316
3153,Jawa Tengah,Kabupaten Wonogiri,Candi Muncar,-7.71656405,111.14701287
3154,Jawa Tengah,Kabupaten Wonogiri,Gedong Khasanah,-7.7738941,111.1861632
3155,Jawa Tengah,Kabupaten Wonogiri,Girimanik Mountain Camp,-7.7415821,111.1798707
3156,Jawa Tengah,Kabupaten Wonogiri,Goa Resi,-7.78598,111.2267
3157,Jawa Tengah,Kabupaten Wonogiri,Istana Parnaraya,-7.8727756,111.0523465
3158,Jawa Tengah,Kabupaten Wonogiri,Kitagawa Pesona Bali,-7.8388123,111.060229
3159,Jawa Tengah,Kabupaten Wonogiri,Lorencia Water Park,-7.8364073,110.9528751
3160,Jawa Tengah,Kabupaten Wonogiri,Museum Karst Indonesia,-8.04144699,110.78318919
3161,Jawa Tengah,Kabupaten Wonogiri,Museum Topeng Sewu Rai,-7.8584193,111.0545996
3162,Jawa Tengah,Kabupaten Wonogiri,Museum Wayang Indonesi Kabupaten Wonogiri,-7.9072925,110.862886
3163,Jawa Tengah,Kabupaten Wonogiri,Objek Wisata Waduk Gajah Mungkur,-7.9003806,110.7704362
3164,Jawa Tengah,Kabupaten Wonogiri,Pantai Nampu,-8.2104915,110.9012978
3165,Jawa Tengah,Kabupaten Wonogiri,Pantai Sembukan,-8.2043397,110.8356982
3166,Jawa Tengah,Kabupaten Wonogiri,Sanggar Astokenyo,-7.8621722,110.8039467
3167,Jawa Tengah,Kabupaten Wonogiri,Sanggar Prasetyo Budhaya,-7.9060249,111.2479964
3168,Jawa Tengah,Kabupaten Wonogiri,Soko Langit,-7.7530519,111.2019174
3169,Jawa Tengah,Kabupaten Wonogiri,Taman Bunga Sukrasana,-7.7871591,111.2212166
3170,Jawa Tengah,Kabupaten Wonogiri,Tanjung Sky Park,-7.85989764,111.19492026
3171,Jawa Tengah,Kabupaten Wonogiri,Tegal Simbah,-7.7720191,111.0958836
3172,Jawa Tengah,Kabupaten Wonogiri,Telaga Claket,-7.7581314,110.90799195
3173,Jawa Tengah,Kabupaten Wonogiri,Telaga Rowo,-7.9837464,110.9873818
3174,Jawa Tengah,Kabupaten Wonogiri,Umbul Nogo,-7.8258302,110.8118193
3175,Jawa Tengah,Kabupaten Wonogiri,Watu Adeg Sky View,-7.9433142,111.2372923
3176,Jawa Tengah,Kabupaten Wonogiri,Watu Cenik Wonogiri,-7.8498856,110.9129708
3177,Jawa Tengah,Kabupaten Wonogiri,Wisata Alam Girimanik,-7.74129119,111.18172427
3178,Jawa Tengah,Kabupaten Wonosobo,Basecamp Gunung Bisma Silandak,-7.2804455,109.8892756
3179,Jawa Tengah,Kabupaten Wonosobo,Basecamp Joegil Awar-awar Bowongso,-7.3766057,109.8555287
3180,Jawa Tengah,Kabupaten Wonosobo,Batu pandang ratapan angin,-7.217425,109.91566
3181,Jawa Tengah,Kabupaten Wonosobo,Bukit Awan Sikapuk,-7.2236119,109.9289833
3182,Jawa Tengah,Kabupaten Wonosobo,Curug Sikarim,-7.242639,109.905933
3183,Jawa Tengah,Kabupaten Wonosobo,Dieng Park,-7.2133396,109.9113491
3184,Jawa Tengah,Kabupaten Wonosobo,Dieng Plateau Teater,-7.2167354,109.9124364
3185,Jawa Tengah,Kabupaten Wonosobo,EDUWISATA TALUNOMBO,-7.4670716,109.9920778
3186,Jawa Tengah,Kabupaten Wonosobo,Gelanggang Renang Mangli Wonosobo,-7.349724,109.8964498
3187,Jawa Tengah,Kabupaten Wonosobo,Gua Maria Taroanggro,-7.3485613,110.0131124
3188,Jawa Tengah,Kabupaten Wonosobo,HY Water Park,-7.3998873,109.9481683
3189,Jawa Tengah,Kabupaten Wonosobo,Kahyangan Sky Line,-7.1547,109.5542
3190,Jawa Tengah,Kabupaten Wonosobo,Kebun Teh Sikathok,-7.26867,109.98749
3191,Jawa Tengah,Kabupaten Wonosobo,Kolam Renang Silatri Indah,-7.500438,110.0022552
3192,Jawa Tengah,Kabupaten Wonosobo,Maha sky batu angkruk,-7.2259871,109.9328
3193,Jawa Tengah,Kabupaten Wonosobo,Pasar Lawas Kumandang,-7.388754,109.942522
3194,Jawa Tengah,Kabupaten Wonosobo,Patean Tambi,-7.268748,109.965713
3195,Jawa Tengah,Kabupaten Wonosobo,Pemandian Air Panas Legok Munggang,-7.3285551,109.9071145
3196,Jawa Tengah,Kabupaten Wonosobo,Pemandian Kalianget,-7.542148,109.78521
3197,Jawa Tengah,Kabupaten Wonosobo,Pendakian Gunung Prau,-7.2152128,109.9262654
3198,Jawa Tengah,Kabupaten Wonosobo,Pintu langit,-7.233423,109.938115
3199,Jawa Tengah,Kabupaten Wonosobo,Sikunir,-7.234062,109.91813
3200,Jawa Tengah,Kabupaten Wonosobo,Sinsu Park,-7.3451,110.0279
3201,Jawa Tengah,Kabupaten Wonosobo,Taman Ceria Warangan,-7.4589982,110.0273794
3202,Jawa Tengah,Kabupaten Wonosobo,Taman Fatmawati Wonosobo,-7.3914633,109.8906096
3203,Jawa Tengah,Kabupaten Wonosobo,Taman Rekreasi Kalianget,-7.3336391,109.9109577
3204,Jawa Tengah,Kabupaten Wonosobo,TANJUNGSARI LAND,-7.4473691,109.9769543
3205,Jawa Tengah,Kabupaten Wonosobo,Telaga Menjer,-7.2735067,109.9416845
3206,Jawa Tengah,Kabupaten Wonosobo,Telaga warna dan Telaga pengilon,-7.2155957,109.9134908
3207,Jawa Tengah,Kabupaten Wonosobo,The Moby Park,-7.3374199,109.9677391
3208,Jawa Tengah,Kabupaten Wonosobo,Tuk Bimalukar,-7.204561,109.9103269
3209,Jawa Tengah,Kabupaten Wonosobo,Umbul Mudal Slukatan,-7.292007,109.8889871
3210,Jawa Tengah,Kabupaten Wonosobo,Watu Angkruk,-7.2324543,109.9379
3211,Jawa Tengah,Kabupaten Wonosobo,Watu Angkruk,-7.2324543,109.93759
3212,Jawa Tengah,Kabupaten Wonosobo,Wisata agro tanjungsari,-7.4478938,109.9769868
3213,Jawa Tengah,Kabupaten Wonosobo,Wisata Alam Lembah Kali Telu,-7.4428191,110.0094754
3214,Jawa Tengah,Kabupaten Wonosobo,Wisata Alam Lubang Sewu,-7.5764852,109.7899966
3215,Jawa Tengah,Kabupaten Wonosobo,Wisata alam telaga menjer dan bukit cinta,-7264,109.9203
3216,Jawa Tengah,Kabupaten Wonosobo,Wisata Kebun Kopi Bowongso,-7.3761227,110.0196667
3217,Jawa Tengah,Kabupaten Wonosobo,Wisata Kebun Kopi Gunung Windu,-7.5861784,109.7955236
3218,Jawa Tengah,Kabupaten Wonosobo,WISATA KEBUN TEH ALAM PANAMA,-7.2662874,109.9328283
3219,Jawa Tengah,Kabupaten Wonosobo,Wisata Telaga Bedakah,-7.3489973,109.9700376
3220,Jawa Tengah,Kabupaten Wonosobo,Wonoland,-7.322453,109.934268
3221,Jawa Tengah,Kota Magelang,Borobudur International Golf &Country Club,-7.48754,110.21549
3222,Jawa Tengah,Kota Magelang,Kawasan Busaya Mantyasih,-7.47242,110.21051
3223,Jawa Tengah,Kota Magelang,Kebun Raya Gunung Tidar,-7.49552,11021818
3224,Jawa Tengah,Kota Magelang,Kolam Renang Gladiol,-7.4817184,110.2126531
3225,Jawa Tengah,Kota Magelang,Makam Johannes Van Der Steur,-7.488647,110.221666
3226,Jawa Tengah,Kota Magelang,Museum BPK RI,-7.47435,110.2141
3227,Jawa Tengah,Kota Magelang,Museum Bumi Putera 1912,-7.47241,110.21742
3228,Jawa Tengah,Kota Magelang,Museum Diponegoro,-7.47456,110.21291
3229,Jawa Tengah,Kota Magelang,Museum Sudirman,-7.46618,11021970
3230,Jawa Tengah,Kota Magelang,Museum Taruna Abdul Djalil,-7.50021,110.2095
3231,Jawa Tengah,Kota Magelang,OHD Museum,-7.48101,110.21942
3232,Jawa Tengah,Kota Magelang,TKL Ecopark,-7.485783,110.210763
3233,Jawa Tengah,Kota Pekalongan,Graha tosan adji,-6.878464,109.622954
3234,Jawa Tengah,Kota Pekalongan,KANZUS SHOLAWAT ,-6.2297465,106.829518
3235,Jawa Tengah,Kota Pekalongan,Museum batik pekalongan,-6.878616,109.675419
3236,Jawa Tengah,Kota Pekalongan,Pantai pasir kencana ,-6.859391,109.691855
3237,Jawa Tengah,Kota Pekalongan,Pantai slamaran indah ,-6.862563,109.69971
3238,Jawa Tengah,Kota Pekalongan,Pusat informasi mangrove,-6.862785,109.678252
3239,Jawa Tengah,Kota Pekalongan,Wisata bahari,-6.859136,109.692539
3240,Jawa Tengah,Kota Salatiga,Alun Alun Pancasila Salatiga,-7.33062,110.5001
3241,Jawa Tengah,Kota Salatiga,Benteng Hook,-7031629,110.49643
3242,Jawa Tengah,Kota Salatiga,GUMUK SIDUL MENUL MENUL,-7.32874,110.52415
3243,Jawa Tengah,Kota Salatiga,KALI WEDOK,-7.32427,110.507743
3244,Jawa Tengah,Kota Salatiga,Kebun Arimbi,-7.34907,110.50263
3245,Jawa Tengah,Kota Salatiga,Kolam PL,-7.30395,110.51131
3246,Jawa Tengah,Kota Salatiga,Kolam Renang Kalitaman,-7.32411,110.5074
3247,Jawa Tengah,Kota Salatiga,Kriya Naruna,-7.31241,110.49774
3248,Jawa Tengah,Kota Salatiga,MAKAM KYAI ABDUL WAHID,-7.35733,110.52368
3249,Jawa Tengah,Kota Salatiga,Makam Kyai Damarjati,-7.32339,110.50509
3250,Jawa Tengah,Kota Salatiga,Makam Kyai Jangkung,-7.3305,110.49794
3251,Jawa Tengah,Kota Salatiga,Makam Kyai Rono Sentiko,-7.332117,110.489188
3252,Jawa Tengah,Kota Salatiga,Makam Nyai Kopek,-7.32706,110.50737
3253,Jawa Tengah,Kota Salatiga,MAKAM NYAI USRIK SURYO DININGRAT,-7.32692,110.51038
3254,Jawa Tengah,Kota Salatiga,MASJID KLENTENG,-7.3338,110.48677
3255,Jawa Tengah,Kota Salatiga,Museum Salatiga,-7.306399,110.510997
3256,Jawa Tengah,Kota Salatiga,Pasar Agrowisata Sitalang,-7.29929,110.51816
3257,Jawa Tengah,Kota Salatiga,River Tubbing Sitalang,-7303,110.51767
3258,Jawa Tengah,Kota Salatiga,SUNGAI BENOYO,-7.32662,110.51034
3259,Jawa Tengah,Kota Salatiga,Taman Cerdas Salatiga,-7.3072,110.4891
3260,Jawa Tengah,Kota Salatiga,Taman Kota Salatiga,-7.35457,110.48145
3261,Jawa Tengah,Kota Salatiga,TAMAN SELASAR KARTINI,-7.326472,110.500689
3262,Jawa Tengah,Kota Salatiga,Taman Sidomukti,-7.33519,110.47437
3263,Jawa Tengah,Kota Salatiga,Taman Tingkir Salatiga,-7.33759,110.51714
3264,Jawa Tengah,Kota Salatiga,Taman Wisata Sejarah Salatiga (TWSS),-7.30383,110.50705
3265,Jawa Tengah,Kota Salatiga,Tapak Hapsari,-7.367353,110.511748
3266,Jawa Tengah,Kota Salatiga,WISATA EDUKASI ARGOTELO,-7.34453,110.51136
3267,Jawa Tengah,Kota Salatiga,WISATA EDUKASI SINGKONG D9,-7.34322,110.51134
3268,Jawa Tengah,Kota Salatiga,Wisata Pasar Tegalan,-7.2953,110.48543
3269,Jawa Tengah,Kota Salatiga,WISATA POHON PENGANTIN,-7.31212,110.48819
3270,Jawa Tengah,Kota Semarang,Dung Tungkul,-7.07577,110.46023
3271,Jawa Tengah,Kota Semarang,Firdaus Fatimah Zahra,-7075,110.38282
3272,Jawa Tengah,Kota Semarang,Gardenia Swimminng Poll,-7.02723,110.48689
3273,Jawa Tengah,Kota Semarang,Grand Maerakaca,-6.96046,110.38795
3274,Jawa Tengah,Kota Semarang,History Building Lawang Sewu,-6.98421,110.41018
3275,Jawa Tengah,Kota Semarang,Jungle Toon,-7.003685,110.386252
3276,Jawa Tengah,Kota Semarang,Kampoeng Djadhoel,-6.96878,110.43201
3277,Jawa Tengah,Kota Semarang,Kampung Jawi,-7.02898,110.37754
3278,Jawa Tengah,Kota Semarang,Kampung Wisata Taman Lele,-6.9861,110.34566
3279,Jawa Tengah,Kota Semarang,Keceh Asmoro,-7.04423,110.45469
3280,Jawa Tengah,Kota Semarang,Klenteng Tay Kak Sie,-6.97419,110.42787
3281,Jawa Tengah,Kota Semarang,Kolam Renang Bukit Elang Residence,-7.04276,110.46307
3282,Jawa Tengah,Kota Semarang,Kolam Renang Pandanaan Hills,-7.0393,1110.45825
3283,Jawa Tengah,Kota Semarang,Kota Lama Semarang,-6.96831,110.42788
3284,Jawa Tengah,Kota Semarang,Makam Habib Thoha bin Muhammad bin Yahya,-6.97706,110.41902
3285,Jawa Tengah,Kota Semarang,Makam Ki Ageng Pandanaran,-6.99107,110.4164
3286,Jawa Tengah,Kota Semarang,Mangrove Tapak,-6.97448,10.369353
3287,Jawa Tengah,Kota Semarang,Menara Al Husna Masjid Agung Jawa Tengah,-6.8841,110.44643
3288,Jawa Tengah,Kota Semarang,Museum Jawa Tengah Ranggawarsita,-6.2297465,106.829518
3289,Jawa Tengah,Kota Semarang,Ngrembel Asri,-7.07594,110.3616
3290,Jawa Tengah,Kota Semarang,Obyek Wisata Goa Kreo,-7.0386,110.0313
3291,Jawa Tengah,Kota Semarang,Obyek Wisata Hutan Tinjomoyo,-7.02826,110.40153
3292,Jawa Tengah,Kota Semarang,Oemah Herborist,-7.00564,110.35417
3293,Jawa Tengah,Kota Semarang,PantaI Marina,-6.95304,110.39189
3294,Jawa Tengah,Kota Semarang,Pantai Tirang,-6954,"110,359"
3295,Jawa Tengah,Kota Semarang,Pura Agung Giri Nata,-6.99923,110.41004
3296,Jawa Tengah,Kota Semarang,River Tubing Mayangsari,-7.01884,110.38109
3297,Jawa Tengah,Kota Semarang,Semarang Zoo,-6.96916,110.28749
3298,Jawa Tengah,Kota Semarang,Silayur Park,-7.00597,110.33963
3299,Jawa Tengah,Kota Semarang,Sport Club and Kolam Renang Taman Sari,-7.0107,110.48252
3300,Jawa Tengah,Kota Semarang,Taman Budaya Raden Saleh,-7.00286,110.4241
3301,Jawa Tengah,Kota Semarang,UPTD Gelangang Olahraga Kota Semarang,-7.0125,110.4825
3302,Jawa Tengah,Kota Semarang,Vihara Watu Gong,-7.08657,110.4096
3303,Jawa Tengah,Kota Semarang,Wisata Alam Curug Gondoriyo,-7.00486,1110.32097
3304,Jawa Tengah,Kota Semarang,Wisata Sam Poo Kong,-6.2297465,106.829518
3305,Jawa Tengah,Kota Surakarta,Atraksi Prajurit,-7.57765,110.82762
3306,Jawa Tengah,Kota Surakarta,Gedung Djoeang 45 Solo,-7.57359,110.83219
3307,Jawa Tengah,Kota Surakarta,Jurug Solo Zoo,-7.56301,110.8605
3308,Jawa Tengah,Kota Surakarta,Kampung Batik Kauman,-6.2297465,106.829518
3309,Jawa Tengah,Kota Surakarta,Kampung Batik Laweyan,-7.57043,110.79711
3310,Jawa Tengah,Kota Surakarta,Kampung Prajurit Wiro Tamtomo,-7.57836,110.82974
3311,Jawa Tengah,Kota Surakarta,Kolam Renang Tirtomoyo Manahan,-7.55334,110.80584
3312,Jawa Tengah,Kota Surakarta,Loji Gandrung,-7.56688,110.80958
3313,Jawa Tengah,Kota Surakarta,Lokananta Recording,-7.55777,110.79553
3314,Jawa Tengah,Kota Surakarta,Masjid Sheikh Zayed Solo,-7.55461,110.82771
3315,Jawa Tengah,Kota Surakarta,Monumen Pers Nasional,-7.564886,110.8183287
3316,Jawa Tengah,Kota Surakarta,Museum Batik Danar Hadi,-7.569234,110.816221
3317,Jawa Tengah,Kota Surakarta,Museum Karaton  Surakarta,-7.5779,110.8289
3318,Jawa Tengah,Kota Surakarta,Museum Keris Nusantara,-7.56893,110.81095
3319,Jawa Tengah,Kota Surakarta,Museum Radya Pustaka,-7.56873,110.81438
3320,Jawa Tengah,Kota Surakarta,nDalem Hardjonegaran (Batik Go Tik Swan),-7.5768,110.82193
3321,Jawa Tengah,Kota Surakarta,NIght Market Ngarsopuro,-7.56869,110.82229
3322,Jawa Tengah,Kota Surakarta,Pasar Gede Hardjonagoro,-7.5694,110.8314
3323,Jawa Tengah,Kota Surakarta,Pasar Klewer,-7.5752578,110.8264166
3324,Jawa Tengah,Kota Surakarta,Pasar Triwindu,-7.56916,110.82218
3325,Jawa Tengah,Kota Surakarta,Pura Mangkunegaran,-7.56856,110.82397
3326,Jawa Tengah,Kota Surakarta,Rumah Budaya Kratonan,-7.5776,110.8182
3327,Jawa Tengah,Kota Surakarta,Solo Art Market ,-7.56896,110.82218
3328,Jawa Tengah,Kota Surakarta,Solo Is Solo,-7.57008,110.82183
3329,Jawa Tengah,Kota Surakarta,solo safari,-6.2297465,106.829518
3330,Jawa Tengah,Kota Surakarta,Taman Balekambang,-7.5520945,110.8085367
3331,Jawa Tengah,Kota Surakarta,Taman Sunan Jogo Kali,-7.57002,110.85819
3332,Jawa Tengah,Kota Surakarta,Tumurun Museum,-7.5704,110.8164
3333,Jawa Tengah,Kota Surakarta,Wayang Orang Sriwedari,-7.56963,110.81178
3334,Jawa Tengah,Kota Tegal,Gerbang Mas Bahari Water Park,-6.87221499,109.11094311
3335,Jawa Tengah,Kota Tegal,PANTAI ALAM INDAH (PAI),-6.84784868,109.1426837
3336,Jawa Tengah,Kota Tegal,Pantai Batam Sari,-6.84754671,109.15317439
3337,Jawa Tengah,Kota Tegal,Pantai Komodo,-6.84755434,109.15360812
3338,Jawa Tengah,Kota Tegal,Pantai Muara Reja Indah,-6.84495377,109.11477017
3339,Jawa Tengah,Kota Tegal,Pantai Pulo Kodok,-6.84505848,109.15958303
3340,Jawa Tengah,Kota Tegal,Rita Park,-6.87120204,109.119129
3341,Jawa Timur,Kabupaten Bangkalan,Jokotole,-7.048088,112.72392
3342,Jawa Timur,Kabupaten Bangkalan,Makam Aermata,-6.947073,112.856108
3343,Jawa Timur,Kabupaten Bangkalan,Makam Agung Arosbaya,-6.95592,112.847689
3344,Jawa Timur,Kabupaten Bangkalan,Makam Sultan Abdul Kadirun,-7.088733,112.745781
3345,Jawa Timur,Kabupaten Bangkalan,MAKAM SYAIKHONA  KHOLIL,-7.042017,112.72344
3346,Jawa Timur,Kabupaten Bangkalan,MUSEUM CAKRANINGRAT,-7.048145,112.735511
3347,Jawa Timur,Kabupaten Bangkalan,Museum Cakraningrat,-7.048276,112.735405
3348,Jawa Timur,Kabupaten Bangkalan,PANTAI GOA PETAPA,-7.158202,112.804753
3349,Jawa Timur,Kabupaten Bangkalan,Pantai Goa Petapa,-7.157594,112.802362
3350,Jawa Timur,Kabupaten Bangkalan,Taman Rekreasi Kota,-7.043626,112.740472
3351,Jawa Timur,Kabupaten Bangkalan,TAMAN REKREASI KOTA (TRK),-7.044093,112.739196
3352,Jawa Timur,Kabupaten Bangkalan,Tresna Art,-7.036558,112.740306
3353,Jawa Timur,Kabupaten Banyuwangi,Agro Wisata Bukit Rayud,-8.348715,114.220621
3354,Jawa Timur,Kabupaten Banyuwangi,Akbar Zoo Banyuwangi ,-8.219846,114.300033
3355,Jawa Timur,Kabupaten Banyuwangi,Bangsring Underwater,-8.045446,114.428858
3356,Jawa Timur,Kabupaten Banyuwangi,Bangsring Underwater,-8.0533125,114.4316875
3357,Jawa Timur,Kabupaten Banyuwangi,BOOM Marine Banyuwangi ,-8.2074375,114.3848125
3358,Jawa Timur,Kabupaten Banyuwangi,De Djawatan,-8.431393,114.229088
3359,Jawa Timur,Kabupaten Banyuwangi,Destinasi Air Terjun Jagir,-8.197033,114.276807
3360,Jawa Timur,Kabupaten Banyuwangi,Destinasi Pantai cemara,-8.263928,114.372983
3361,Jawa Timur,Kabupaten Banyuwangi,Destinasi Wisata Grand Watudodol,-8.084097,114.416913
3362,Jawa Timur,Kabupaten Banyuwangi,Foodcourt Watudodol,-8.099276,114.411561
3363,Jawa Timur,Kabupaten Banyuwangi,G-Rafting,-8.359893,114.036842
3364,Jawa Timur,Kabupaten Banyuwangi,Grand Watu Dodol,-8.0858125,114.4173125
3365,Jawa Timur,Kabupaten Banyuwangi,Grand Watu Dodol ,-8.0858125,114.4173125
3366,Jawa Timur,Kabupaten Banyuwangi,Green Gumuk Candi,-8.224031,114.207144
3367,Jawa Timur,Kabupaten Banyuwangi,Gunung Rante,-8.099956,114.213463
3368,Jawa Timur,Kabupaten Banyuwangi,Jagir Waterfall,-8.1759375,114.2844375
3369,Jawa Timur,Kabupaten Banyuwangi,Kalisawah Adventure,-8.216386,114.177192
3370,Jawa Timur,Kabupaten Banyuwangi,Museum Blambangan,-8.220895,114.368133
3371,Jawa Timur,Kabupaten Banyuwangi,Museum Blambangan ,-8.131548,114.22531
3372,Jawa Timur,Kabupaten Banyuwangi,Pantai Cacalan,-8.190966,114.383568
3373,Jawa Timur,Kabupaten Banyuwangi,Pantai Cemara,-8.2638125,114.3728125
3374,Jawa Timur,Kabupaten Banyuwangi,Pantai Mustika Konservasi,-8.589139,114.004327
3375,Jawa Timur,Kabupaten Banyuwangi,Pantai Pulau Santen,-8.2209375,114.3872344
3376,Jawa Timur,Kabupaten Banyuwangi,Pemandian Alam Jopuro,-8.186583,114.28076
3377,Jawa Timur,Kabupaten Banyuwangi,Pemandian Sumber Waras,-8.1778125,114.3018125
3378,Jawa Timur,Kabupaten Banyuwangi,Sendang Seruni,-8.177149,114.241819
3379,Jawa Timur,Kabupaten Banyuwangi,Taman Rekreasi dan Pemandian Taman Suruh,-8.18766,114.29055
3380,Jawa Timur,Kabupaten Banyuwangi,Teluk Pang Pang,-8.527486,114.345477
3381,Jawa Timur,Kabupaten Banyuwangi,Waterpark Cluring,-8.430424,114.21135
3382,Jawa Timur,Kabupaten Banyuwangi,Wisata Air Terjun Kembar Legomoro,-8.276186,114.044838
3383,Jawa Timur,Kabupaten Banyuwangi,Wisata Air Terjun Temcor,-8.213667,114.153756
3384,Jawa Timur,Kabupaten Banyuwangi,Wisata Jopuro,-8.1864294,114.2802827
3385,Jawa Timur,Kabupaten Banyuwangi,Wisata Pantai Cacalan ,-8.19092,114.383696
3386,Jawa Timur,Kabupaten Banyuwangi,Wisata Pantai Mustika,-8.589646,114.002269
3387,Jawa Timur,Kabupaten Banyuwangi,Wisata Sungai Bendo,-8.165811,114.27505
3388,Jawa Timur,Kabupaten Blitar,Agrowisata Sirah Kencong,-7.9745904,112.4281449
3389,Jawa Timur,Kabupaten Blitar,Air Terjun Sirah Kencong,-7.973029,112.436353
3390,Jawa Timur,Kabupaten Blitar,Blitar Park,-8081,112.1960303
3391,Jawa Timur,Kabupaten Blitar,De Karanganjar Koffie Plantage,-7.9970098,112.2404268
3392,Jawa Timur,Kabupaten Blitar,Goa Embul Tuk,-8.298167,112.102881
3393,Jawa Timur,Kabupaten Blitar,Goa Umbultuk,-8.2981584,112.1003003
3394,Jawa Timur,Kabupaten Blitar,Hutan Pinus Gogoniti,-8.069527,112.401909
3395,Jawa Timur,Kabupaten Blitar,Hutan Pinus Loji,-7.9624038,112.3473105
3396,Jawa Timur,Kabupaten Blitar,Hutan Pinus Loji,-7.959576,112.349022
3397,Jawa Timur,Kabupaten Blitar,Istana Sakura Blitar,-8.033941,112.252795
3398,Jawa Timur,Kabupaten Blitar,Jati Park,-8.055392,112.364452
3399,Jawa Timur,Kabupaten Blitar,Kampung Coklat Blitar,-8.156761,112.1718
3400,Jawa Timur,Kabupaten Blitar,Kebun Teh Sirah Kencong,-7.9759208,112.4381231
3401,Jawa Timur,Kabupaten Blitar,Kesambi Tree's Park,-8.067241,112.122388
3402,Jawa Timur,Kabupaten Blitar,KWE Puspa Jagad,-7.9917741,112.3424759
3403,Jawa Timur,Kabupaten Blitar,KWE Puspa Jagad,-7.991657,112.342401
3404,Jawa Timur,Kabupaten Blitar,Monumen Trisula & Pesanggrahan Bakung,-8.2595069,112.0716628
3405,Jawa Timur,Kabupaten Blitar,Museum Penataran,-8.0125738,112.2089452
3406,Jawa Timur,Kabupaten Blitar,Pantai Pangi,-8.313196,112.110916
3407,Jawa Timur,Kabupaten Blitar,Pantai Pangi,-8.312623,112.111041
3408,Jawa Timur,Kabupaten Blitar,Pantai Pasir Putih Pasetran Gondo Mayit,-8.320791,112.149446
3409,Jawa Timur,Kabupaten Blitar,Pantai Pasur,-8.3173301,112.0696588
3410,Jawa Timur,Kabupaten Blitar,Pantai Serang Blitar,-8.329614,112.222249
3411,Jawa Timur,Kabupaten Blitar,Pantai Tambakrejo,-8.315418,112.143457
3412,Jawa Timur,Kabupaten Blitar,Posko Pendakian Gunung Kelud,-7.959576,112.349022
3413,Jawa Timur,Kabupaten Blitar,Rest Area Pendapa Ageng Hand Asta Sih,-6.2297465,106.829518
3414,Jawa Timur,Kabupaten Blitar,Taman Ayu Gogoniti,-8.067666,112.412574
3415,Jawa Timur,Kabupaten Blitar,Turi Putih,-8.027371,112.001196
3416,Jawa Timur,Kabupaten Blitar,Wana Wisata Kesambi Trees Park,-8.0669099,112.1215309
3417,Jawa Timur,Kabupaten Blitar,Wana Wisata Puncak Sekawan,-7.9985425,112.365978
3418,Jawa Timur,Kabupaten Blitar,Wisata Budaya Candi Penataran,-8.016133,112.209218
3419,Jawa Timur,Kabupaten Blitar,Wisata Cagar Budaya Rambut Monte,-7.963768,112.366893
3420,Jawa Timur,Kabupaten Blitar,Wisata Edukasi Kampung Coklat,-8.1560629,112.1702044
3421,Jawa Timur,Kabupaten Blitar,Wisata Negeri Dongeng,-8.054173,112.099842
3422,Jawa Timur,Kabupaten Blitar,Wisata Pantai Jolosutro,-8.332198,112.330637
3423,Jawa Timur,Kabupaten Blitar,Wisata Pantai Pasir Putih Gondo Mayit,-8.322089,112.14992
3424,Jawa Timur,Kabupaten Blitar,Wisata Pantai Serang,-8.32931,112.221702
3425,Jawa Timur,Kabupaten Blitar,Wisata Pantai Tambakrejo,-8.315179,112.143383
3426,Jawa Timur,Kabupaten Blitar,Wisata Pinus Gogoniti,-8.0703017,112.401358
3427,Jawa Timur,Kabupaten Blitar,Wisata Rambut Monte,-7.962977,112.368369
3428,Jawa Timur,Kabupaten Bojonegoro,Agrowisata Blimbing Ngringinrejo,-7.132054,111.814435
3429,Jawa Timur,Kabupaten Bojonegoro,Agrowisata Kebun Belimbing Ngringinrejo,-7.12805,111.82607
3430,Jawa Timur,Kabupaten Bojonegoro,Dander Waterpark,-7.250325,111.841471
3431,Jawa Timur,Kabupaten Bojonegoro,Growgoland Waterfun,-7.250552,111.817769
3432,Jawa Timur,Kabupaten Bojonegoro,kayangan api,-7.247508,111.793093
3433,Jawa Timur,Kabupaten Bojonegoro,Museum Geopark Bojonegoro,-7.057137,111.678262
3434,Jawa Timur,Kabupaten Bojonegoro,Padangan Heritage,-7.154897,111.617082
3435,Jawa Timur,Kabupaten Bojonegoro,Puthuk Kreweng,-7.211545,111.711213
3436,Jawa Timur,Kabupaten Bojonegoro,Sendang Tirta Arum,-7.250524,111.817056
3437,Jawa Timur,Kabupaten Bojonegoro,Sumber Maha Dewi,-7.21212,111.881427
3438,Jawa Timur,Kabupaten Bojonegoro,Sumber Mahadewi,-7.212115,111.882113
3439,Jawa Timur,Kabupaten Bojonegoro,Taman Pinggir Nggawan,-7.157107,111.977447
3440,Jawa Timur,Kabupaten Bojonegoro,Taman Tirtawana Dander Waterpark,-7.249511,111.841062
3441,Jawa Timur,Kabupaten Bojonegoro,Tjok Brosot,-7.18637,112.031772
3442,Jawa Timur,Kabupaten Bojonegoro,TPG (Taman Pinggir Gawan),-7.157182,111.977455
3443,Jawa Timur,Kabupaten Bojonegoro,Waduk  Bendo,-7.215332,111.878979
3444,Jawa Timur,Kabupaten Bojonegoro,Waduk Pacal,-7.362296,111.870807
3445,Jawa Timur,Kabupaten Bojonegoro,Waduk Pacal,-7.361364,111.871885
3446,Jawa Timur,Kabupaten Bojonegoro,Wisata Edukasi Gerabah,-7.114402,111.724886
3447,Jawa Timur,Kabupaten Bojonegoro,Wisata Edukasi Gerabah Rendeng,-7.111666,111.72614
3448,Jawa Timur,Kabupaten Bojonegoro,Wisata Edukasi Pejambon,-7.199655,112.090094
3449,Jawa Timur,Kabupaten Bojonegoro,Wisata Edukasi Pejambon,-7.198072,112.021901
3450,Jawa Timur,Kabupaten Bojonegoro,Wisata Grogoland Waterfun,-7.246997,111.818493
3451,Jawa Timur,Kabupaten Bojonegoro,Wisata Kayangan Api,-7.259374,111.790629
3452,Jawa Timur,Kabupaten Bojonegoro,Wisata Puthuk Kreweng,-7.210706914902,111.71077513068687
3453,Jawa Timur,Kabupaten Bondowoso,Air Panas Blawan,-7.987154,114.174474
3454,Jawa Timur,Kabupaten Bondowoso,Batu Soon Solor,-7.858246,114.077224
3455,Jawa Timur,Kabupaten Bondowoso,Desa Wisata Agrapana Sumberkalong,-7.898241,113.894801
3456,Jawa Timur,Kabupaten Bondowoso,DESA WISATA TIRTA AGUNG,-7.956669,113.967963
3457,Jawa Timur,Kabupaten Bondowoso,DTW AIR TERJUN TANCAK KEMBAR,-6.2297465,106.829518
3458,Jawa Timur,Kabupaten Bondowoso,DTW PEMANDANGAN ALAM ARAK-ARAK BONDOWOSO JAWA TIMUR,-6.2297465,106.829518
3459,Jawa Timur,Kabupaten Bondowoso,Kawah Wurung,-8.064859,114.161227
3460,Jawa Timur,Kabupaten Bondowoso,Lava Plalangan,-7.989282,114.172288
3461,Jawa Timur,Kabupaten Bondowoso,Museum Kereta Api,-7.916772,113.82929
3462,Jawa Timur,Kabupaten Bondowoso,Pemandangan Alam Arak-arak,-7.719633,113.742947
3463,Jawa Timur,Kabupaten Bondowoso,PEMANDIAN ALAM TASNAN  BARU,-7.607098,111.607032
3464,Jawa Timur,Kabupaten Bondowoso,Puncak Megasari,-8.10128,114.710932
3465,Jawa Timur,Kabupaten Bondowoso,Pusat Informasi Megalitik,-7.996315,113.794636
3466,Jawa Timur,Kabupaten Bondowoso,Tirta Agung,-7.978863,113.983444
3467,Jawa Timur,Kabupaten Bondowoso,Wisata Almor,-7.991113,113.873625
3468,Jawa Timur,Kabupaten Bondowoso,WISATA NAVARA WATERPARK,-7.95001,113.85531
3469,Jawa Timur,Kabupaten Gresik,DEWI (Doudo Edu Wisata),-6.9560613464870915,112.49673873896415
3470,Jawa Timur,Kabupaten Gresik,Dynasty Water World,-7.1406165330183,112.61528766514563
3471,Jawa Timur,Kabupaten Gresik,Edu Wisata Kampung Kreasi,-7.164161901481778,112.65787734251312
3472,Jawa Timur,Kabupaten Gresik,Edu Wisata Lontar Sewu,-7.238254745286559,112.58369529847936
3473,Jawa Timur,Kabupaten Gresik,Edu Wisata Lontar Sewu,-7.238336,112.583733
3474,Jawa Timur,Kabupaten Gresik,EKOWISATA MANGROVE HIJAU DAUN,-5.846824,112.70644
3475,Jawa Timur,Kabupaten Gresik,HERITAGE KAMPUNG KEMASAN,-6.2297465,106.829518
3476,Jawa Timur,Kabupaten Gresik,Hijau Daun,-5.824136595269879,112.70318570705548
3477,Jawa Timur,Kabupaten Gresik,Kebun Pak Inggih,-6.2297465,106.829518
3478,Jawa Timur,Kabupaten Gresik,Kolam Renang Ocean Kids,-6.983512273462542,112.494290900008
3479,Jawa Timur,Kabupaten Gresik,Makam K. T. Poesponegoro,-7.160121843650189,112.65613004146428
3480,Jawa Timur,Kabupaten Gresik,Makam Maulana Malik Ibrahim,-7.15996027010285,112.65650089645334
3481,Jawa Timur,Kabupaten Gresik,MAKAM MAULANA MALIK IBRAHIM,-7.160101,112.656519
3482,Jawa Timur,Kabupaten Gresik,Makam Nyai Ageng Pinatih,-7.153519950473688,112.65809895432871
3483,Jawa Timur,Kabupaten Gresik,MAKAM NYAI AGENG PINATIH,-7.153763,112.658011
3484,Jawa Timur,Kabupaten Gresik,MAKAM NYAI DEWI SEKARDADU,-7.182672,112.636637
3485,Jawa Timur,Kabupaten Gresik,MAKAM PUSPONEGORO,-7.160244,112.65615
3486,Jawa Timur,Kabupaten Gresik,MAKAM PUTERI CEMPO,-7.175262,112.641164
3487,Jawa Timur,Kabupaten Gresik,Makam Siti Fatimah Binti Maimun,-7.119818939586292,112.59534297997463
3488,Jawa Timur,Kabupaten Gresik,Makam Sunan Giri,-7.168767022629422,112.63115897361308
3489,Jawa Timur,Kabupaten Gresik,MAKAM SUNAN PRAPEN,-7.16743,112.628595
3490,Jawa Timur,Kabupaten Gresik,Malindo,-6.965673798719632,112.42389865412291
3491,Jawa Timur,Kabupaten Gresik,Museum Sunan Giri ,-7.169907930636471,112.630645562475
3492,Jawa Timur,Kabupaten Gresik,MUSEUM SUNAN GIRI,-7.170161,112.630648
3493,Jawa Timur,Kabupaten Gresik,Pantai Tanjung Ghe'en,-5.84323118262298,112.57737832792955
3494,Jawa Timur,Kabupaten Gresik,Pulau Chena ,-5.749281941347884,112.61578069645509
3495,Jawa Timur,Kabupaten Gresik,Putra Kastoba,-5.771203716430307,112.6805548993098
3496,Jawa Timur,Kabupaten Gresik,Situs Giri Kedaton,-7.17252074087065,112.63269729426662
3497,Jawa Timur,Kabupaten Gresik,SITUS GIRI KEDATON,-7.172701,112.632815
3498,Jawa Timur,Kabupaten Gresik,SITUS MAKAM SUNAN GIRI,-7.168972,112.631186
3499,Jawa Timur,Kabupaten Gresik,TANJUNG GEEN / TANJUNG GAANG / BEACH PARK CENTRE,-5.844214,112.577425
3500,Jawa Timur,Kabupaten Gresik,Waterboom dan Pemancingan Sambipondok,-6.973303,112.525886
3501,Jawa Timur,Kabupaten Gresik,WISATA ALAM GOSARI,-6.935413,112.507216
3502,Jawa Timur,Kabupaten Gresik,WISATA ALAM GOSARI (WA'GOS),-6.934276184541967,112.50706963712777
3503,Jawa Timur,Kabupaten Gresik,WISATA BUKIT SUROWITI,-6.932072,112.452104
3504,Jawa Timur,Kabupaten Gresik,Wisata Heritage Kampoeng Kemasan ,-7.152959624502999,112.65596772556094
3505,Jawa Timur,Kabupaten Gresik,Wisata Pantai Pasir Putih Dalegan,-6.891964111298509,112.46742791221583
3506,Jawa Timur,Kabupaten Gresik,Wisata pasir Putih Dalegan,-6.891504,112.466259
3507,Jawa Timur,Kabupaten Gresik,Wisata Selo Tirto Giri (Setigi),-6.9494733249489045,112.50646208944622
3508,Jawa Timur,Kabupaten Gresik,WISATA SETIGI (SELO GIRI TIRTA),-6.949594,112.506497
3509,Jawa Timur,Kabupaten Gresik,WISATA TELAGA PELEMWATU,-7.264749966689018,112.58191808182983
3510,Jawa Timur,Kabupaten Jember,Agrorayap,-8.081066835653019,113.68719728153586
3511,Jawa Timur,Kabupaten Jember,Air Terjun Antrokan Manggisan,-8.134657878348452,113.48754822642842
3512,Jawa Timur,Kabupaten Jember,Air Terjun Tancak Panti,-8.064622246447074,113.6191863288978
3513,Jawa Timur,Kabupaten Jember,BIN Cigar,-8.194590481701526,113.64056769557779
3514,Jawa Timur,Kabupaten Jember,Candi Deres,-8.298882211436608,113.41921015773762
3515,Jawa Timur,Kabupaten Jember,Eduwisata Cocopark (CCSFP),-8.257439,113.61253
3516,Jawa Timur,Kabupaten Jember,Jember Mini Zoo,-8.190168,113.64843
3517,Jawa Timur,Kabupaten Jember,Museum Tembakau,-8.158869470410558,113.7151437804799
3518,Jawa Timur,Kabupaten Jember,Pantai Cemoro Sewu,-8.383445916732443,113.47392201691082
3519,Jawa Timur,Kabupaten Jember,Pantai Macema Mayangan,-8.388044631005345,113.40541384124974
3520,Jawa Timur,Kabupaten Jember,Pantai Paseban,-8.327761518558303,113.33713085868193
3521,Jawa Timur,Kabupaten Jember,Pantai Payangan,-8.436358857923288,113.58161827237541
3522,Jawa Timur,Kabupaten Jember,Pantai Rowo Cangak,-8.449933383055901,113.62930753029951
3523,Jawa Timur,Kabupaten Jember,PANTAI WATU ULO,-8.422952,113.562147
3524,Jawa Timur,Kabupaten Jember,Situs Calok,-8.096558051270677,113.73373167433996
3525,Jawa Timur,Kabupaten Jember,Situs Duplang ,-8.088679887265178,113.74141656410859
3526,Jawa Timur,Kabupaten Jember,Taman Nasional Meru Betiri,-8.193430428178077,113.72123815732374
3527,Jawa Timur,Kabupaten Jember,Tiara Jember Park Waterboom,-8.166044310693165,113.73125736513694
3528,Jawa Timur,Kabupaten Jember,Wanawisata SJ88,-8.0615727476413,113.73005359535689
3529,Jawa Timur,Kabupaten Jember,Wisata Citra Mandiri,-8.117660541365685,113.735102633864
3530,Jawa Timur,Kabupaten Jember,Wisata Kampung Durian,-8.112571,113.590802
3531,Jawa Timur,Kabupaten Jember,Wisata Pemandian Patemon ,-8.148424,113.461507
3532,Jawa Timur,Kabupaten Jombang,CANDI RIMBI,-6.2297465,106.829518
3533,Jawa Timur,Kabupaten Jombang,GOA MADE,-6.2297465,106.829518
3534,Jawa Timur,Kabupaten Jombang,Makam Gusdur,-7.6071,112.237472
3535,Jawa Timur,Kabupaten Jombang,Makam Mbah Sayid Sulaiman,-6.2297465,106.829518
3536,Jawa Timur,Kabupaten Jombang,PETILASAN DHAMARWULAN,-7.49514,112.189037
3537,Jawa Timur,Kabupaten Jombang,PRASASTI GURIT,-6.2297465,106.829518
3538,Jawa Timur,Kabupaten Jombang,RTH Alun - Alun Jombang,-7.5569228,112.2335583
3539,Jawa Timur,Kabupaten Jombang,RTH KebonRatu Jombang,-7.5371336,112.2622772
3540,Jawa Timur,Kabupaten Jombang,RTH Kebonrojo Jombang,-7.5538419,112.2348623
3541,Jawa Timur,Kabupaten Jombang,Taman Kehati,-7.6729834,112.3870572
3542,Jawa Timur,Kabupaten Jombang,TAMAN TIRTA WISATA,-6.2297465,106.829518
3543,Jawa Timur,Kabupaten Jombang,Tirta Wisata Peterongan,-7.5387918,112.2628542
3544,Jawa Timur,Kabupaten Jombang,WISATA BALE TANI,-6.2297465,106.829518
3545,Jawa Timur,Kabupaten Jombang,WISATA BATU PELANGI,-6.2297465,106.829518
3546,Jawa Timur,Kabupaten Jombang,WISATA DALEM SIMBAH,-6.2297465,106.829518
3547,Jawa Timur,Kabupaten Jombang,WISATA GUNUNG PUCANGAN,-6.2297465,106.829518
3548,Jawa Timur,Kabupaten Jombang,Wisata Kampoeng Djawi Wonosalam,-6.2297465,106.829518
3549,Jawa Timur,Kabupaten Jombang,WISATA KANSA,-6.2297465,106.829518
3550,Jawa Timur,Kabupaten Jombang,WISATA SENDANG MADE,-6.2297465,106.829518
3551,Jawa Timur,Kabupaten Jombang,`KELNTENG HONG SAN KIONG GUDO,-6.2297465,106.829518
3552,Jawa Timur,Kabupaten Kediri,Dadapan One Stop Holiday,-7.918586826762745,112.13060135241571
3553,Jawa Timur,Kabupaten Kediri,Gumul Paradise Island,-7.811564052926528,112.06121228564477
3554,Jawa Timur,Kabupaten Kediri,Gunung Kelud,-7.926511,112.235677
3555,Jawa Timur,Kabupaten Kediri,Kampoeng Angrek,-7.943031629456189,112.22329292358103
3556,Jawa Timur,Kabupaten Kediri,Kampung Indian,-7.946137733855686,112.21693306775778
3557,Jawa Timur,Kabupaten Kediri,Kawasan Wisata Besuki,-7.864547,111.857531
3558,Jawa Timur,Kabupaten Kediri,MARWAH TIRTA & RESTO 1,-7.718434,112.176248
3559,Jawa Timur,Kabupaten Kediri,MARWAH TIRTA & RESTO 2,-7.749246,112.17248
3560,Jawa Timur,Kabupaten Kediri,Melta Waterland,-7.968212113321908,112.07992542358126
3561,Jawa Timur,Kabupaten Kediri,Pagung Agrowisata Kediri (PARI),-7.83165823197667,111.93931562357916
3562,Jawa Timur,Kabupaten Kediri,Sempu Exotic Park,-7.960366410276132,112.21788859474579
3563,Jawa Timur,Kabupaten Kediri,TAMAN PETUALANG,-7.898234,112.107121
3564,Jawa Timur,Kabupaten Kediri,WISATA AIR  GRONJONG WARITI,-7.72705,112.141094
3565,Jawa Timur,Kabupaten Kediri,Wisata Bendungan Waru Turi,-7.764553974297562,112.02499664261441
3566,Jawa Timur,Kabupaten Kediri,Wisata Dunia Candy,-7.900360068081481,112.10859899474482
3567,Jawa Timur,Kabupaten Kediri,WIsata Goa Jegles,-7.787360653095218,112.25817783707225
3568,Jawa Timur,Kabupaten Kediri,Wisata Korea Fantasi,-7.963622838369912,112.18727319474581
3569,Jawa Timur,Kabupaten Kediri,Wisata Kota Mungil,-7.926162644363641,112.2157736370746
3570,Jawa Timur,Kabupaten Kediri,Wisata Sumber Jembangan,-7.906605047943493,112.15325505241559
3571,Jawa Timur,Kabupaten Lamongan,G-PARK,-6.2297465,106.829518
3572,Jawa Timur,Kabupaten Lamongan,Kendalifornia,-7.045044,112.216719
3573,Jawa Timur,Kabupaten Lamongan,KOLAM RENANG LAMONGAN SPORT CENTER (LSC),-7.115639,112.407524
3574,Jawa Timur,Kabupaten Lamongan,Kolam Renang LSC,-7.11613,112.406852
3575,Jawa Timur,Kabupaten Lamongan,Kolam Renang Sili,-7.127645,112.390882
3576,Jawa Timur,Kabupaten Lamongan,Maharani Zoo & Goa,-6.865803,112.357154
3577,Jawa Timur,Kabupaten Lamongan,Makam Sendang Dhuwur,-6.893626,112.34737
3578,Jawa Timur,Kabupaten Lamongan,Makam Syech Maulana Ishaq,-6.872061,112.402172
3579,Jawa Timur,Kabupaten Lamongan,MAKAM SYEH MAULANA ISHAK,-6.872374,112.403574
3580,Jawa Timur,Kabupaten Lamongan,MASJID NAMIRA,-7.152731,112.409256
3581,Jawa Timur,Kabupaten Lamongan,Masjid Namira,-7.153247,112.408876
3582,Jawa Timur,Kabupaten Lamongan,MAZOGO,-6.2297465,106.829518
3583,Jawa Timur,Kabupaten Lamongan,MUSEUM SUNAN DRAJAT,-6.884127,112.38948
3584,Jawa Timur,Kabupaten Lamongan,PANTAI KUTANG,-6.2297465,106.829518
3585,Jawa Timur,Kabupaten Lamongan,Pantai Kutang,-6.885942,112.196613
3586,Jawa Timur,Kabupaten Lamongan,PEMANDIAN AIR PANAS BRUMBUN,-6.903206,112.389252
3587,Jawa Timur,Kabupaten Lamongan,Sunan Drajat,-6.885834,112.391794
3588,Jawa Timur,Kabupaten Lamongan,Waduk Gondang,-7.20103,112.264665
3589,Jawa Timur,Kabupaten Lamongan,WEGO,-7.204607,112.280946
3590,Jawa Timur,Kabupaten Lamongan,Wisata Alam Waduk Gondang,-7.199956,112.262749
3591,Jawa Timur,Kabupaten Lamongan,Wisata Bahari Lamongan,-6.866928,112.360721
3592,Jawa Timur,Kabupaten Lamongan,WISATA BAHARI LAMONGAN (WBL),-6.865983,112.359629
3593,Jawa Timur,Kabupaten Lamongan,Wisata Bulaga,-7.130176,112.171311
3594,Jawa Timur,Kabupaten Lamongan,Wisata Bumi Ganjaran,-7.070611,112.32097
3595,Jawa Timur,Kabupaten Lamongan,WISATA RELIGI MAKAM SUNAN DRAJAT,-6.884559,112.389182
3596,Jawa Timur,Kabupaten Lamongan,WISATA WEGO,-6.2297465,106.829518
3597,Jawa Timur,Kabupaten Lumajang,Air Terjun Kabut Pelangi,-8.217974,112.939235
3598,Jawa Timur,Kabupaten Lumajang,Air Terjun Kapas Biru,-8.220293,112.940119
3599,Jawa Timur,Kabupaten Lumajang,Air terjun Kapas Biru,-8.219968,112.939984
3600,Jawa Timur,Kabupaten Lumajang,Air Terjun Trap Sewu,-8.09672,113.131436
3601,Jawa Timur,Kabupaten Lumajang,Air Terjun Watu Lapis,-6.2297465,106.829518
3602,Jawa Timur,Kabupaten Lumajang,B29 (Desa Wisata Argosari),-8.030373,113.027136
3603,Jawa Timur,Kabupaten Lumajang,Bumi Glagah Arum,-8.053234,113.062288
3604,Jawa Timur,Kabupaten Lumajang,Desa wisata Ranupane ,-8.010073,112.946411
3605,Jawa Timur,Kabupaten Lumajang,Desa wisata Ranupane ,-6.2297465,106.829518
3606,Jawa Timur,Kabupaten Lumajang,Dinas Pariwisata,-8.074646,113.236867
3607,Jawa Timur,Kabupaten Lumajang,Goa Tetes,-8.232881,112.918196
3608,Jawa Timur,Kabupaten Lumajang,Goatzilla farm,-8.070415323243724,113.07319443302255
3609,Jawa Timur,Kabupaten Lumajang,Goatzilla farm,-8.070415323243724,113.07319443302255
3610,Jawa Timur,Kabupaten Lumajang,Gunung Lemongan,-7.981824,113.340912
3611,Jawa Timur,Kabupaten Lumajang,Gunung Wayang,-8.163865,113.018603
3612,Jawa Timur,Kabupaten Lumajang,Gunung Wayang,-8.160668,113.02241
3613,Jawa Timur,Kabupaten Lumajang,Gunung Wayang,-6.2297465,106.829518
3614,Jawa Timur,Kabupaten Lumajang,Hutan Bambu,-8.137834,113.014797
3615,Jawa Timur,Kabupaten Lumajang,Kolam Renang Veteran,-8.118493,113.220327
3616,Jawa Timur,Kabupaten Lumajang,Musium Daerah Kabupaten Lumajang,-8.075304,113.236312
3617,Jawa Timur,Kabupaten Lumajang,Panorama Tumpak Sewu,-8.231615,112.917755
3618,Jawa Timur,Kabupaten Lumajang,Pemandian Alam Selokambang,-8.140982,113.173177
3619,Jawa Timur,Kabupaten Lumajang,Pemandian Alam Tirtosari View,-8.125684,113.032045
3620,Jawa Timur,Kabupaten Lumajang,Pemandian Kolam Selokambang,-8.1414505,113.1740553
3621,Jawa Timur,Kabupaten Lumajang,Perkebunan Teh Kertowono,-8.034212,113.155103
3622,Jawa Timur,Kabupaten Lumajang,Ranu Bedali,-7.951441,113.273278
3623,Jawa Timur,Kabupaten Lumajang,Ranu Klakah,-7.986249,113.268986
3624,Jawa Timur,Kabupaten Lumajang,Sumber Mrutu,-8.066377,113226212
3625,Jawa Timur,Kabupaten Lumajang,Sumber Telu,-8.217463,112.934762
3626,Jawa Timur,Kabupaten Lumajang,Taman Nasional Bromo Tengger Semeru,-8.0216037,112.9525939
3627,Jawa Timur,Kabupaten Lumajang,Taman Wisata TAmbuh Raya Idaman,-6.2297465,106.829518
3628,Jawa Timur,Kabupaten Lumajang,Tirtosari New,-8.128403,113.039003
3629,Jawa Timur,Kabupaten Lumajang,WaterPark,-8.075148,113.235081
3630,Jawa Timur,Kabupaten Lumajang,Wisata Alam Siti Sundari,-8.066157,113.053677
3631,Jawa Timur,Kabupaten Lumajang,Wisata B29,-7.989662,113.020745
3632,Jawa Timur,Kabupaten Lumajang,Wisata Ranu Klakah,-7.984886,113.271176
3633,Jawa Timur,Kabupaten Lumajang,You And I garden,-8.1388953,113.0116904
3634,Jawa Timur,Kabupaten Madiun,Basecamp Pendakian Wilis,-7.7483911,111.6976879
3635,Jawa Timur,Kabupaten Madiun,Cokelat Wisata Kuliner dan Edukasi,-7.7272378,111.6482576
3636,Jawa Timur,Kabupaten Madiun,Hutan Pinus,-7735,111.68444
3637,Jawa Timur,Kabupaten Madiun,Monumen Kresek,-7.705072,111.6284085
3638,Jawa Timur,Kabupaten Madiun,Nusantara Edupark,-7.6588851,111.5581497
3639,Jawa Timur,Kabupaten Madiun,Obyek Wisata Umbul Square,-7.785222,111.52344
3640,Jawa Timur,Kabupaten Madiun,Pariwisata Bendungan Bening (Waduk Bening),-7.5444622,111.7974721
3641,Jawa Timur,Kabupaten Madiun,Pasar Punden Sari,-7.576988,111.5392314
3642,Jawa Timur,Kabupaten Madiun,Taman Ceria Pule,-7.5443455,111.5090693
3643,Jawa Timur,Kabupaten Madiun,Taman Gligi,-7.7419628,111.6738926
3644,Jawa Timur,Kabupaten Madiun,Tempat Wisata Raden Sekar Park,-7.79722,111.55433
3645,Jawa Timur,Kabupaten Madiun,Tempat Wisata Watu Rumpuk,-7.77066,111.64344
3646,Jawa Timur,Kabupaten Madiun,Wana Wisata Grape ,-7.6997204,111.639137
3647,Jawa Timur,Kabupaten Madiun,Wisata Alam Pancur 7,-7.4776524,111.756061
3648,Jawa Timur,Kabupaten Madiun,Wisata Hutan Pinus Nongko Ijo,-7.7351317,111.6822011
3649,Jawa Timur,Kabupaten Madiun,Wisata Tambak Lare,-7.7457493,111.6950909
3650,Jawa Timur,Kabupaten Magetan,Air Terjun Tirtosari,-7.676705,111.215045
3651,Jawa Timur,Kabupaten Magetan,Banyu biru,-7.6177,111.388628
3652,Jawa Timur,Kabupaten Magetan,Kampung Susu Singolangu,-7.664172421712166,111.22731564124348
3653,Jawa Timur,Kabupaten Magetan,Kebun refugia,-7.681312,111.253502
3654,Jawa Timur,Kabupaten Magetan,Kolam Renang Banyu Biru,-7.617634,111.385136
3655,Jawa Timur,Kabupaten Magetan,Kolam Renang Sendang Bening,-7.6937836,111.418582
3656,Jawa Timur,Kabupaten Magetan,Lawu Green Forest,-7.663908,111.2180817
3657,Jawa Timur,Kabupaten Magetan,Lawu green forest,-7.663882,111.218209
3658,Jawa Timur,Kabupaten Magetan,Magetan Green Garden,-7604,111.3512
3659,Jawa Timur,Kabupaten Magetan,Magetan green garden,-7.60384,111.35118
3660,Jawa Timur,Kabupaten Magetan,Magetan Park,-7.6517,111.337398
3661,Jawa Timur,Kabupaten Magetan,Magetan park,-7.651639,111.337623
3662,Jawa Timur,Kabupaten Magetan,Mbah Djoe Resort,-7.670197930235589,111.21300775577757
3663,Jawa Timur,Kabupaten Magetan,Mojosemi Forest Park,-7.664924,111.217253
3664,Jawa Timur,Kabupaten Magetan,Mojosemi forest park,-7.664725,111.217044
3665,Jawa Timur,Kabupaten Magetan,Parang Hill,-7.7709489,111.3362043
3666,Jawa Timur,Kabupaten Magetan,Paranghill,-7.770907,111.338759
3667,Jawa Timur,Kabupaten Magetan,Prasasti Sendang Kamal,-7.5964646,111.4525511
3668,Jawa Timur,Kabupaten Magetan,Puncak lawu jalur cemorosewu,-7.664214,111.191556
3669,Jawa Timur,Kabupaten Magetan,Randu gede hidden paradise,-7.689683,111.290179
3670,Jawa Timur,Kabupaten Magetan,Sendang bening,-7.693852,111.41991
3671,Jawa Timur,Kabupaten Magetan,Taman Bunga Refugia,-7.681851,111.253088
3672,Jawa Timur,Kabupaten Magetan,Taman Tirto Gumarang,-7.6658095,111.1880923
3673,Jawa Timur,Kabupaten Magetan,Taman Wisata Desa Jabung,-7.606899,111.274197
3674,Jawa Timur,Kabupaten Magetan,Taman wisata desa jabung,-7.609017,111.275076
3675,Jawa Timur,Kabupaten Magetan,Taman Wisata Geni Langit,-7.706979,111.207183
3676,Jawa Timur,Kabupaten Magetan,Telaga Sarangan,-7.677642,111.217972
3677,Jawa Timur,Kabupaten Magetan,Telaga sarangan,-7677317,111.218325
3678,Jawa Timur,Kabupaten Magetan,Telaga Wahyu,-7.6755533,111.235529
3679,Jawa Timur,Kabupaten Magetan,Wana Wisata Alastuwo,-7.70938,111.2482368
3680,Jawa Timur,Kabupaten Magetan,Wanawisata alas tuwo,-7.710305,111.248572
3681,Jawa Timur,Kabupaten Magetan,Wanawisata genilangit,-7.709727,111.217186
3682,Jawa Timur,Kabupaten Magetan,Wisata Bumi Langit Desa Petungrejo,-7.7093441,111.4505646
3683,Jawa Timur,Kabupaten Magetan,Wisata Pendakian Gunung Lawu Jalur Cemoro Sewu,-7.6643889,111.1915415
3684,Jawa Timur,Kabupaten Malang,BALEKAMBANG,-8.4019439,112.5366259
3685,Jawa Timur,Kabupaten Malang,cafe,-6.2297465,106.829518
3686,Jawa Timur,Kabupaten Malang,CAFE SAWAH,-7.8545719,112.4516452
3687,Jawa Timur,Kabupaten Malang,Candi Singosari,-6.2297465,106.829518
3688,Jawa Timur,Kabupaten Malang,Candi Sumberawan,-6.2297465,106.829518
3689,Jawa Timur,Kabupaten Malang,COBAN RONDO,-7.884994,112.4751303
3690,Jawa Timur,Kabupaten Malang,Coban Talun econique ,-6.2297465,106.829518
3691,Jawa Timur,Kabupaten Malang,Ekowisata Boonpring,-8.155765,112.761958
3692,Jawa Timur,Kabupaten Malang,Florawisata Santera De Lafonte ,-7.854394,112.485493
3693,Jawa Timur,Kabupaten Malang,Kampung Warna-Warni,-7.982844,112.637187
3694,Jawa Timur,Kabupaten Malang,Kebon Winih Randuagung,-7.862925,112.677297
3695,Jawa Timur,Kabupaten Malang,LEMBAH INDAH MALANG,-8.0010748,112.4913569
3696,Jawa Timur,Kabupaten Malang,Lembah Tumpang,-7.978743,112.748358
3697,Jawa Timur,Kabupaten Malang,Milkindo,-8.167773,112.57139
3698,Jawa Timur,Kabupaten Malang,Museum Singosari,-7.881296,112.641529
3699,Jawa Timur,Kabupaten Malang,NGLIYEP,-8.3835873,112.4220167
3700,Jawa Timur,Kabupaten Malang,Pari Bendo Lawang,-7.821302,112.681668
3701,Jawa Timur,Kabupaten Malang,Pemandian Kalireco,-7.841941,112.702471
3702,Jawa Timur,Kabupaten Malang,Polamanku,-6.2297465,106.829518
3703,Jawa Timur,Kabupaten Malang,SUMBER MARON,-8.1656096,112.5898446
3704,Jawa Timur,Kabupaten Malang,Taman Kemesraan,-7.842721,112.469533
3705,Jawa Timur,Kabupaten Malang,Taman Rekreasi Sengkaling UMM,-7.915376,112.58891
3706,Jawa Timur,Kabupaten Malang,Taman Wisata Air Wendit,-7.952719,112.673965
3707,Jawa Timur,Kabupaten Malang,WISATA AGRO WONOSARI KEBUN TEH,-7.8204341,112.6400898
3708,Jawa Timur,Kabupaten Malang,Wisata Alam Pentungsari,-7.851889,112.658246
3709,Jawa Timur,Kabupaten Malang,Wisata Kebun Opa Karangkunci,-6.2297465,106.829518
3710,Jawa Timur,Kabupaten Malang,Wisata Petik Madu,-7.848797,112.695271
3711,Jawa Timur,Kabupaten Malang,Wisata Teluk Asmara,-8.442788,112.665503
3712,Jawa Timur,Kabupaten Malang,Wisata Tlogo Land,-6.2297465,106.829518
3713,Jawa Timur,Kabupaten Mojokerto,AIR PANAS PADUSAN PACET,-7.685515,112.549093
3714,Jawa Timur,Kabupaten Mojokerto,AIR TERJUN COBAN CANGGU,-7.682015,112.546045
3715,Jawa Timur,Kabupaten Mojokerto,AIR TERJUN DLUNDUNG,-7.68148,112.594444
3716,Jawa Timur,Kabupaten Mojokerto,Air Terjun Dlundung,-7.681831,112.593794
3717,Jawa Timur,Kabupaten Mojokerto,BUKIT KAYOE PUTIH,-7.395038,112.43032
3718,Jawa Timur,Kabupaten Mojokerto,CANDI BAJANG RATU,-7.567824,112.398729
3719,Jawa Timur,Kabupaten Mojokerto,Candi Bajang Ratu,-7.567715,112.398756
3720,Jawa Timur,Kabupaten Mojokerto,CANDI BRAHU,-7.542982,112.374415
3721,Jawa Timur,Kabupaten Mojokerto,Candi Brahu,-7.542899,112.37451
3722,Jawa Timur,Kabupaten Mojokerto,CANDI TIKUS,-7.571727,112.403524
3723,Jawa Timur,Kabupaten Mojokerto,Candi Tikus,-7.571716,112.403529
3724,Jawa Timur,Kabupaten Mojokerto,Candi Wringinlawang,-7.541724,112.391098
3725,Jawa Timur,Kabupaten Mojokerto,Coban Canggu,-7.681724,112.546649
3726,Jawa Timur,Kabupaten Mojokerto,INTAN ABATANI,-7.329548,112.424955
3727,Jawa Timur,Kabupaten Mojokerto,Kolam Air Panas Padusan,-7.685417,112.548207
3728,Jawa Timur,Kabupaten Mojokerto,LOBSTERSIANA DLUNDUNG CAFE & EATENY,-7.680114,112.595302
3729,Jawa Timur,Kabupaten Mojokerto,MAKAM RELIGIUS TROLOYO,-7.5763,112.380453
3730,Jawa Timur,Kabupaten Mojokerto,Makam Troloyo,-7.576101,112.380536
3731,Jawa Timur,Kabupaten Mojokerto,Museum Trowulan,-7.559827,112.380726
3732,Jawa Timur,Kabupaten Mojokerto,PARIMAS WATERPARK,-7.614032,112.532791
3733,Jawa Timur,Kabupaten Mojokerto,PENGELOLAAN INFORMASI MAJAPAHIT (PIM) MUSIUM TROWULAN,-7.560049,112.380533
3734,Jawa Timur,Kabupaten Mojokerto,PETIRTAAN JOLOTUNDO,-7.609856,112.595709
3735,Jawa Timur,Kabupaten Mojokerto,Petirtaan Jolotundo,-7.609305,112.595335
3736,Jawa Timur,Kabupaten Mojokerto,TAMAN GHANJARAN,-7.666163,112.604325
3737,Jawa Timur,Kabupaten Mojokerto,TAMAN KELINCI & EDUKASI,-7.681249,112.594517
3738,Jawa Timur,Kabupaten Mojokerto,UBALAN WATER PARK,-7.672118,112.540049
3739,Jawa Timur,Kabupaten Mojokerto,Ubalan Waterpark,-7.671726,112.53955
3740,Jawa Timur,Kabupaten Mojokerto,WADUK TANJUNGAN,-7.384283,112.400461
3741,Jawa Timur,Kabupaten Mojokerto,Wana Wisata Padusan,-7.683628,112.549395
3742,Jawa Timur,Kabupaten Mojokerto,WANA WISATA PADUSAN PACET,-7.684223,112.546277
3743,Jawa Timur,Kabupaten Mojokerto,WATERLAND,-7.515511,112.423179
3744,Jawa Timur,Kabupaten Mojokerto,WISATA ALAM DAM LONDO,-7.61418,112.58314
3745,Jawa Timur,Kabupaten Mojokerto,WISATA DESA BUMI MULYO JATI MAJAPAHIT,-7.556593,112.461342
3746,Jawa Timur,Kabupaten Mojokerto,WISATA KOLAM RENANG TARUNA BAHARI,-7.543766,112.462764
3747,Jawa Timur,Kabupaten Mojokerto,WISATA SAWAH SUMBER GEMPONG,-7.666233,112.609304
3748,Jawa Timur,Kabupaten Nganjuk,Air Merambat Roro Kuning,-7.753483,111.868217
3749,Jawa Timur,Kabupaten Nganjuk,AIR PANAS BANYU BIRU,-7.51281166,112.11818
3750,Jawa Timur,Kabupaten Nganjuk,Air Terjun Sedudo,-7.780782,111.767469
3751,Jawa Timur,Kabupaten Nganjuk,AIR TERJUN SEDUDO,-7.7739016,111.762509
3752,Jawa Timur,Kabupaten Nganjuk,CANDI LOR,-7.6377633,111.8920816
3753,Jawa Timur,Kabupaten Nganjuk,CANDI NGETOS,-7.6936616,111.84239
3754,Jawa Timur,Kabupaten Nganjuk,Goa Margo Tresno,-7.453167,111.951766
3755,Jawa Timur,Kabupaten Nganjuk,KOLAM RENANG SRI TANJUNG,-7.61844,111.907432
3756,Jawa Timur,Kabupaten Nganjuk,MUSEUM ANJUK LADANG,-7.59331,111.8938499
3757,Jawa Timur,Kabupaten Nganjuk,Plaza Bukit Surga,-7.745556,111.785494
3758,Jawa Timur,Kabupaten Nganjuk,Sri Tanjung Wisata Tirta,-7.618488,111.907732
3759,Jawa Timur,Kabupaten Nganjuk,TAMAN LEMBAH DJATI,-7.684165,111.882695
3760,Jawa Timur,Kabupaten Nganjuk,Taman Rekreasi Anjuk Ladang,-7.622549,111.896468
3761,Jawa Timur,Kabupaten Nganjuk,TAMAN REKREASI ANJUK LADANG,-7.6225583,111.897133
3762,Jawa Timur,Kabupaten Nganjuk,WISATA GOA MARGOTRESNO,-7.44587165,111.934933
3763,Jawa Timur,Kabupaten Nganjuk,Wisata Jayeng Tirta,-7.6378,112.011259
3764,Jawa Timur,Kabupaten Nganjuk,Wisata Tani Betet,-7.651502,112.039501
3765,Jawa Timur,Kabupaten Nganjuk,WM MINI WATERPARK,-7.726346,111.7723766
3766,Jawa Timur,Kabupaten Ngawi,Agrowisata Jamus,-7.56172,111.18406
3767,Jawa Timur,Kabupaten Ngawi,Air Terjun Pengantin,-7.54583,111.20943
3768,Jawa Timur,Kabupaten Ngawi,Banyu Redjo,-7.412555,111.318617
3769,Jawa Timur,Kabupaten Ngawi,Gayam Park,-7.55464,111.272694
3770,Jawa Timur,Kabupaten Ngawi,Industri Kerajinan Bonggol Jati,-7.399023,111.303347
3771,Jawa Timur,Kabupaten Ngawi,Kebun Inspirasi,-7.574755,111.226842
3772,Jawa Timur,Kabupaten Ngawi,Kolam Renang & Rumah Makan Hargodumilah,-7522,111.235939
3773,Jawa Timur,Kabupaten Ngawi,Kolam Renang Anugrah,-6.2297465,106.829518
3774,Jawa Timur,Kabupaten Ngawi,Monumen Soerjo,-7.378844,111.283562
3775,Jawa Timur,Kabupaten Ngawi,Museum Kampoeng Cak Soen,-7.460563,111.418207
3776,Jawa Timur,Kabupaten Ngawi,Museum Trinil,-7.374384,111.357602
3777,Jawa Timur,Kabupaten Ngawi,Sengon Hill,-7.570256,111.226755
3778,Jawa Timur,Kabupaten Ngawi,Srambang Park,-7.56694,111.231623
3779,Jawa Timur,Kabupaten Ngawi,Sumber Nogo,-7.555792,111.259975
3780,Jawa Timur,Kabupaten Ngawi,Suwono Park,-7.552618,111.182165
3781,Jawa Timur,Kabupaten Ngawi,Taman Olba,-7.517053,111.411351
3782,Jawa Timur,Kabupaten Ngawi,Taman Wisata Tawun,-7.397393,111.491326
3783,Jawa Timur,Kabupaten Ngawi,Waterboom Tirto Nirmolo Ngawi,-7.467041,111.429281
3784,Jawa Timur,Kabupaten Ngawi,Wisata & Bumi Perkemahan Sumber Koso,-7.552597,111.182162
3785,Jawa Timur,Kabupaten Ngawi,Wisata Alam Seloondo,-7.561663,111.251485
3786,Jawa Timur,Kabupaten Ngawi,Wisata Kayangan,-7.539669,111.253758
3787,Jawa Timur,Kabupaten Ngawi,Wisata Tirta dan Kuliner Jahe Klenting,-7.398044,111.337414
3788,Jawa Timur,Kabupaten Pacitan,Banyu Anget,-8.091031531966369,111.13057075733312
3789,Jawa Timur,Kabupaten Pacitan,Banyu Anget Tirto Husodo,-8.091143,111.130582
3790,Jawa Timur,Kabupaten Pacitan,Etalase Geopark Gunung Sewu Unesco Global Geopark,-8.22150327875825,111.09734623026424
3791,Jawa Timur,Kabupaten Pacitan,Goa Gong,-8.164105797004204,110.98000751803187
3792,Jawa Timur,Kabupaten Pacitan,Goa Gong,-8.165064,110.980105
3793,Jawa Timur,Kabupaten Pacitan,Goa Selo Arum,-8.2024102,111.058098
3794,Jawa Timur,Kabupaten Pacitan,Goa Tabuhan,-8.125321180041915,110.98327645637215
3795,Jawa Timur,Kabupaten Pacitan,Goa Tabuhan,-8.125634,110.983349
3796,Jawa Timur,Kabupaten Pacitan,Monumen Panglima Besar Jendral Sudirman,-7.9389856972016535,111.18149814263329
3797,Jawa Timur,Kabupaten Pacitan,Museum dan Galeri SBY ANI,-8.209353198734465,111.0933055708805
3798,Jawa Timur,Kabupaten Pacitan,Museum Song Terus,-8.127206315265319,110.9830120503128
3799,Jawa Timur,Kabupaten Pacitan,Obyek Wisata Pesona Ngiroboyo,-8.229398183227286,110.96027274570731
3800,Jawa Timur,Kabupaten Pacitan,Obyek Wisata Pesona Ngiroboyo,-8.229615,110960750.960873
3801,Jawa Timur,Kabupaten Pacitan,Osanna Beach,-8.209197228617741,110.90497941499738
3802,Jawa Timur,Kabupaten Pacitan,Pantai Buyutan,-8.218183881833939,110.92001000331591
3803,Jawa Timur,Kabupaten Pacitan,Pantai Buyutan,-8.218592,110.919844
3804,Jawa Timur,Kabupaten Pacitan,Pantai Klayar,-8.223483823443486,110.94745912308859
3805,Jawa Timur,Kabupaten Pacitan,Pantai Klayar,-8.223602,110.946238
3806,Jawa Timur,Kabupaten Pacitan,Pantai Pancer Door,-8.223602406863494,111.09809983240476
3807,Jawa Timur,Kabupaten Pacitan,Pantai Pancer Door,-8.224379,111.098417
3808,Jawa Timur,Kabupaten Pacitan,Pantai Srau,-8.250069658471318,110.9948615360663
3809,Jawa Timur,Kabupaten Pacitan,Pantai Srau,-8.252238,110.999952
3810,Jawa Timur,Kabupaten Pacitan,Pantai Taman,-8.257003083403765,111.30418939594323
3811,Jawa Timur,Kabupaten Pacitan,Pantai Taman,-8.257267,111.304432
3812,Jawa Timur,Kabupaten Pacitan,Pantai Teleng Ria,-8.220092,111.079574
3813,Jawa Timur,Kabupaten Pacitan,Pantai Watu Karung,-8.236959,110.972915
3814,Jawa Timur,Kabupaten Pacitan,Pantai Watukarung,-8.236638115730841,110.97317343012573
3815,Jawa Timur,Kabupaten Pacitan,Parai Beach Resort Teleng Ria,-8.21965193020663,111.07964978156336
3816,Jawa Timur,Kabupaten Pacitan,Tasya Eco Water Park,-8.219576,111.07857
3817,Jawa Timur,Kabupaten Pacitan,Wisata Alam Beiji Park,-8.205764,111.06158
3818,Jawa Timur,Kabupaten Pacitan,Wisata Bukit Sentono Gentong,-8.218747,111.066971
3819,Jawa Timur,Kabupaten Pamekasan,Api Tak Kunjung Padam,-7.204579,113.460775
3820,Jawa Timur,Kabupaten Pamekasan,Bukit Kehi,-7.070308,113.606756
3821,Jawa Timur,Kabupaten Pamekasan,Eduwisata Garam,-7.172074,113.535863
3822,Jawa Timur,Kabupaten Pamekasan,Ekowisata 1000 Mangrove Lembung,-7.1650715,113.5737577
3823,Jawa Timur,Kabupaten Pamekasan,Ekowisata Mangrove Lembung,-7.164393,113.574208
3824,Jawa Timur,Kabupaten Pamekasan,Kampoeng Wisata Toron Samalem,-7.11112,113.503224
3825,Jawa Timur,Kabupaten Pamekasan,Kampung Durian,-7.027064,113.510605
3826,Jawa Timur,Kabupaten Pamekasan,Monumen Arek Lancor,-7.160586,113.482682
3827,Jawa Timur,Kabupaten Pamekasan,Museum Mandhilaras,-7.160204,113.482651
3828,Jawa Timur,Kabupaten Pamekasan,Musium Umum Daerah Mandhi laras,-7.1601725,113.4825703
3829,Jawa Timur,Kabupaten Pamekasan,Pantai Jumiang,-7.232385,113.549733
3830,Jawa Timur,Kabupaten Pamekasan,Pantai Talang Siring,-7.135055,113.594111
3831,Jawa Timur,Kabupaten Pamekasan,Pantai The Legend,-7.246889,113.50676
3832,Jawa Timur,Kabupaten Pamekasan,Pantai The Legend ,-7.2388986,113.5328265
3833,Jawa Timur,Kabupaten Pamekasan,Pasarean Batu Ampar,-7.113123,113.379542
3834,Jawa Timur,Kabupaten Pamekasan,Pasarean Joko Tarub,-7.140062,113.58317
3835,Jawa Timur,Kabupaten Pamekasan,Puncak Ratu,-7.031814,113.492001
3836,Jawa Timur,Kabupaten Pamekasan,Situs Pangeran Ronggosukowati,-7.152921,113.484432
3837,Jawa Timur,Kabupaten Pamekasan,Taman Edukasi Titik Sejuta Warna,-7.203872,113.519366
3838,Jawa Timur,Kabupaten Pamekasan,Taneyan Lanjhang,-7.113294,113.553816
3839,Jawa Timur,Kabupaten Pamekasan,Vihara Avalokitesvara,-7.148589,113.57927
3840,Jawa Timur,Kabupaten Pamekasan,Wana Wisata Kampoeng Durian,-7.0227437,113.5051712
3841,Jawa Timur,Kabupaten Pamekasan,Wana Wisata Kampoeng Durian,-7.0227437,113.5051712
3842,Jawa Timur,Kabupaten Pamekasan,Wisata Bukit Kehi,-7.0769157,113.6079112
3843,Jawa Timur,Kabupaten Pamekasan,Wisata Kampoeng Toron Samalem ,-7.111442,113.5028763
3844,Jawa Timur,Kabupaten Pamekasan,Wisata Kampoeng Toron Samalem ,-7.111442,113.5028763
3845,Jawa Timur,Kabupaten Pamekasan,Wisata Pantai Jumiang,-7.23336701,113.5514528
3846,Jawa Timur,Kabupaten Pamekasan,Wisata Pantai Talang Siring ,-7.1384578,113.589584
3847,Jawa Timur,Kabupaten Pamekasan,Wisata Puncak Ratu ,-7.0270709,113.4902447
3848,Jawa Timur,Kabupaten Pamekasan,Wisata Puncak Ratu ,-7.0270709,113.4902447
3849,Jawa Timur,Kabupaten Pamekasan,Wisata Sawah,-7.049301,113.579468
3850,Jawa Timur,Kabupaten Pamekasan,Wisata Terpadu Bhurunan Murtajih,-7.165049,113.506124
3851,Jawa Timur,Kabupaten Pamekasan,Wisata Terpadu Bhurunan Murtajih,-7.167525,113.505614
3852,Jawa Timur,Kabupaten Pasuruan,Air Terjun Warna Wisata Kake Bodo,-7.700544,112.623803
3853,Jawa Timur,Kabupaten Pasuruan,Candi Gunung Gangsir,-7.586977,112.733305
3854,Jawa Timur,Kabupaten Pasuruan,Candi Jawi,-7.662477,112.669912
3855,Jawa Timur,Kabupaten Pasuruan,Cimory Dairyland,-7.680027,112.640421
3856,Jawa Timur,Kabupaten Pasuruan,DAIRYLAND FARM THEME PARK,-7.679984105612117,112.64035827939976
3857,Jawa Timur,Kabupaten Pasuruan,FINNA GOLF,-6.2297465,106.829518
3858,Jawa Timur,Kabupaten Pasuruan,Finna Golf & Country Club,-7.675678,112.668622
3859,Jawa Timur,Kabupaten Pasuruan,KAKEK BODO,-6.2297465,106.829518
3860,Jawa Timur,Kabupaten Pasuruan,KURMA PARK,-6.2297465,106.829518
3861,Jawa Timur,Kabupaten Pasuruan,Museum Kabupaten Pasuruan,-7.652523,112.686757
3862,Jawa Timur,Kabupaten Pasuruan,NGOPI BARENG PINTU LANGIT,-6.2297465,106.829518
3863,Jawa Timur,Kabupaten Pasuruan,PEMANDIAN TELOGO SEWU,-6.2297465,106.829518
3864,Jawa Timur,Kabupaten Pasuruan,Prasasti Cunggrang,-7.579749,112.684943
3865,Jawa Timur,Kabupaten Pasuruan,PT. Telogosewu Sejahterah,-7.673771,112.683914
3866,Jawa Timur,Kabupaten Pasuruan,PUTUK TRUNO,-6.2297465,106.829518
3867,Jawa Timur,Kabupaten Pasuruan,SAIGON PARK,-7.747055238868064,112.73875648313812
3868,Jawa Timur,Kabupaten Pasuruan,Taman Datu Golf Resort,-7.703234,112.67465
3869,Jawa Timur,Kabupaten Pasuruan,TAMAN DAYU GOLF CLUB & RESORT,-6.2297465,106.829518
3870,Jawa Timur,Kabupaten Pasuruan,Tas Rajut Kaboki,-7.709836834988952,112.72595313527499
3871,Jawa Timur,Kabupaten Pasuruan,THE TAMAN DAYU WATERPARK,-6.2297465,106.829518
3872,Jawa Timur,Kabupaten Pasuruan,Wisata Putuk Truno,-7.640561,112.90698
3873,Jawa Timur,Kabupaten Ponorogo, Telaga Ngebel,-7795378,111.632143
3874,Jawa Timur,Kabupaten Ponorogo,BRILLIANT WATER PARK,-7.848441,111.608947
3875,Jawa Timur,Kabupaten Ponorogo,Brilliant Water Park,-7.8483403,111.6092186
3876,Jawa Timur,Kabupaten Ponorogo,BUKIT SOEHARTO,-7.87026,111.312069
3877,Jawa Timur,Kabupaten Ponorogo,KOLAM RENANG TIRTO MENGGOLO,-7.864439,111.480566
3878,Jawa Timur,Kabupaten Ponorogo,Kolam Renang Tirto Menggolo,-7.863611,111.480463
3879,Jawa Timur,Kabupaten Ponorogo,MLOKO SEWU,-7.792589,111.646401
3880,Jawa Timur,Kabupaten Ponorogo,Mlokosewu,-7791445,111646357
3881,Jawa Timur,Kabupaten Ponorogo,NGAMBANG TIRTO KENCONO,-7.801765,111.638779
3882,Jawa Timur,Kabupaten Ponorogo,Ngambang Tirto Kencono,-7799576,111637708
3883,Jawa Timur,Kabupaten Ponorogo,NGEBEL ADVENTURE PARK,-7.789838,111.642466
3884,Jawa Timur,Kabupaten Ponorogo,Ngebel Adventure Park,-7.787945,111.639557
3885,Jawa Timur,Kabupaten Ponorogo,SUMORO BANGUN FLOWER,-7.868772,111.305383
3886,Jawa Timur,Kabupaten Ponorogo,TAMAN WISATA NGEMBAG,-7.868853,111.497755
3887,Jawa Timur,Kabupaten Ponorogo,Taman Wisata Ngembag,-7.86956,111.4987942688
3888,Jawa Timur,Kabupaten Ponorogo,TELAGA NGEBEL,-7.796072,111.632132
3889,Jawa Timur,Kabupaten Ponorogo,TIRTA HUSADA,-7.816601,111.636084
3890,Jawa Timur,Kabupaten Ponorogo,Tirta Husada,-7.798576,111.637708
3891,Jawa Timur,Kabupaten Ponorogo,Tubing Mendak Lereng Wilis,-787504,111655987
3892,Jawa Timur,Kabupaten Ponorogo,Wisata Alam Banaran Exotic,-7848093,111.6885
3893,Jawa Timur,Kabupaten Probolinggo,Air Terjun Guyangan,-7.930087,113.469921
3894,Jawa Timur,Kabupaten Probolinggo,Air Terjun Kalipedati,-7.94264,113.456848
3895,Jawa Timur,Kabupaten Probolinggo,Air Terjun Madakaripura,-7.854052,113.0081432
3896,Jawa Timur,Kabupaten Probolinggo,Airlangga Adventure,-8.004771,113.452736
3897,Jawa Timur,Kabupaten Probolinggo,Ayu Rezeki Park ,-7.832002,113.224932
3898,Jawa Timur,Kabupaten Probolinggo,BEE JAY BAKAU RESORT,-7.734567,113.222595
3899,Jawa Timur,Kabupaten Probolinggo,Bermi Ecopark,-7.953693,113.475012
3900,Jawa Timur,Kabupaten Probolinggo,Bukit Dami,-7.900158,113.241821
3901,Jawa Timur,Kabupaten Probolinggo,Bukit Kembang Puncak Sari,-7.89024,113.010882
3902,Jawa Timur,Kabupaten Probolinggo,Candi Jabung,-7.741252,113.466273
3903,Jawa Timur,Kabupaten Probolinggo,Candi Kedaton,-8.004706,113.447699
3904,Jawa Timur,Kabupaten Probolinggo,Diskopar Kabupaten Probolinggo,-7.885334,113.049974
3905,Jawa Timur,Kabupaten Probolinggo,GEREJA MERAH,-7.748693,113.214998
3906,Jawa Timur,Kabupaten Probolinggo,GEREJA MERAH,-6.2297465,106.829518
3907,Jawa Timur,Kabupaten Probolinggo,Gunung Bromo,-6.2297465,106.829518
3908,Jawa Timur,Kabupaten Probolinggo,Lava Hill,-7.898352,113.045028
3909,Jawa Timur,Kabupaten Probolinggo,Miniatur Ka'bah,-7.787576,113.277866
3910,Jawa Timur,Kabupaten Probolinggo,Modern Waterpark ,-7.795322,113.286725
3911,Jawa Timur,Kabupaten Probolinggo,MUSEUM DOKTER SHOLEH,-7.752321,113.213673
3912,Jawa Timur,Kabupaten Probolinggo,MUSEUM PROBOLINGGO,-7.75077,113.215837
3913,Jawa Timur,Kabupaten Probolinggo,Pantai Bentar,-7.78264,113.278701
3914,Jawa Timur,Kabupaten Probolinggo,Pantai Duta,-7.716937,113.467044
3915,Jawa Timur,Kabupaten Probolinggo,PAPUA WATER PARK,-7.805319,113.216918
3916,Jawa Timur,Kabupaten Probolinggo,Pemandian Jabung  Tirta,-7.735766,113.461994
3917,Jawa Timur,Kabupaten Probolinggo,Ronggojalu,-7.861592,113.247168
3918,Jawa Timur,Kabupaten Probolinggo,Snorkling Pulau Gili ,-7.680109,113.248332
3919,Jawa Timur,Kabupaten Probolinggo,Songa Adventure,-7.873227,113.376784
3920,Jawa Timur,Kabupaten Probolinggo,TRA BAYUANGGA,-7.756181,113.217671
3921,Jawa Timur,Kabupaten Probolinggo,Waterpark Marbagong,-7.800457,113.305668
3922,Jawa Timur,Kabupaten Probolinggo,WISATA ALAM PANTAI PERMATA,-7.744255,113.191156
3923,Jawa Timur,Kabupaten Probolinggo,Wisata Pantai Bahak,-7.7259597,113.1187622
3924,Jawa Timur,Kabupaten Probolinggo,Wisata Pantai Bentar,-7.7795882,113.2766873
3925,Jawa Timur,Kabupaten Probolinggo,Wisata Ronggojalu,-7.849419,113.244136
3926,Jawa Timur,Kabupaten Sampang,Desa wisata adat budaya Napo,-7.135623,113.299458
3927,Jawa Timur,Kabupaten Sampang,Desa wisata adat napo laok,-7.135538,113.298847
3928,Jawa Timur,Kabupaten Sampang,Desa Wisata Panjat Tebing Murgua,-6.912698,113.217587
3929,Jawa Timur,Kabupaten Sampang,Kampoeng heritage belanda,-7.163339,113.182125
3930,Jawa Timur,Kabupaten Sampang,Kampoeng Jamur,-7.122306,113.329994
3931,Jawa Timur,Kabupaten Sampang,Kampoeng Jamur,-7.122092,113.329806
3932,Jawa Timur,Kabupaten Sampang,Kampoeng Melon Napote,-6.912017,113.394259
3933,Jawa Timur,Kabupaten Sampang,kampung milon napote,-6.912093,113.394383
3934,Jawa Timur,Kabupaten Sampang,Komplek Makan Rato ebuh,-7.208437,113.232319
3935,Jawa Timur,Kabupaten Sampang,Pantai Lon Malang,-6.888981,113.395385
3936,Jawa Timur,Kabupaten Sampang,Sampang water park,-7.19411,113.256572
3937,Jawa Timur,Kabupaten Sampang,Setretanan Batik,-6.898119,113.147874
3938,Jawa Timur,Kabupaten Sampang,Taddan Mangrove Conservation,-7.220572,113.298022
3939,Jawa Timur,Kabupaten Sampang,Wisata Air terjun toroan ,-6.89296,113.312331
3940,Jawa Timur,Kabupaten Sampang,Wisata Edukasi Garam,-7.180791,113.152653
3941,Jawa Timur,Kabupaten Sampang,wisata edukasi kerajinan gerabah,-7.035301,113.376291
3942,Jawa Timur,Kabupaten Sampang,Wisata Edukasi Kerjajinan Gerabah Tlambah,-7.05398,113.386849
3943,Jawa Timur,Kabupaten Sampang,wisata hutan kera nepa,-6.89788,113.200707
3944,Jawa Timur,Kabupaten Sampang,Wisata Kampung  Panjalin,-6.898503,113.43169
3945,Jawa Timur,Kabupaten Sampang,Wisata mangrove sreseh spot desa marparan ,-7.1955,113.095129
3946,Jawa Timur,Kabupaten Sampang,Wisata mangrove sreseh spot klobur berung ngambeng,-7.191898,113.087846
3947,Jawa Timur,Kabupaten Sampang,Wisata Pantai Lon malang,-6.888995,113.395332
3948,Jawa Timur,Kabupaten Sampang,Wisata Pesona Mandangin,-7.307127,113.204026
3949,Jawa Timur,Kabupaten Sampang,WMS Spot Desa Klobur,-7.191843,113.08794
3950,Jawa Timur,Kabupaten Sidoarjo,Agrowisata Blimbing Watesari Balongbendo,-7.426416,112.557881
3951,Jawa Timur,Kabupaten Sidoarjo,Batik Tulis Al Huda ,-7.458112,112.703835
3952,Jawa Timur,Kabupaten Sidoarjo,Cagar Budaya Candi Sumur,-7.516839,112.6830786
3953,Jawa Timur,Kabupaten Sidoarjo,Cagar Budaya Candi Sumur,-6.2297465,106.829518
3954,Jawa Timur,Kabupaten Sidoarjo,Candi Dermo,-7.4073455,112.6200861
3955,Jawa Timur,Kabupaten Sidoarjo,Candi Lemah Dhuwur,-7.527813,112.688088
3956,Jawa Timur,Kabupaten Sidoarjo,Candi Pamotan,-7.527062,112.687299
3957,Jawa Timur,Kabupaten Sidoarjo,Candi Pari,-7.520763,112.681485
3958,Jawa Timur,Kabupaten Sidoarjo,Candi Sumur ,-7.520084,112.681305
3959,Jawa Timur,Kabupaten Sidoarjo,Candi Watutulis,-7.436714,112.570945
3960,Jawa Timur,Kabupaten Sidoarjo,Delta Fishing,-7.430868,112.752465
3961,Jawa Timur,Kabupaten Sidoarjo,Delta Fishing,-7.4292305,112.7519044
3962,Jawa Timur,Kabupaten Sidoarjo,Ekowisata Mangrove Pulau Lusi,-7.5661922,112.8699226
3963,Jawa Timur,Kabupaten Sidoarjo,Kampung Lali Gadget,-7.419729,112.619664
3964,Jawa Timur,Kabupaten Sidoarjo,Kampung Literasi Tapak Kali Bendo,-7.4074918,112.72862
3965,Jawa Timur,Kabupaten Sidoarjo,Kerajinan Batik Tulis Al Huda,-7.4580969,112.7038739
3966,Jawa Timur,Kabupaten Sidoarjo,Kolam Renang Candi Pari,-7.520256,112.678487
3967,Jawa Timur,Kabupaten Sidoarjo,Kolam Renang GOR Sidoarjo,-7.4473283,112.7077465
3968,Jawa Timur,Kabupaten Sidoarjo,Kolam Renang Jedong Cangkring,-7.4490721,112.6076961
3969,Jawa Timur,Kabupaten Sidoarjo,KTG Jungle Waterpark,-7.4964526,112.6838143
3970,Jawa Timur,Kabupaten Sidoarjo,Kusuma Tirta Minapolitan,-7.4830561,112.7601632
3971,Jawa Timur,Kabupaten Sidoarjo,Legok Asri Park,-7.3766772,112.6975336
3972,Jawa Timur,Kabupaten Sidoarjo,Makam Aulia Sono,-7.431872,112.717403
3973,Jawa Timur,Kabupaten Sidoarjo,Makam Mbah Ud,-7.437176,112.707176
3974,Jawa Timur,Kabupaten Sidoarjo,Museum MPU Tantular,-7.433545,112.719463
3975,Jawa Timur,Kabupaten Sidoarjo,Permata Tanggulangin Collection ,-7.502399,112.700033
3976,Jawa Timur,Kabupaten Sidoarjo,POKDARWIS Wisata Bahari Tlocor,-7.5525819,112.8451988
3977,Jawa Timur,Kabupaten Sidoarjo,Prasasti Kamalagian / Kemlagen,-7.436544,112.586895
3978,Jawa Timur,Kabupaten Sidoarjo,Rumah Budaya Malik Ibrahim,-7.456331,112.721233
3979,Jawa Timur,Kabupaten Sidoarjo,Suncity Waterpark,-7.449218,112.7125359
3980,Jawa Timur,Kabupaten Sidoarjo,UPT Museum Negeri MPU Tantular,-7.4337745,112.7198717
3981,Jawa Timur,Kabupaten Sidoarjo,UPT Museum Negeri MPU Tantular,-6.2297465,106.829518
3982,Jawa Timur,Kabupaten Sidoarjo,Wisata Bahari Tlocor,-7.571414,112.874293
3983,Jawa Timur,Kabupaten Sidoarjo,Wisata Kaki Bumi Petik Jambu Kebaron,-7.489677,112.630239
3984,Jawa Timur,Kabupaten Sidoarjo,Yussar Fishing & Playground,-7.515745,112.733504
3985,Jawa Timur,Kabupaten Situbondo,Beach Forest,-7.693877,113.892021
3986,Jawa Timur,Kabupaten Situbondo,BEACH FOREST,-7.692045,113.888466
3987,Jawa Timur,Kabupaten Situbondo,COTTOK INNOVATION PARK,-7.719809,114.06497
3988,Jawa Timur,Kabupaten Situbondo,EKOWISATA KAMPUNG BLEKOK,-7.702397,113.922145
3989,Jawa Timur,Kabupaten Situbondo,Grand Pathek,-7.636584,113.996973
3990,Jawa Timur,Kabupaten Situbondo,GRAND PATHEK,-7.636873,113.996855
3991,Jawa Timur,Kabupaten Situbondo,KAMPUNG BLEKOK,-7.70172,113.922169
3992,Jawa Timur,Kabupaten Situbondo,Kampung Kerapu,-7.697163,113.8965
3993,Jawa Timur,Kabupaten Situbondo,KAMPUNG KERAPU,-7.696489,113.896247
3994,Jawa Timur,Kabupaten Situbondo,MUARA KASIH BEACH,-7.634767,114.004844
3995,Jawa Timur,Kabupaten Situbondo,Pantai Dubibir,-7.712287,113.715376
3996,Jawa Timur,Kabupaten Situbondo,Pantai Firdaus Banongan,-7.699849,114.239616
3997,Jawa Timur,Kabupaten Situbondo,Taman Nasional Baluran,-7.920533,114.387639
3998,Jawa Timur,Kabupaten Situbondo,Wisata Bahari Pasir Putih,-7.710564,113.811742
3999,Jawa Timur,Kabupaten Situbondo,WISATA BUKIT CIP,-7.723102,114.063581
4000,Jawa Timur,Kabupaten Situbondo,WISATA KK 26,-7.674165,114.013905
4001,Jawa Timur,Kabupaten Sumenep,ASTA GUMUK,-7.0280482,113.8956754
4002,Jawa Timur,Kabupaten Sumenep,ASTA KATANDUR,-6.9958303,113.8718064
4003,Jawa Timur,Kabupaten Sumenep,Asta Sayyid Yusuf,-7.065075,113.94314
4004,Jawa Timur,Kabupaten Sumenep,Asta Tinggi,-6.9972256,113.8432667
4005,Jawa Timur,Kabupaten Sumenep,Boekit Tawap Lengleng Pagarbatu,-7.12824,113.841244
4006,Jawa Timur,Kabupaten Sumenep,Desa Wisata Keris,-7.071887,113.786752
4007,Jawa Timur,Kabupaten Sumenep,Dewi Semaan,-6.903946,113.778673
4008,Jawa Timur,Kabupaten Sumenep,Gua Maha Karya,-6.972898,114.177396
4009,Jawa Timur,Kabupaten Sumenep,Kampung Kasur  Pasir ,-6.909524,114.025769
4010,Jawa Timur,Kabupaten Sumenep,Mangrove Kedatim,-7.093279,113.864455
4011,Jawa Timur,Kabupaten Sumenep,Mangrove Kedatim,-7.09348,113.8644981
4012,Jawa Timur,Kabupaten Sumenep,Masjid Agung Jamik,-7.0080302,113.8595965
4013,Jawa Timur,Kabupaten Sumenep,Museum dan Keraton,-7.008004,113.862858
4014,Jawa Timur,Kabupaten Sumenep,Museum Kraton Sumenep,-7.008691,113.86258041
4015,Jawa Timur,Kabupaten Sumenep,Mutiara Tirta,-7.010976,113.86429
4016,Jawa Timur,Kabupaten Sumenep,Pantai Badur,-6.88035,113.980232
4017,Jawa Timur,Kabupaten Sumenep,Pantai E.Kasoghi,-7.1054759,113.8867461
4018,Jawa Timur,Kabupaten Sumenep,Pantai Matahari,-7.131534,113.814099
4019,Jawa Timur,Kabupaten Sumenep,Pantai Ropet,-6.981613,114.186521
4020,Jawa Timur,Kabupaten Sumenep,Pantai Sembilan,-7.175295,113.922515
4021,Jawa Timur,Kabupaten Sumenep,Taman Tectona,-7.014785,113.816267
4022,Jawa Timur,Kabupaten Sumenep,Taman Wisata,-6.988265,113.829281
4023,Jawa Timur,Kabupaten Sumenep,Titik Oksigen (Gili Iyang),-6.985321,114.174299
4024,Jawa Timur,Kabupaten Sumenep,Waterpark mutiara tirta,-7.0107329,113.8637571
4025,Jawa Timur,Kabupaten Sumenep,Waterpark Sumekar,-6.9907467,113.8405912
4026,Jawa Timur,Kabupaten Trenggalek,AIR TERJUN PUTRI MARON,-7.991418,111.737946
4027,Jawa Timur,Kabupaten Trenggalek,Carribean Waterpark,-8.050604,111.707848
4028,Jawa Timur,Kabupaten Trenggalek,DESA WISATA DUREN SARI SAWAHAN,-8.266824,111.68683
4029,Jawa Timur,Kabupaten Trenggalek,Desa Wisata Durensari Sawahan (Watu Lawang),-8.05549,111.666711
4030,Jawa Timur,Kabupaten Trenggalek,DESA WISATA PANDEAN,-8.249839,111.450683
4031,Jawa Timur,Kabupaten Trenggalek,Goa Biru,-8.139785,111.647544
4032,Jawa Timur,Kabupaten Trenggalek,GUO LOWO,-8.210614,111.727367
4033,Jawa Timur,Kabupaten Trenggalek,Hutan Kota,-8.050561,111.668593
4034,Jawa Timur,Kabupaten Trenggalek,Jwalita,-8.137067,111.587103
4035,Jawa Timur,Kabupaten Trenggalek,KOLAM RENANG TIRTA JWALITA,-8.072499,111.706016
4036,Jawa Timur,Kabupaten Trenggalek,Konservasi Pantai Kili-Kili,-8.260292,111.4229
4037,Jawa Timur,Kabupaten Trenggalek,Pantai Gemawing,-8.066368,111.65582
4038,Jawa Timur,Kabupaten Trenggalek,Pantai Kebo,-8.063649,111.650091
4039,Jawa Timur,Kabupaten Trenggalek,Pantai Konang,-8.063649,111.667044
4040,Jawa Timur,Kabupaten Trenggalek,Pantai Kuyon Lembah Watu Pawon,-8.053281,111.664622
4041,Jawa Timur,Kabupaten Trenggalek,Pantai Mutiara,-8.282046,111.736642
4042,Jawa Timur,Kabupaten Trenggalek,Pantai Pelang,-8.052771,111.661358
4043,Jawa Timur,Kabupaten Trenggalek,Pantai Prigi,-6.2297465,106.829518
4044,Jawa Timur,Kabupaten Trenggalek,Pantai Rajaan,-8.051921,111.67016
4045,Jawa Timur,Kabupaten Trenggalek,Sekolah Eduwisata,-8.140663,111.645214
4046,Jawa Timur,Kabupaten Trenggalek,Stone Park Ngerit,-8.066368,111.658705
4047,Jawa Timur,Kabupaten Trenggalek,Taman Pringgodani,-6.245169,106.853923
4048,Jawa Timur,Kabupaten Trenggalek,Trenggalek Agropark,-7.935476,111.277065
4049,Jawa Timur,Kabupaten Trenggalek,Trenggalek Green Park,-8.05872,111.705855
4050,Jawa Timur,Kabupaten Trenggalek,WISATA PANTAI KARANGGONGSO,-8.285496,111.726338
4051,Jawa Timur,Kabupaten Trenggalek,WISATA PANTAI MUTIARA,-8.317992,111.745066
4052,Jawa Timur,Kabupaten Trenggalek,WISATA PANTAI PELANG,-8.256121,111.4289
4053,Jawa Timur,Kabupaten Trenggalek,WISATA PANTAI PRIGI,-8.285496,111.726338
4054,Jawa Timur,Kabupaten Trenggalek,WISATA TEBING LINGGO,-8.112065,111.600413
4055,Jawa Timur,Kabupaten Tuban,AGRO PARK KLUMPIT,-7.0339014,111.9266554
4056,Jawa Timur,Kabupaten Tuban,Agro Park Klumpit,-7.033752,111.926681
4057,Jawa Timur,Kabupaten Tuban,AIR TERJUN BONGOK,-6.984379799999999,111.9399987
4058,Jawa Timur,Kabupaten Tuban,AIR TERJUN PUTRI NGLIRIP,-6.968348499999999,111.7939863
4059,Jawa Timur,Kabupaten Tuban,Air Terjun Putri Nglirip,-6.968178,111.794011
4060,Jawa Timur,Kabupaten Tuban,BATU VAN TUBAN,-6.969178500000002,111.7939618
4061,Jawa Timur,Kabupaten Tuban,DISCOVERY OF FOREST,-6.8630852,111.614952
4062,Jawa Timur,Kabupaten Tuban,EKOWISATA SILOWO,-6.8759229,111.9924913
4063,Jawa Timur,Kabupaten Tuban,GOA AKBAR,-6.9054204,112.0605553
4064,Jawa Timur,Kabupaten Tuban,Goa Akbar,-6.904535,112.061866
4065,Jawa Timur,Kabupaten Tuban,Goa Ngerong,-7.060407,112.007336
4066,Jawa Timur,Kabupaten Tuban,KANDANGAN PARK,-7.0746984,111.8318634
4067,Jawa Timur,Kabupaten Tuban,Kolam Renang Jati Wangi,-6.888474,111.975967
4068,Jawa Timur,Kabupaten Tuban,MAKAM ASMORO QONDHI,-6.9055398,112.1276273
4069,Jawa Timur,Kabupaten Tuban,Makam Asmoroqondi,-6.905345,112.127668
4070,Jawa Timur,Kabupaten Tuban,MAKAM SUNAN BEJAGUNG LOR,-6.914250800000001,112.0618156
4071,Jawa Timur,Kabupaten Tuban,MAKAM SUNAN BONANG,-6.894737399999999,112.063327
4072,Jawa Timur,Kabupaten Tuban,MUSEUM KAMBANG PUTIH,-6.896003,112.064387
4073,Jawa Timur,Kabupaten Tuban,Pantai Boom,-6.892924,112.065583
4074,Jawa Timur,Kabupaten Tuban,PANTAI BOOM TUBAN,-6.894143700000001,112.0656382
4075,Jawa Timur,Kabupaten Tuban,PANTAI CEMARA,-6.847502099999999,112.019092
4076,Jawa Timur,Kabupaten Tuban,Pantai Cemara,-6.857041,112.025394
4077,Jawa Timur,Kabupaten Tuban,PANTAI PANDURI,-6.773912999999999,111.9339962
4078,Jawa Timur,Kabupaten Tuban,PEMANDIAN BEKTIHARJO,-6.9403076,112.0497543
4079,Jawa Timur,Kabupaten Tuban,Pemandian Bektiharjo,-6.940234,112.049765
4080,Jawa Timur,Kabupaten Tuban,SENDANG ASMORO,-6.9943098,112.0654694
4081,Jawa Timur,Kabupaten Tuban,Sendang Asmoro,-6.994183,112.065508
4082,Jawa Timur,Kabupaten Tuban,SENDANG LANJAR MAIBIT,-7.0722511,111.9801281
4083,Jawa Timur,Kabupaten Tuban,SUMBER ARUM PARK,-6.8782412,111.8952723
4084,Jawa Timur,Kabupaten Tuban,WANA WISATA PRATAAN,-7.035890299999999,111.8558125
4085,Jawa Timur,Kabupaten Tuban,Wana Wisata Prataan,-7.036703,111.87072
4086,Jawa Timur,Kabupaten Tuban,WANA WISATA SOWAN,-6.777627,"111,765"
4087,Jawa Timur,Kabupaten Tuban,WISATA AIR HANGAT NGANGET,-6.9754577,111.6750157
4088,Jawa Timur,Kabupaten Tuban,WISATA PANTAI KELAPA,-6.896450000000001,112.089161
4089,Jawa Timur,Kabupaten Tuban,Wisata Pantai Kelapa,-6.896263,112.089014
4090,Jawa Timur,Kabupaten Tuban,WISATA PELANG,-6.8852997,111.9849015
4091,Jawa Timur,Kabupaten Tuban,Wisata Pelang,-6.884735,111.98061
4092,Jawa Timur,Kabupaten Tuban,WISATA TEBING PELANGI,-6.892806900000001,111.9683329
4093,Jawa Timur,Kabupaten Tulungagung,Cowindo,-7.939737,111.829944
4094,Jawa Timur,Kabupaten Tulungagung,COWINDO,-7.941767,111.833003
4095,Jawa Timur,Kabupaten Tulungagung,Gunung budheg,-8.13834,111.907364
4096,Jawa Timur,Kabupaten Tulungagung,Gunung Budheg,-8.136242,111.90652
4097,Jawa Timur,Kabupaten Tulungagung,Gunung Budheg,-8.136242,111.90652
4098,Jawa Timur,Kabupaten Tulungagung,Jurang senggani,-7.903022,111.818061
4099,Jawa Timur,Kabupaten Tulungagung,Jurang Senggani,-7.882942,111.814893
4100,Jawa Timur,Kabupaten Tulungagung,Kampung susu dinasty,-8.078933,111.811142
4101,Jawa Timur,Kabupaten Tulungagung,Nangkula Park,-8.113663,111.88135
4102,Jawa Timur,Kabupaten Tulungagung,Ori green,-7.95423,111.836442
4103,Jawa Timur,Kabupaten Tulungagung,Ori Green,-7.953384,111.836772
4104,Jawa Timur,Kabupaten Tulungagung,Pantai gemah,-8.254971,111.789208
4105,Jawa Timur,Kabupaten Tulungagung,Pantai Gemah,-8.264994,111.770664
4106,Jawa Timur,Kabupaten Tulungagung,Pantai indah popoh,-8.255934,111.787753
4107,Jawa Timur,Kabupaten Tulungagung,Pantai Kedung Tumpang,-8.302554,112.010958
4108,Jawa Timur,Kabupaten Tulungagung,Pantai klatak,-8.254616,111.788789
4109,Jawa Timur,Kabupaten Tulungagung,Pantai Pacar,-8.306267,112.024209
4110,Jawa Timur,Kabupaten Tulungagung,Pantai Popoh,-8.262891,111.803797
4111,Jawa Timur,Kabupaten Tulungagung,Pantai sanggar,-8.303051,111.897243
4112,Jawa Timur,Kabupaten Tulungagung,PANTAI SANGGAR,-8.296698,111.910495
4113,Jawa Timur,Kabupaten Tulungagung,Pantai sine,-8.280696,111.976281
4114,Jawa Timur,Kabupaten Tulungagung,Pantai Sine,-8.290188,111.935424
4115,Jawa Timur,Kabupaten Tulungagung,Taman wisata bendungan wonorejo,-8.017982,111.807469
4116,Jawa Timur,Kabupaten Tulungagung,Taman wisata dan edukasi tugu park,-7.969335,111.858353
4117,Jawa Timur,Kabupaten Tulungagung,Wana wisata pantai midodaren,-8.256059,111.797768
4118,Jawa Timur,Kabupaten Tulungagung,Wisata Bendungan Wonorejo,-8.0169875,111.8078305
4119,Jawa Timur,Kabupaten Tulungagung,wisata kuliner mbalong kawuk,-8.119546,111.988979
4120,Jawa Timur,Kabupaten Tulungagung,Wisata pantai kedung tumpang,-8.302922,112.016203
4121,Jawa Timur,Kabupaten Tulungagung,Wisata pantai pacar,-8.307119,112.0235
4122,Jawa Timur,Kabupaten Tulungagung,Wisata puncak jowin,-8.186689,111.911347
4123,Jawa Timur,Kota Batu,ALUN-ALUN KOTA BATU,-7.871408,112.526299
4124,Jawa Timur,Kota Batu,Batu Flower Garden,-7.909079,112.522187
4125,Jawa Timur,Kota Batu,Batu Love Garden  (BALOGA),-6.2297465,106.829518
4126,Jawa Timur,Kota Batu,BATU NIGHT SPECTACULAR,-7.896218358214626,112.53488582114164
4127,Jawa Timur,Kota Batu,COBAN TALUN,-6.2297465,106.829518
4128,Jawa Timur,Kota Batu,CV. Berkah Coban Lanang,-6.2297465,106.829518
4129,Jawa Timur,Kota Batu,Eco Green Park ,-6.2297465,106.829518
4130,Jawa Timur,Kota Batu,JATIM PARK 3,-7.896857489951365,112.55338164600724
4131,Jawa Timur,Kota Batu,Jawa Timur Park 1,-6.2297465,106.829518
4132,Jawa Timur,Kota Batu,JTP 2  (Batu Secret  Zoo dan Museum Satwa),-6.2297465,106.829518
4133,Jawa Timur,Kota Batu,Kaliwatu,-6.2297465,106.829518
4134,Jawa Timur,Kota Batu,KUSUMA AGROWISATA,-7.912747993862336,112.55863380225574
4135,Jawa Timur,Kota Batu,LUMBUNG STROBERI,-6.2297465,106.829518
4136,Jawa Timur,Kota Batu,MUSEUM ANGKUT+,-6.2297465,106.829518
4137,Jawa Timur,Kota Batu,OLEH-OLEH BRAWIJAYA BATU,-7.874961177786689,112.5319865539702
4138,Jawa Timur,Kota Batu,PEMANDIAN AIR PANAS CANGAR,-6.2297465,106.829518
4139,Jawa Timur,Kota Batu,PREDATOR FUN PARK,-7.912747993862336,112.54863380225574
4140,Jawa Timur,Kota Batu,PT BUNGA WANGSA INDAH,-6.2297465,106.829518
4141,Jawa Timur,Kota Batu,SONGGORITI HOT SPRING,-7.866317,112.492408
4142,Jawa Timur,Kota Batu,TAMAN REKREASI SELECTA,-6.2297465,106.829518
4143,Jawa Timur,Kota Batu,TAMAN REKREASI SELECTA,-7.817218929854387,112.52816611270396
4144,Jawa Timur,Kota Batu,WANA WISATA COBA RAIS,-7.898668,112.518937
4145,Jawa Timur,Kota Blitar,Agro Wisata Blimbing Karangsari,-8.109963,112.160068
4146,Jawa Timur,Kota Blitar,Fish Garden,-8.089461,112.148266
4147,Jawa Timur,Kota Blitar,Goa Maria Sendangrejo,-8.057116,112.174809
4148,Jawa Timur,Kota Blitar,Green Park,-8.079774,112.183612
4149,Jawa Timur,Kota Blitar,Istana Gebang,-8.09794,112.175968
4150,Jawa Timur,Kota Blitar,Kampung 3D Bongares,-8.097087,112.171687
4151,Jawa Timur,Kota Blitar,Kampung krajan Kayu Kendang Sentul,-8.077008,112.182775
4152,Jawa Timur,Kota Blitar,MAKAM ADIPATI ARYO BLITAR,-6.2297465,106.829518
4153,Jawa Timur,Kota Blitar,MAKAM BUNG KARNO,-8.084605,112.176075
4154,Jawa Timur,Kota Blitar,Monumen Museum Peta ,-8.094088,112.177062
4155,Jawa Timur,Kota Blitar,Situs Candi Gedog,-8.088803,112.184433
4156,Jawa Timur,Kota Blitar,Sumber Kalibalang,-8.121598,112.165883
4157,Jawa Timur,Kota Blitar,Taman Kebon Rojo,-8.096153,112.174616
4158,Jawa Timur,Kota Blitar,Taman Sentul,-8.084801,112.172416
4159,Jawa Timur,Kota Blitar,Telaga Nirmala,-8.128919,112.154864
4160,Jawa Timur,Kota Blitar,UPT Perpustakaan Proklamator Bung Karno,-8.085582,112.175539
4161,Jawa Timur,Kota Blitar,Waterpark Sumber Udel,-8.092089,112.165378
4162,Jawa Timur,Kota Kediri,Gereja Merah,-7.8118951,112.0044485
4163,Jawa Timur,Kota Kediri,Kolam Renang kasri,-7.821689,112.000984
4164,Jawa Timur,Kota Kediri,Kolam Renang Surya Taman Wisata,-7.8364035,112.0566486
4165,Jawa Timur,Kota Kediri,Kolam Renang Tirta Indah,-7.8002998,112.011668
4166,Jawa Timur,Kota Kediri,Pura Kilisuci,-7.807748,111.974171
4167,Jawa Timur,Kota Kediri,Taman Wisata Selomangleng,-7.808398,111.972958
4168,Jawa Timur,Kota Madiun,Demangan Resto,-7.656447,111.526018
4169,Jawa Timur,Kota Madiun,Kalima Reksogati,-7.612318,111.519026
4170,Jawa Timur,Kota Madiun,Lapak Banjarejoku,-7.648988,111.535631
4171,Jawa Timur,Kota Madiun,Lapak Bumi Semendung,-7.629056,111.538464
4172,Jawa Timur,Kota Madiun,Lapak Joglo Palereman,-7.607275,111.551155
4173,Jawa Timur,Kota Madiun,Lapak Kampir,-7.631093,111.548377
4174,Jawa Timur,Kota Madiun,Lapak Margo Asri,-7.639711,111.5418
4175,Jawa Timur,Kota Madiun,Lapak Mbah Remul,-7.610931,111.550076
4176,Jawa Timur,Kota Madiun,Lapak Obor,-7.621041,111.533307
4177,Jawa Timur,Kota Madiun,Lapak Pagu Indah,-6.2297465,106.829518
4178,Jawa Timur,Kota Madiun,Lapak Pesona,-7.615491,111.521457
4179,Jawa Timur,Kota Madiun,Lapak Ronggo Kuning,-7.608105,111.517208
4180,Jawa Timur,Kota Madiun,Lapak Sendang Gayam,-7.629372,111.522331
4181,Jawa Timur,Kota Madiun,Lapak Taman Donopuran,-7.64177,111.523109
4182,Jawa Timur,Kota Madiun,Lapak Taman Sriti,-7.63681,111.513047
4183,Jawa Timur,Kota Madiun,Lapak Waringin,-7.634651,111.52443
4184,Jawa Timur,Kota Madiun,Makam Kuno Kuncen,-7.656536,111.51422
4185,Jawa Timur,Kota Madiun,Makam Taman,-7.641787,111.52313
4186,Jawa Timur,Kota Madiun,Ngrowo Bening Edu Park,-7.636168,111.530696
4187,Jawa Timur,Kota Madiun,Pahlawan Street Center,-7.625326,111.520207
4188,Jawa Timur,Kota Madiun,Simander,-7.649892,111.533024
4189,Jawa Timur,Kota Malang,Hawai Group Malang,-7.923238,112.657083
4190,Jawa Timur,Kota Malang,Kampoeng Heritage Kajoetangan,-7.978377,112.628696
4191,Jawa Timur,Kota Malang,Kampung Tridi,-7.981831,112.638104
4192,Jawa Timur,Kota Malang,Kampung Tridi,-7.981831,112.638104
4193,Jawa Timur,Kota Mojokerto,Alun alun  kota  mojokerto ,-6.2297465,106.829518
4194,Jawa Timur,Kota Mojokerto,CGV,-6.2297465,106.829518
4195,Jawa Timur,Kota Mojokerto,Gereja baptis indonesia,-6.2297465,106.829518
4196,Jawa Timur,Kota Mojokerto,Gereja Katolik St. Yosef,-7.466394,112.433632
4197,Jawa Timur,Kota Mojokerto,Gereja Paroki ST Yosep Mojokerto,-6.2297465,106.829518
4198,Jawa Timur,Kota Mojokerto,Kali Tlusur,-6.2297465,106.829518
4199,Jawa Timur,Kota Mojokerto,Kampung mural purwotengah,-6.2297465,106.829518
4200,Jawa Timur,Kota Mojokerto,Kampung sayur purwotengah,-6.2297465,106.829518
4201,Jawa Timur,Kota Mojokerto,Kawasan Benteng Pancasila,-7.47198,112.446007
4202,Jawa Timur,Kota Mojokerto,Kazaro,-7.479362,112.423889
4203,Jawa Timur,Kota Mojokerto,Klenteng Hok Sian Kiong,-6.2297465,106.829518
4204,Jawa Timur,Kota Mojokerto,Kolam Renang Sekar Sari,-7.46625,112.43985
4205,Jawa Timur,Kota Mojokerto,Krupuk Cassava,-7.457423,112.451591
4206,Jawa Timur,Kota Mojokerto,Masjid  Al  Fatah,-6.2297465,106.829518
4207,Jawa Timur,Kota Mojokerto,Museum Gubug Wayang,-6.2297465,106.829518
4208,Jawa Timur,Kota Mojokerto,museum gubuk wayang,-6.2297465,106.829518
4209,Jawa Timur,Kota Mojokerto,Omah Kelor,-7.459945,112.422913
4210,Jawa Timur,Kota Mojokerto,Onde-onde Empunala,-7.466232,112.440727
4211,Jawa Timur,Kota Mojokerto,Pemandian Sekar sari,-6.2297465,106.829518
4212,Jawa Timur,Kota Mojokerto,Royal Cafe n Swimming Pool,-7473861,112.440056
4213,Jawa Timur,Kota Mojokerto,Royal cafe swimming pool,-6.2297465,106.829518
4214,Jawa Timur,Kota Mojokerto,Sekolah  Ir Soekarno SMPN 2 Kota mojokerto,-6.2297465,106.829518
4215,Jawa Timur,Kota Mojokerto,Sekolah cagar budaya soekarno,-6.2297465,106.829518
4216,Jawa Timur,Kota Mojokerto,Sekolah Dasar Negeri Purwotengah,-7.465649,112.438004
4217,Jawa Timur,Kota Mojokerto,Sekolah Soekarno,-7464364,112.433678
4218,Jawa Timur,Kota Mojokerto,Sky Walk Mojokerto,-6.2297465,106.829518
4219,Jawa Timur,Kota Mojokerto,SPENSA Heritage,-6.2297465,106.829518
4220,Jawa Timur,Kota Mojokerto,Sunrise Mall,-6.2297465,106.829518
4221,Jawa Timur,Kota Mojokerto,TPA   RANDEGAN SEKAR PUTIH,-6.2297465,106.829518
4222,Jawa Timur,Kota Mojokerto,TPA Randegan,-7.464512,112.467796
4223,Jawa Timur,Kota Mojokerto,Villa Royal Waterpark,-6.2297465,106.829518
4224,Jawa Timur,Kota Mojokerto,Villa Royal Waterpark,-7.448476,112.455978
4225,Jawa Timur,Kota Mojokerto,Warung Marung Heritage,-7.470487,112.456879
4226,Jawa Timur,Kota Pasuruan,GEDUNG HARMONIE,-7.645627,112.910426
4227,Jawa Timur,Kota Pasuruan,KAMPUNG KOENO BANGILAN,-7.640155,112.908884
4228,Jawa Timur,Kota Pasuruan,KAMPUNG WISATA LANSIA TANGGUH,-7.651886,112.898507
4229,Jawa Timur,Kota Pasuruan,Kawasan Amphitheater dan Water Tower,-7.641223,112.907575
4230,Jawa Timur,Kota Pasuruan,Kawasan Wisata Alun - alun dan Payung Madinah,-7.641948,112.90673
4231,Jawa Timur,Kota Pasuruan,KEBONSARI,-7.642025,112.903528
4232,Jawa Timur,Kota Pasuruan,KLENTENG TJOE TIK KIONG,-7.636203,112.905317
4233,Jawa Timur,Kota Pasuruan,TAMAN ALUN-ALUN,-7.642214,112.906628
4234,Jawa Timur,Kota Pasuruan,TAMAN BACA PESISIR,-7.626556,112.905244
4235,Jawa Timur,Kota Pasuruan,TAMAN HAYATI,-7.643468,112.884296
4236,Jawa Timur,Kota Pasuruan,TAMAN KOTA ,-7.645125,112.909466
4237,Jawa Timur,Kota Pasuruan,TAMAN LANSIA KOTA PASURUAN,-7.665166,112.898694
4238,Jawa Timur,Kota Pasuruan,TAMAN PEKUNCEN,-7.65157,112.90812
4239,Jawa Timur,Kota Pasuruan,TAMAN PEKUNCEN,-7.651675,112.907889
4240,Jawa Timur,Kota Pasuruan,TAMAN SEKARGADUNG,-7.67044,112.904767
4241,Jawa Timur,Kota Pasuruan,TAMAN SEKARGADUNG,-7.669964,112.905067
4242,Jawa Timur,Kota Pasuruan,WISATA HERITAGE KANYA,-7.6412,112.90018
4243,Jawa Timur,Kota Pasuruan,Wisata Religi Makam KH. Abd Khamid ,-7.641314,112.905392
4244,Jawa Timur,Kota Pasuruan,WISATA RELIGI MAKAM UNTUNG SUROPATI,-7.664394,112.893249
4245,Jawa Timur,Kota Pasuruan,WISATA RELIGI MAKAM UNTUNG SUROPATI,-7.664394,112.893249
4246,Jawa Timur,Kota Pasuruan,WISED P3GI  (WISATA EDUKASI P3GI),-7.647162,112.909774
4247,Jawa Timur,Kota Probolinggo,Beejay Bakau Resort (BJBR),-7.73449,113.22326
4248,Jawa Timur,Kota Probolinggo,Bundaran Gladak Serang,-7.76887,113.213558
4249,Jawa Timur,Kota Probolinggo,Gereja Merah,-7.74887,113.21509
4250,Jawa Timur,Kota Probolinggo,Kampung Bank Sampah,-7.781443,113.209379
4251,Jawa Timur,Kota Probolinggo,Kampung Wisata Benteng Mayangan,-7.740738,113.215664
4252,Jawa Timur,Kota Probolinggo,Kelenteng Sumber  Naga,-7.746705,113.220921
4253,Jawa Timur,Kota Probolinggo,Masjid Tiban,-7.7531,113.185794
4254,Jawa Timur,Kota Probolinggo,Museum Dr. Moh. Saleh Probolinggo,-7.752487,113.213702
4255,Jawa Timur,Kota Probolinggo,Museum Probolinggo,-7.751119,113.215828
4256,Jawa Timur,Kota Probolinggo,Pantai Permata Probolinggo,-7.743346,113.191761
4257,Jawa Timur,Kota Probolinggo,Papua Water Park,-7.805589,113.217696
4258,Jawa Timur,Kota Probolinggo,Pasar Minggu Alun-Alun Kota Probolinggo,-7.744854,113.215632
4259,Jawa Timur,Kota Probolinggo,Sanggar Seni Mardi Budoyo,-7.754927,113.207125
4260,Jawa Timur,Kota Probolinggo,Sumber Mata Air Sentong,-7.780865,113.216913
4261,Jawa Timur,Kota Probolinggo,Taman Manula,-7.753523,113.203852
4262,Jawa Timur,Kota Probolinggo,Taman Maramis,-7.764791,113.204174
4263,Jawa Timur,Kota Probolinggo,Taman Semeru,-7.773725,113.173904
4264,Jawa Timur,Kota Probolinggo,Wisata Terapu Kum Kum Pantai Mayangan,-7.726183,113.224674
4265,Jawa Timur,Kota Surabaya,Balai Pemuda (Alun-Alun Surabaya),-7.263908,112.745299
4266,Jawa Timur,Kota Surabaya,Ekowisata Mangrove Wonorejo,-7.308414,112.821933
4267,Jawa Timur,Kota Surabaya,Kampung Wisata Jambangan,-7.316658,112.712481
4268,Jawa Timur,Kota Surabaya,Monumen Kapal Selam,-7.265675,112.750272
4269,Jawa Timur,Kota Surabaya,Museum 10 November,-7.24565,112.737864
4270,Jawa Timur,Kota Surabaya,Museum Olahraga Surabaya,-7.286726,112.731076
4271,Jawa Timur,Kota Surabaya,Museum Pendidikan,-7.256211,112.742962
4272,Jawa Timur,Kota Surabaya,Museum Pendidikan,-7.256182,112.742915
4273,Jawa Timur,Kota Surabaya,Rumah Lahir Bung Karno,-7.250874,112.740657
4274,Jawa Timur,Kota Surabaya,Surabaya North Quay,-7.19679,112.732316
4275,Jawa Timur,Kota Surabaya,Taman Hiburan Pantai (THP) Kenjeran,-7.2378,112.795535
4276,Jawa Timur,Kota Surabaya,Tugu Pahlawan dan Museum Sepuluh Nopember,-7.245449,112.737904
4277,Jawa Timur,Kota Surabaya,Wisata Perahu Kalimas ,-7.262189,112.74345
4278,Kalimantan Barat,Kabupaten Bengkayang,Air Terjun Riam Ampang,1.056243,109.784712
4279,Kalimantan Barat,Kabupaten Bengkayang,Air Terjun Riam Merasap,1.127547,109.744847
4280,Kalimantan Barat,Kabupaten Bengkayang,Air Terjun Riam Pangar,1.12453,109.7485
4281,Kalimantan Barat,Kabupaten Bengkayang,Air Terjun Riam Parangek,1.12285,109.75373
4282,Kalimantan Barat,Kabupaten Bengkayang,AIR TERJUNG RIAM AMPANG,0.056843,109.832065
4283,Kalimantan Barat,Kabupaten Bengkayang,BENDUNGAN SUNGAI MADI,0.917337,109.440737
4284,Kalimantan Barat,Kabupaten Bengkayang,Bukit Jamur,0.787745,109.474119
4285,Kalimantan Barat,Kabupaten Bengkayang,BUKIT JAMUR,0.7784,109.475516
4286,Kalimantan Barat,Kabupaten Bengkayang,BUKIT PAJAMET,0.86589,109.438319
4287,Kalimantan Barat,Kabupaten Bengkayang,BUKIT SELAPAR,0.86407,109.43188
4288,Kalimantan Barat,Kabupaten Bengkayang,Bukit Selapar Dan Batu Bide,0.850605,109.43127
4289,Kalimantan Barat,Kabupaten Bengkayang,CAGAR ALAM GUNUNG NIUT ,1.004673,109.934648
4290,Kalimantan Barat,Kabupaten Bengkayang,DANAU TAIPI ,0.758618,109.142016
4291,Kalimantan Barat,Kabupaten Bengkayang,GOA ROMO,1.147262,109.599498
4292,Kalimantan Barat,Kabupaten Bengkayang,GUA PATE,1.153967,109.073995
4293,Kalimantan Barat,Kabupaten Bengkayang,GUNUNG BAWANG,0.902746,109.400973
4294,Kalimantan Barat,Kabupaten Bengkayang,Gunung Vandering,0.797086,109.341771
4295,Kalimantan Barat,Kabupaten Bengkayang,Jaku Green,0.805214,109.474431
4296,Kalimantan Barat,Kabupaten Bengkayang,Jaramy camping island,0.862318,109.493153
4297,Kalimantan Barat,Kabupaten Bengkayang,KAHYANGAN RESORT,0.83598,108.87048
4298,Kalimantan Barat,Kabupaten Bengkayang,Kawasan Gunung Bawang,0.901029,109.400042
4299,Kalimantan Barat,Kabupaten Bengkayang,KAWASAN KONSERVASI PERAIRAN PULAU RANDAYAN DAN LEMUKUTAN KAB. BENGKAYANGAN,0.7565735670476237,108.71573557811904
4300,Kalimantan Barat,Kabupaten Bengkayang,Magmagan Swimming Pool ,0.885145,109.500356
4301,Kalimantan Barat,Kabupaten Bengkayang,MIMILAND BEACH,0.799684,108.847821
4302,Kalimantan Barat,Kabupaten Bengkayang,PANTAI CEMARA,0.802541,108.846898
4303,Kalimantan Barat,Kabupaten Bengkayang,PANTAI GOSONG,0.71132,108.881569
4304,Kalimantan Barat,Kabupaten Bengkayang,PANTAI KURA-KURA,0.8312394654839104,108.8593150398561
4305,Kalimantan Barat,Kabupaten Bengkayang,PANTAI SAMUDERA INDAH,0.837456,108.86617
4306,Kalimantan Barat,Kabupaten Bengkayang,Pisak Lake Garden,1.054494,109.791295
4307,Kalimantan Barat,Kabupaten Bengkayang,PULAU BATU PAYUNG,0.819499,108.84965
4308,Kalimantan Barat,Kabupaten Bengkayang,PULAU KABUNG,0.227966,110.730225
4309,Kalimantan Barat,Kabupaten Bengkayang,PULAU LEMUKUTAN,0.760849,108.880189
4310,Kalimantan Barat,Kabupaten Bengkayang,PULAU PENATA BESAR DAN PENATA KECIL,0.746514,108.788781
4311,Kalimantan Barat,Kabupaten Bengkayang,PULAU RANDAYAN,0.710801,108.880189
4312,Kalimantan Barat,Kabupaten Bengkayang,Ramin Bantang,0.860263,109.509148
4313,Kalimantan Barat,Kabupaten Bengkayang,RAMIN BANTANG,0.795861,109.301793
4314,Kalimantan Barat,Kabupaten Bengkayang,RIAM BARAWAT'N,1.125315,109.840824
4315,Kalimantan Barat,Kabupaten Bengkayang,RIAM BATU TIMAH,0.923017,109.416933
4316,Kalimantan Barat,Kabupaten Bengkayang,RIAM IRADAKNG,1.126594,109.749715
4317,Kalimantan Barat,Kabupaten Bengkayang,RIAM JUGAN,1.142278,109.690044
4318,Kalimantan Barat,Kabupaten Bengkayang,RIAM LANJUR,1.056843,109.832065
4319,Kalimantan Barat,Kabupaten Bengkayang,RIAM MADI,0.95643,109.445611
4320,Kalimantan Barat,Kabupaten Bengkayang,RIAM MARUM,1.055687,109.807816
4321,Kalimantan Barat,Kabupaten Bengkayang,RIAM MERASAP,1.13681,109.744762
4322,Kalimantan Barat,Kabupaten Bengkayang,RIAM PALAYO,0.815254,109.488011
4323,Kalimantan Barat,Kabupaten Bengkayang,RIAM PANGAR,1.126656,109.692342
4324,Kalimantan Barat,Kabupaten Bengkayang,RIAM PERANGEK,1.122121513918729,109.75343719033714
4325,Kalimantan Barat,Kabupaten Bengkayang,RIAM SANGADUKNG,1.1443825,109.722207
4326,Kalimantan Barat,Kabupaten Bengkayang,RIAM TENGKUYUNG,0.993739,109.819964
4327,Kalimantan Barat,Kabupaten Bengkayang,RUMAH ADAT DAYAK,0.838003,109.245575
4328,Kalimantan Barat,Kabupaten Bengkayang,Taman Hijau Sekayok,0.86855,109.495423
4329,Kalimantan Barat,Kabupaten Bengkayang,Taman Mangrove Mutiara Pesisir,0.814706,108.8714075
4330,Kalimantan Barat,Kabupaten Bengkayang,TANGGI RAFTING,1.055687,109.973995
4331,Kalimantan Barat,Kabupaten Bengkayang,Wisata Air Terjun Riam Budi,0.852798,109.440475
4332,Kalimantan Barat,Kabupaten Bengkayang,Wisata Alam Setanga Lestari,0.774641,109.524869
4333,Kalimantan Barat,Kabupaten Bengkayang,Wisata Riam Marum Dawar,1.05668,109.80831
4334,Kalimantan Barat,Kabupaten Kapuas Hulu,Air Terjun Brunyau Permai,0.43774,112.59393
4335,Kalimantan Barat,Kabupaten Kapuas Hulu,Air Terjun Medang Pulang,0.4454,112.22116
4336,Kalimantan Barat,Kabupaten Kapuas Hulu,Air Terjun Sarai Muncung,0.46752,112.63557
4337,Kalimantan Barat,Kabupaten Kapuas Hulu,Air Terjun Sarai Ngeri,0.17974,112.07775
4338,Kalimantan Barat,Kabupaten Kapuas Hulu,Alam dan Budaya Lanjak,0.98327,112.23133
4339,Kalimantan Barat,Kabupaten Kapuas Hulu,Beluan Komplek,0.34202,112.30137
4340,Kalimantan Barat,Kabupaten Kapuas Hulu,Budidaya Lebah Kelulut,0.87484,113.00157
4341,Kalimantan Barat,Kabupaten Kapuas Hulu,Bukit Ampan,0.46948,112.28519
4342,Kalimantan Barat,Kabupaten Kapuas Hulu,Bukit Penampak,0.45049,112.31478
4343,Kalimantan Barat,Kabupaten Kapuas Hulu,Bukit Raya,0.50069,112.18571
4344,Kalimantan Barat,Kabupaten Kapuas Hulu,Bukit Semujan,0.78586,112.34016
4345,Kalimantan Barat,Kabupaten Kapuas Hulu,Danau Bagut Pulau Begansar,0.80382,112.68493
4346,Kalimantan Barat,Kabupaten Kapuas Hulu,Danau Lindung Empangau,0.71882,112.37901
4347,Kalimantan Barat,Kabupaten Kapuas Hulu,Desa Wisata Melemba,0.91342,112.35648
4348,Kalimantan Barat,Kabupaten Kapuas Hulu,Desa Wisata Sadap,1.26259,112.37618
4349,Kalimantan Barat,Kabupaten Kapuas Hulu,Genting Lanjak,1.06493,112.22367
4350,Kalimantan Barat,Kabupaten Kapuas Hulu,Gereja Tua St Fedelis,0.87599,112.92419
4351,Kalimantan Barat,Kabupaten Kapuas Hulu,Gua Liang Menyadi,0.44714,112.22136
4352,Kalimantan Barat,Kabupaten Kapuas Hulu,Kedungkang,0.98912,112.22644
4353,Kalimantan Barat,Kabupaten Kapuas Hulu,Kolam Bunga Lita,0.52012,112.89498
4354,Kalimantan Barat,Kabupaten Kapuas Hulu,Makam Kerajaan Selimbau,0.6131,112.12979
4355,Kalimantan Barat,Kabupaten Kapuas Hulu,Masjid Baiturrahman,0.77662,112.50168
4356,Kalimantan Barat,Kabupaten Kapuas Hulu,Masjid Jami'Al taqwa Selimbau,0.61292,112.12989
4357,Kalimantan Barat,Kabupaten Kapuas Hulu,"Nanga Balang (Situs Sejarah Neolitikum), Kapuas Hulu Indonesia",0.87984,112.9251
4358,Kalimantan Barat,Kabupaten Kapuas Hulu,Nanga Bungan,0.99178,113.63513
4359,Kalimantan Barat,Kabupaten Kapuas Hulu,Nanga Lauk,1.01897,112.63931
4360,Kalimantan Barat,Kabupaten Kapuas Hulu,Penepian Raya,0.67335,112.37944
4361,Kalimantan Barat,Kabupaten Kapuas Hulu,Pulau Sepandan,0.883678,112.085266
4362,Kalimantan Barat,Kabupaten Kapuas Hulu,Pusaka Tunggal,0.44812,112.23703
4363,Kalimantan Barat,Kabupaten Kapuas Hulu,Rimba Laung,0.4833,112.65866
4364,Kalimantan Barat,Kabupaten Kapuas Hulu,Rumah Betang Baligundi,0.96268,112.93369
4365,Kalimantan Barat,Kabupaten Kapuas Hulu,Rumah Betang Bukung,1.09617,112.40093
4366,Kalimantan Barat,Kabupaten Kapuas Hulu,Rumah Betang Dai Bolong Pambean Banua Tengah,1.12058,112.69607
4367,Kalimantan Barat,Kabupaten Kapuas Hulu,Rumah Betang Lunsa Hilir,0.83774,113.06133
4368,Kalimantan Barat,Kabupaten Kapuas Hulu,Rumah Betang Melapi Petemuan,0.81969,112.97615
4369,Kalimantan Barat,Kabupaten Kapuas Hulu,Rumah Betang Nanga Nyabau,1.01132,112.71356
4370,Kalimantan Barat,Kabupaten Kapuas Hulu,Rumah Betang Semangkok,0.85995,112.96295
4371,Kalimantan Barat,Kabupaten Kapuas Hulu,Rumah Betang Sungai Uluk Palin,1.04039,112.77883
4372,Kalimantan Barat,Kabupaten Kapuas Hulu,Rumah Betang Sungai Utik,1.12125,112.56345
4373,Kalimantan Barat,Kabupaten Kapuas Hulu,Rumah Duka Tradisional Surambi/Kulambu,0.85998,"112,963"
4374,Kalimantan Barat,Kabupaten Kapuas Hulu,Sarai Berandau,1.05477,111.90634
4375,Kalimantan Barat,Kabupaten Kapuas Hulu,Taman Anggrek Hitam Selimbau,0.59662,112.12237
4376,Kalimantan Barat,Kabupaten Kapuas Hulu,Taman Nasional Betung Karihun,1.071448,113.531548
4377,Kalimantan Barat,Kabupaten Kapuas Hulu,Taman Nasional Danau Sentarum,0.880118,112.101258
4378,Kalimantan Barat,Kabupaten Kapuas Hulu,Taman Wisata Bukit Semugang,1.07049,111.9392
4379,Kalimantan Barat,Kabupaten Kapuas Hulu,Tanjung Lokang,0.84932,112.68534
4380,Kalimantan Barat,Kabupaten Kapuas Hulu,Tuah Benua,951,112.23888
4381,Kalimantan Barat,Kabupaten Kayong Utara,Agro Wisata Sedahan Jaya,-1.197227,110.009271
4382,Kalimantan Barat,Kabupaten Kayong Utara,Air Bintang,-1.227242,109.985462
4383,Kalimantan Barat,Kabupaten Kayong Utara,Air Pauh,-1.228324,109.983927
4384,Kalimantan Barat,Kabupaten Kayong Utara,Air Terjun Bidadari,-1.584779,108.890145
4385,Kalimantan Barat,Kabupaten Kayong Utara,Air Terjun Lubuk Baji,-6.2297465,106.829518
4386,Kalimantan Barat,Kabupaten Kayong Utara,Air Terjun Riam Berasap,-1.290835,110.217037
4387,Kalimantan Barat,Kabupaten Kayong Utara,Batu Cap,-1.210399,110.013035
4388,Kalimantan Barat,Kabupaten Kayong Utara,Bukit Batu Daya,-1.008711,110.32421
4389,Kalimantan Barat,Kabupaten Kayong Utara,Bukit Begenta,-1.270553,110.0116
4390,Kalimantan Barat,Kabupaten Kayong Utara,Bukit Kubang,-1.065566,110.065292
4391,Kalimantan Barat,Kabupaten Kayong Utara,Bukit Mandale,-6.2297465,106.829518
4392,Kalimantan Barat,Kabupaten Kayong Utara,Desa Wisata Sedahan Jaya,-1.197198,110.00927
4393,Kalimantan Barat,Kabupaten Kayong Utara,Goa Nek Takon,-6.2297465,106.829518
4394,Kalimantan Barat,Kabupaten Kayong Utara,Gunung Enam dan Gunung Tujuh,-6.2297465,106.829518
4395,Kalimantan Barat,Kabupaten Kayong Utara,Gunung Sembruang,-1.316667,110.166667
4396,Kalimantan Barat,Kabupaten Kayong Utara,Gunung Tujuh,-6.2297465,106.829518
4397,Kalimantan Barat,Kabupaten Kayong Utara,Hutan Mangrove,-6.2297465,106.829518
4398,Kalimantan Barat,Kabupaten Kayong Utara,Hutan Mangrove Nipah Kuning,-1.097797,109.923508
4399,Kalimantan Barat,Kabupaten Kayong Utara,Makam Penembahan Gusti Mahmud Pemangku Swapraja Kerajaan Simpang,-1.099293,110.205287
4400,Kalimantan Barat,Kabupaten Kayong Utara,Makam Penembahan Simpang,-1.054445,110.10718
4401,Kalimantan Barat,Kabupaten Kayong Utara,Makam Ratu Air Mala,-1.22725389,109.94478786
4402,Kalimantan Barat,Kabupaten Kayong Utara,Makam Ratu Soraya,-1.231875,110.009271
4403,Kalimantan Barat,Kabupaten Kayong Utara,Makam Tok Manku,-1.241454,109.967023
4404,Kalimantan Barat,Kabupaten Kayong Utara,Masjid Oesman Alkhair,-1.238517,109.9482
4405,Kalimantan Barat,Kabupaten Kayong Utara,Pantai Batu Teritip,-6.2297465,106.829518
4406,Kalimantan Barat,Kabupaten Kayong Utara,Pantai Kerang,-6.2297465,106.829518
4407,Kalimantan Barat,Kabupaten Kayong Utara,Pantai Mak Senik,-1.232633,109.936609
4408,Kalimantan Barat,Kabupaten Kayong Utara,Pantai Mutiara,-1.215641,109.929993
4409,Kalimantan Barat,Kabupaten Kayong Utara,Pantai Pasir Belanda,-1.221432,109.227182
4410,Kalimantan Barat,Kabupaten Kayong Utara,Pantai Pasir Mayang,-1.274934,109.991966
4411,Kalimantan Barat,Kabupaten Kayong Utara,Pantai Pasir Panjang,-6.2297465,106.829518
4412,Kalimantan Barat,Kabupaten Kayong Utara,Pantai Pulau Buluh,-6.2297465,106.829518
4413,Kalimantan Barat,Kabupaten Kayong Utara,Pantai Pulau Datok,-1.261862,109.954584
4414,Kalimantan Barat,Kabupaten Kayong Utara,Pantai Pulau Genting,-6.2297465,106.829518
4415,Kalimantan Barat,Kabupaten Kayong Utara,Pantai Pulau Kapahiang,-6.2297465,106.829518
4416,Kalimantan Barat,Kabupaten Kayong Utara,Pantai Pulau Kumbang,-1.091588,109.819248
4417,Kalimantan Barat,Kabupaten Kayong Utara,Pantai Siduk,-1.362221,110.066826
4418,Kalimantan Barat,Kabupaten Kayong Utara,Pantai Tanjung RU,-1.659075,108.921944
4419,Kalimantan Barat,Kabupaten Kayong Utara,Pantai Teluk Genting Barat,-1.294546,109.150346
4420,Kalimantan Barat,Kabupaten Kayong Utara,Pantai Teluk Genting Selatan,-1.300018,109.153385
4421,Kalimantan Barat,Kabupaten Kayong Utara,Pantai Wisata Nusantara,-1.233845,109.945346
4422,Kalimantan Barat,Kabupaten Kayong Utara,Pondok Wisata Pulau Juante,-1.345981,109.903342
4423,Kalimantan Barat,Kabupaten Kayong Utara,Pulau Penebang/Panebangan,-1.216989,109.249919
4424,Kalimantan Barat,Kabupaten Kayong Utara,Resort Cabang Panti (TNGP),-1.216703,110.142513
4425,Kalimantan Barat,Kabupaten Kayong Utara,Taman Nasional Gunung Palung,-0.869131,109.973354
4426,Kalimantan Barat,Kabupaten Kayong Utara,Villa Bukit Paoh,-1.228022,109.983792
4427,Kalimantan Barat,Kabupaten Kayong Utara,Wisata Kebun Kopi,-0.904446,109.764976
4428,Kalimantan Barat,Kabupaten Kayong Utara,Wisata Susur Sungai,-1.172303,109.989088
4429,Kalimantan Barat,Kabupaten Ketapang, Riam Serunggu Bintang Timur,-1.839636,109.975891
4430,Kalimantan Barat,Kabupaten Ketapang, Wisata Hutan Mangrove Kuala Satong,-1.391972,110.075688
4431,Kalimantan Barat,Kabupaten Ketapang,Agro Wisata Bukit Bohguk ,-1.85748,109.997864
4432,Kalimantan Barat,Kabupaten Ketapang,Air Terjun Batu Arang,-1.704861,110.036316
4433,Kalimantan Barat,Kabupaten Ketapang,Air Terjun Batu Mandik,-1.827283,109.978638
4434,Kalimantan Barat,Kabupaten Ketapang,Air Terjun Belaban,-1.860075,109.993401
4435,Kalimantan Barat,Kabupaten Ketapang,Air Terjun Benua Tujah ,-1.808067,109.999237
4436,Kalimantan Barat,Kabupaten Ketapang,Air Terjun Bukit Batu Empanggel,-1.842381,109.969025
4437,Kalimantan Barat,Kabupaten Ketapang,Air Terjun Bukit Maloy Indah,-1.845127,109.978638
4438,Kalimantan Barat,Kabupaten Ketapang,Air Terjun Cambit,-1.869962,109.984818
4439,Kalimantan Barat,Kabupaten Ketapang,Air Terjun Lelabi,-1.835519,109.978638
4440,Kalimantan Barat,Kabupaten Ketapang,Air Terjun Lubuk Tapah,-1.776625,110.003357
4441,Kalimantan Barat,Kabupaten Ketapang,Air Terjun Riam Tingkong,-1.836891,109.986877
4442,Kalimantan Barat,Kabupaten Ketapang,Air Terjun Siling Roban,-1848,109.974518
4443,Kalimantan Barat,Kabupaten Ketapang,Air Terjun Silingan Begondum,-1.86846,109.988251
4444,Kalimantan Barat,Kabupaten Ketapang,Air Terjun Sungai Ripong,-1.85199,109.973145
4445,Kalimantan Barat,Kabupaten Ketapang,Batu Bejujong Dusun Batu Berani,-1.832216,109.975204
4446,Kalimantan Barat,Kabupaten Ketapang,Batu Belawang,-1.82042,109.982758
4447,Kalimantan Barat,Kabupaten Ketapang,Batu Belawang (Rumah Jadi Batu),-1.85036,109.986877
4448,Kalimantan Barat,Kabupaten Ketapang,Batu Bertulis,-1.822393,109.962158
4449,Kalimantan Barat,Kabupaten Ketapang,Batu Besumpit,-1.867088,110.00473
4450,Kalimantan Barat,Kabupaten Ketapang,Batu Menebak,-1.853105,109.975891
4451,Kalimantan Barat,Kabupaten Ketapang,Batu Sejambu,-1.844355,109.984131
4452,Kalimantan Barat,Kabupaten Ketapang,Batu Upui,-1.877296,110.006104
4453,Kalimantan Barat,Kabupaten Ketapang,Bukit Acen,-1.833889,109.964905
4454,Kalimantan Barat,Kabupaten Ketapang,Bukit Batu,-1.875323,109.986877
4455,Kalimantan Barat,Kabupaten Ketapang,Bukit Batu Daya,-1.011618,110.329658
4456,Kalimantan Barat,Kabupaten Ketapang,Bukit Batu Kutang Kating,-1.831143,109.978638
4457,Kalimantan Barat,Kabupaten Ketapang,Bukit Batu Menanti,-1.835647,109.977951
4458,Kalimantan Barat,Kabupaten Ketapang,Bukit Bepampang,-1.847872,110.007477
4459,Kalimantan Barat,Kabupaten Ketapang,Bukit Galau,-1.891794,110.015717
4460,Kalimantan Barat,Kabupaten Ketapang,Bukit Jelayan,-1.841009,109.973145
4461,Kalimantan Barat,Kabupaten Ketapang,Bukit Keruat,-1.852526,109.974861
4462,Kalimantan Barat,Kabupaten Ketapang,Bukit Kuri,-0.95306,110.480862
4463,Kalimantan Barat,Kabupaten Ketapang,Bukit Pelingkai,-1.830028,109.981384
4464,Kalimantan Barat,Kabupaten Ketapang,Bukit Pencurahan Tulang,-1.86297,109.99649
4465,Kalimantan Barat,Kabupaten Ketapang,Bukit Sedayang,-1.844633,109.975891
4466,Kalimantan Barat,Kabupaten Ketapang,Bukit Sengkawan,-1.869576,109.992371
4467,Kalimantan Barat,Kabupaten Ketapang,Cagar Alam Muara Kendawang,-2.689032,110.357666
4468,Kalimantan Barat,Kabupaten Ketapang,Candi Negeri Baru,-1.843891,110.009586
4469,Kalimantan Barat,Kabupaten Ketapang,Danau Panjang,-1.829471,109.971771
4470,Kalimantan Barat,Kabupaten Ketapang,Danau Perendaman,-1.86846,109.977264
4471,Kalimantan Barat,Kabupaten Ketapang,Danau Ulak Medang,-1.664693,110.272865
4472,Kalimantan Barat,Kabupaten Ketapang,Desa Wisata Manjau Laman Satong,-1.361426,110.184975
4473,Kalimantan Barat,Kabupaten Ketapang,Dorik Binakng,-1.853759,109.974518
4474,Kalimantan Barat,Kabupaten Ketapang,Gereja Katedral St. Gemma Galgani ,-1.849082,109.973849
4475,Kalimantan Barat,Kabupaten Ketapang,Gua Bukong Bukit Pendamaran,-1.81478,109.953575
4476,Kalimantan Barat,Kabupaten Ketapang,Gua Maria,-1.85036,109.978638
4477,Kalimantan Barat,Kabupaten Ketapang,Gua Maria Bukit Kuri,-1.847314,109.970398
4478,Kalimantan Barat,Kabupaten Ketapang,Gua Maria Bukit Sion Tanjung,-1.869833,109.975891
4479,Kalimantan Barat,Kabupaten Ketapang,Gua Maria Manjau,-1.38773,110.169268
4480,Kalimantan Barat,Kabupaten Ketapang,Gua Mentawai,-1.85199,109.977264
4481,Kalimantan Barat,Kabupaten Ketapang,Hutan Konservasi Desa,-1.867216,109.982758
4482,Kalimantan Barat,Kabupaten Ketapang,Hutan kota ketapang,-1.804374,109.993286
4483,Kalimantan Barat,Kabupaten Ketapang,Hutan Wisata Mangrove Celincing,-1.825917,109.907857
4484,Kalimantan Barat,Kabupaten Ketapang,Kawasan Wisata Cempedak Jaya,-2.631552,110.125908
4485,Kalimantan Barat,Kabupaten Ketapang,Kawasan Wisata Keramat Akik,-1.839079,109.971771
4486,Kalimantan Barat,Kabupaten Ketapang,Keramat Botuh Bosi Pendaun,-1.836334,109.970398
4487,Kalimantan Barat,Kabupaten Ketapang,Keramat Butoh Telaga,-1.849437,109.973488
4488,Kalimantan Barat,Kabupaten Ketapang,Keramat Pateh Bangi,-1.821793,109.967651
4489,Kalimantan Barat,Kabupaten Ketapang,Keraton Kerajaan Matan ,-1.861682,109.98091
4490,Kalimantan Barat,Kabupaten Ketapang,Klenteng Tua Pek Kong,-1.846836,109.970047
4491,Kalimantan Barat,Kabupaten Ketapang,Kolam Renang Bambu,-1.835519,109.980011
4492,Kalimantan Barat,Kabupaten Ketapang,Komplek Kerajaan Ulu Aik,-1.120845,110.725021
4493,Kalimantan Barat,Kabupaten Ketapang,Makam Gusti Muhammad Sabran,-1.863623,109.980288
4494,Kalimantan Barat,Kabupaten Ketapang,Makam Gusti Muhammad Said,-1.864085,109.997864
4495,Kalimantan Barat,Kabupaten Ketapang,Makam Istana Raja (Sultan Muhammad Zainudin),-1.844977,109.973488
4496,Kalimantan Barat,Kabupaten Ketapang,Makam Keramat 7,-1.850077,109.993372
4497,Kalimantan Barat,Kabupaten Ketapang,Makam Keramat 9,-1.858792,110.019384
4498,Kalimantan Barat,Kabupaten Ketapang,Makam Pangeran Iranata,-1.84327,110.009234
4499,Kalimantan Barat,Kabupaten Ketapang,Makam Panglima Djampi,-1.82042,109.973145
4500,Kalimantan Barat,Kabupaten Ketapang,Makam Panglima Tentemak,-1.847872,109.981384
4501,Kalimantan Barat,Kabupaten Ketapang,Makam Ratu Elok,-2.456033,111.02972
4502,Kalimantan Barat,Kabupaten Ketapang,Makam Tanjung Pura,-1.725334,110.206694
4503,Kalimantan Barat,Kabupaten Ketapang,Makam Uti Unggal / Uti Usman,-1.867088,109.984131
4504,Kalimantan Barat,Kabupaten Ketapang,Mangrove Tembilok,-1.749955,109.976234
4505,Kalimantan Barat,Kabupaten Ketapang,masjid Agung Al-Ikhlas Ketapang,-1.838272,109.974053
4506,Kalimantan Barat,Kabupaten Ketapang,Monumen srikayung,-1.871205,109.975891
4507,Kalimantan Barat,Kabupaten Ketapang,Pantai Air Mata Permai,-1.744044,109.980609
4508,Kalimantan Barat,Kabupaten Ketapang,Pantai Kinjil Pesisir,-1.870062,109.954904
4509,Kalimantan Barat,Kabupaten Ketapang,Pantai Tanjung Bawang,-1.777046,109.929199
4510,Kalimantan Barat,Kabupaten Ketapang,Pantai Tanjung Belandang,-1.721832,109.994743
4511,Kalimantan Barat,Kabupaten Ketapang,Pulau Jambat,-1.833374,110.006104
4512,Kalimantan Barat,Kabupaten Ketapang,Pulau Katong,-1.849845,109.984131
4513,Kalimantan Barat,Kabupaten Ketapang,Pulau Kucing,-1.833374,109.995117
4514,Kalimantan Barat,Kabupaten Ketapang,Pulau Sahabat,-1.872321,109.989624
4515,Kalimantan Barat,Kabupaten Ketapang,Pulau Sempadi,-1.430756,110.016403
4516,Kalimantan Barat,Kabupaten Ketapang,Punjung Sama,-1.846499,109.974518
4517,Kalimantan Barat,Kabupaten Ketapang,Rapan Tanyar,-1.847314,109.971085
4518,Kalimantan Barat,Kabupaten Ketapang,Riam Botuh Badanggup,-1.826725,109.971771
4519,Kalimantan Barat,Kabupaten Ketapang,Riam Hantu,-1.806437,110.003357
4520,Kalimantan Barat,Kabupaten Ketapang,Riam Inam Kelima,-1.86297,110.007477
4521,Kalimantan Barat,Kabupaten Ketapang,Riam Inok,-1.82591,109.978638
4522,Kalimantan Barat,Kabupaten Ketapang,Riam Kekalap,-1.86846,109.988251
4523,Kalimantan Barat,Kabupaten Ketapang,Riam Kinjil Laman Satong,-1.842918,109.975548
4524,Kalimantan Barat,Kabupaten Ketapang,Riam Mengkunong,-1.829739,109.973488
4525,Kalimantan Barat,Kabupaten Ketapang,Riam Panjang,-1.85585,109.986877
4526,Kalimantan Barat,Kabupaten Ketapang,Riam Rayo,-1.795713,109.981384
4527,Kalimantan Barat,Kabupaten Ketapang,Riam Saworango,-1.841009,109.969025
4528,Kalimantan Barat,Kabupaten Ketapang,Rindu Alam Batu Menangis,-1.839636,109.974518
4529,Kalimantan Barat,Kabupaten Ketapang,Rumah Adat Dayak Betang Raya,-0.626004,110.438004
4530,Kalimantan Barat,Kabupaten Ketapang,Rumah Adat Dayak Kabupaten Ketapang,-1.838456,109.990067
4531,Kalimantan Barat,Kabupaten Ketapang,Rumah Adat Melayu Kabupaten Ketapang,-1.828837,110.003446
4532,Kalimantan Barat,Kabupaten Ketapang,Sungai Gentawang,-1.847614,110.006104
4533,Kalimantan Barat,Kabupaten Ketapang,Taman Kota Desa Sukaraja,-1.864085,109.992371
4534,Kalimantan Barat,Kabupaten Ketapang,Taman Kota Merdeka,-1.849939,109.970216
4535,Kalimantan Barat,Kabupaten Ketapang,Taman Kota Tanjung Pura,-1.845854,109.977712
4536,Kalimantan Barat,Kabupaten Ketapang,Taman Suci khaluad,-1.721783,110.189316
4537,Kalimantan Barat,Kabupaten Ketapang,Tropical Waterpark,-1.832886,109.973416
4538,Kalimantan Barat,Kabupaten Ketapang,Tugu Ale-Ale,-1.843321,109.969518
4539,Kalimantan Barat,Kabupaten Ketapang,Tugu Perdamaian,-1.849436,109.970602
4540,Kalimantan Barat,Kabupaten Ketapang,Tugu Rumah Melayu,-1.838692,109.978058
4541,Kalimantan Barat,Kabupaten Ketapang,Wisata Air Terjun Karang Dangin,-1.871205,109.989624
4542,Kalimantan Barat,Kabupaten Ketapang,Wisata Riam Malela Pota,-1.832216,109.981384
4543,Kalimantan Barat,Kabupaten Ketapang,Wisata Trojun Kulam Kampar Sebomban,-1.804764,110.018463
4544,Kalimantan Barat,Kabupaten Ketapang,Wisma Hulu Sungai,-1.836602,109.984474
4545,Kalimantan Barat,Kabupaten Kubu Raya,Agrowisata Edupark Rj-3,-6.2297465,106.829518
4546,Kalimantan Barat,Kabupaten Kubu Raya,Balek Kampoeng,-0.081914,109.247312
4547,Kalimantan Barat,Kabupaten Kubu Raya,Danau Ho'Ce,-0.165602,109.429917
4548,Kalimantan Barat,Kabupaten Kubu Raya,Ekowisata Beteng Batang,-0.600245,109.246738
4549,Kalimantan Barat,Kabupaten Kubu Raya,Ekowisata Teluk Bediri / Mangrove Sungai Kupah,0.030965,109.170756
4550,Kalimantan Barat,Kabupaten Kubu Raya,Equator Park,-0.0003,109.166948
4551,Kalimantan Barat,Kabupaten Kubu Raya,Hutan Albazia,-0.182422,109.443285
4552,Kalimantan Barat,Kabupaten Kubu Raya,Kampung Kencana,-0.057774,109.420534
4553,Kalimantan Barat,Kabupaten Kubu Raya,Kapal Motor Wisata Muare Kakap,-0.06341,109.176695
4554,Kalimantan Barat,Kabupaten Kubu Raya,Masjid At-Tamimi,0.015627,109.204048
4555,Kalimantan Barat,Kabupaten Kubu Raya,Paradis Q Water Park,-0.093499,109.370079
4556,Kalimantan Barat,Kabupaten Kubu Raya,Taman Mini Strawberry,-0.252938,109.358755
4557,Kalimantan Barat,Kabupaten Kubu Raya,Taman Rekadena,-0.008486,109.204112
4558,Kalimantan Barat,Kabupaten Kubu Raya,Wisata Puncak 5 Bemban,-0.368595,109.293623
4559,Kalimantan Barat,Kabupaten Landak,AIR MERAH,0.46583,109.9303
4560,Kalimantan Barat,Kabupaten Landak,air merah,0.46583,109.9303
4561,Kalimantan Barat,Kabupaten Landak,AIR TERJUN AMPAR JAWA,0.875961,110.181352
4562,Kalimantan Barat,Kabupaten Landak,AIR TERJUN AMPAR JAWA,0.875961,110.181352
4563,Kalimantan Barat,Kabupaten Landak,AIR TERJUN ANGAN TEMBAWANG,0.29546,110.097545
4564,Kalimantan Barat,Kabupaten Landak,AIR TERJUN ANGAN TEMBAWANG,0.29546,110.097545
4565,Kalimantan Barat,Kabupaten Landak,AIR TERJUN BANANGAR,0.817338,110.027716
4566,Kalimantan Barat,Kabupaten Landak,AIR TERJUN BANANGAR,0.817338,110.027716
4567,Kalimantan Barat,Kabupaten Landak,AIR TERJUN BEDAWAT,-0.844525,110.012172
4568,Kalimantan Barat,Kabupaten Landak,AIR TERJUN BEDAWAT,0.844525,110.012172
4569,Kalimantan Barat,Kabupaten Landak,AIR TERJUN DAIT,0.746648,110.196639
4570,Kalimantan Barat,Kabupaten Landak,AIR TERJUN DAIT,0.72655,110.21053
4571,Kalimantan Barat,Kabupaten Landak,AIR TERJUN ENTILIS,0.87754,110.16532
4572,Kalimantan Barat,Kabupaten Landak,AIR TERJUN ENTILIS,0.87754,110.16532
4573,Kalimantan Barat,Kabupaten Landak,AIR TERJUN KAJATO UNGA,0.858765295,110.0027692
4574,Kalimantan Barat,Kabupaten Landak,AIR TERJUN KAJATO UNGA,0.8587652949294255,110.00276917394
4575,Kalimantan Barat,Kabupaten Landak,AIR TERJUN KANNE,0.921277,109.919215
4576,Kalimantan Barat,Kabupaten Landak,AIR TERJUN MADIS,0.89643,110.16868
4577,Kalimantan Barat,Kabupaten Landak,AIR TERJUN MEROBAN,0.8643812324085297,110.14223223411535
4578,Kalimantan Barat,Kabupaten Landak,Air Terjun Panga'ak,-6.2297465,106.829518
4579,Kalimantan Barat,Kabupaten Landak,AIR TERJUN SENTAGUK,0.48277,109.932327
4580,Kalimantan Barat,Kabupaten Landak,AIR TERJUN SETEGUNG,0.8167,"109,387"
4581,Kalimantan Barat,Kabupaten Landak,AIR TERJUN SINAME,0.715537433427677,109.41637858185183
4582,Kalimantan Barat,Kabupaten Landak,AIR TERJUN TARISITN,0.532086,109.737328
4583,Kalimantan Barat,Kabupaten Landak,AIR TERJUN TERINTING,0.822294,110.110027
4584,Kalimantan Barat,Kabupaten Landak,AIR TERJUN TIKALONG,0.648115,109.396792
4585,Kalimantan Barat,Kabupaten Landak,AIR TERJUNG RINGIN,0.726756,110.135918
4586,Kalimantan Barat,Kabupaten Landak,AR TERJUN PAMAYONG,0.93112,109.92263
4587,Kalimantan Barat,Kabupaten Landak,BUKIT PADAKNG PAKUMBANG,0.448495,109.528226
4588,Kalimantan Barat,Kabupaten Landak,BUKIT SABU ENEK,0.23635,109.87288
4589,Kalimantan Barat,Kabupaten Landak,BUKIT TIANG,0.722183,109.471548
4590,Kalimantan Barat,Kabupaten Landak,CAGAR ALAM GUNUNG NIUT VEN RISSEN,1.0333941634771622,109.92509358726359
4591,Kalimantan Barat,Kabupaten Landak,"CAGAR ALAM MANDOR, LANDAK",0.4002263655813172,109.18495155624338
4592,Kalimantan Barat,Kabupaten Landak,"CAGAR ALAM MANDOR, LANDAK",0.4002263655813172,109.18495155624338
4593,Kalimantan Barat,Kabupaten Landak,DANAU MENGKADIKNG,0.272804,109.9336
4594,Kalimantan Barat,Kabupaten Landak,DANAU NIUT,0.92494,109.9343
4595,Kalimantan Barat,Kabupaten Landak,GOA ANDU,0.8379565912282543,110.13679881814818
4596,Kalimantan Barat,Kabupaten Landak,GOA KELELAWAR,0.837935,109.993333
4597,Kalimantan Barat,Kabupaten Landak,GOA SANJAN,0.83019,110.112435
4598,Kalimantan Barat,Kabupaten Landak,GOA SIMIRET,0.92852,109.92982
4599,Kalimantan Barat,Kabupaten Landak,GUA MARIA BANDOL,0.587344,110.118935
4600,Kalimantan Barat,Kabupaten Landak,JAJAK BURU,0.45366282556450443,109.60137859248778
4601,Kalimantan Barat,Kabupaten Landak,KERATON ISMAHAYANA,0.398096,109.95544
4602,Kalimantan Barat,Kabupaten Landak,MAKAM JUANG MANDOR,0.3193,109.33605
4603,Kalimantan Barat,Kabupaten Landak,MAKAM PAHLAWAN PAK KASIH,0.42181,109.75876
4604,Kalimantan Barat,Kabupaten Landak,MAKAM RAJA LANDAK,0.4178,109.951381
4605,Kalimantan Barat,Kabupaten Landak,PAGUNG BANBAN,0.86566,110.19209
4606,Kalimantan Barat,Kabupaten Landak,PANORAMA GUNUNG SEHAK,0.340714,109.63283
4607,Kalimantan Barat,Kabupaten Landak,PUNCAK SAKA AMPAT,0.464386,109.550822
4608,Kalimantan Barat,Kabupaten Landak,RADAKNG AYA' LANDAK,0.385127,109.933437
4609,Kalimantan Barat,Kabupaten Landak,RIAM JAMBU,0.741497,110.128057
4610,Kalimantan Barat,Kabupaten Landak,Riam Panga¡¯ak (air terjun),0.499732,109.76814
4611,Kalimantan Barat,Kabupaten Landak,RIAM PANJANG,0.45914,109.95137
4612,Kalimantan Barat,Kabupaten Landak,RIAM SEBEBAT,0.49430983450037314,109.95914855004172
4613,Kalimantan Barat,Kabupaten Landak,RIAM SOLAKNG,0.360855,109.598156
4614,Kalimantan Barat,Kabupaten Landak,RIAM STIIN,0.792225,109.9165158
4615,Kalimantan Barat,Kabupaten Landak,RUMAH RADAKNG SAHAPM,0.241081,109.681107
4616,Kalimantan Barat,Kabupaten Landak,TAMAN BACA NGABANG,0.401198,109.946485
4617,Kalimantan Barat,Kabupaten Landak,TAMAN KOTA INTAN,0.37796,109.94323
4618,Kalimantan Barat,Kabupaten Landak,TAMAN KOTA INTAN,0.379656,109.944826
4619,Kalimantan Barat,Kabupaten Landak,TAMAN LAN FANG,0.3133,109.34338
4620,Kalimantan Barat,Kabupaten Melawi, GROJOKAN,-0.301093,111.677786
4621,Kalimantan Barat,Kabupaten Melawi,Air Terjun /Riam Entoba,-6.2297465,106.829518
4622,Kalimantan Barat,Kabupaten Melawi,Air Terjun Batu Mapan,-6.2297465,106.829518
4623,Kalimantan Barat,Kabupaten Melawi,Air Terjun Nobung,-0.4302709,111.7139944
4624,Kalimantan Barat,Kabupaten Melawi,Dusun Kecukuh ,-0.273632,111.803127
4625,Kalimantan Barat,Kabupaten Melawi,Kelenteng Fuk Tet Chie,-0.3317574,111.7384214
4626,Kalimantan Barat,Kabupaten Melawi,Komplek Makam Tua/ Makam Kuno,-0.2621191,111.5554342
4627,Kalimantan Barat,Kabupaten Melawi,KOR-WK G&G,-0.690062,111.663319
4628,Kalimantan Barat,Kabupaten Melawi,KURNIA WATER PARK,-0.338943,111.729391
4629,Kalimantan Barat,Kabupaten Melawi,Kurnia Water park,-0.371093,111.711907
4630,Kalimantan Barat,Kabupaten Melawi,LEMPUNG KURNIA,-0.341432,111.744198
4631,Kalimantan Barat,Kabupaten Melawi,Lepung Kurnia,-0.3716144,111.7112131
4632,Kalimantan Barat,Kabupaten Melawi,Makam Abdul Kadir Raden Temenggung Setia Pahlawan,-0.0032676,111.73219
4633,Kalimantan Barat,Kabupaten Melawi,MATUARI WATER PARK,-0.333021,111.657657
4634,Kalimantan Barat,Kabupaten Melawi,Matuari Water Park,-0.301391,111.635049
4635,Kalimantan Barat,Kabupaten Melawi,Panorama Alam AS,-0.425139,111.7843863
4636,Kalimantan Barat,Kabupaten Melawi,Riam Batu Licin,-0.4621034,111.7174543
4637,Kalimantan Barat,Kabupaten Melawi,RIAM KIJANG/WISATA BELABAN,-0.717526,111.65822
4638,Kalimantan Barat,Kabupaten Melawi,Riam Sahai Sentulang,-0.6679251,111.7435696
4639,Kalimantan Barat,Kabupaten Melawi,RINDU ALAM,-0.734004,111.712653
4640,Kalimantan Barat,Kabupaten Melawi,Rindu Alam ,-0.509232,111.802604
4641,Kalimantan Barat,Kabupaten Melawi,Rumah  Konselir (Kontrol Militer Belanda),-0.3308823,111.7366281
4642,Kalimantan Barat,Kabupaten Melawi,RUMAH BETANG PAROKI MANGGALA,-0.713063,111.666747
4643,Kalimantan Barat,Kabupaten Melawi,Rumah Betang Tumenggung Muyank,-0.4302709,111.7139944
4644,Kalimantan Barat,Kabupaten Melawi,Tangsi Tentara Belanda (Benteng Tentara),-0.3308823,111.7366281
4645,Kalimantan Barat,Kabupaten Melawi,Tugu RIS,-0.3303702,111.7345891
4646,Kalimantan Barat,Kabupaten Melawi,WISATA AIR TERJUN NTOBA,-0.713063,111.653209
4647,Kalimantan Barat,Kabupaten Melawi,wisata bukit lintang,-6.2297465,106.829518
4648,Kalimantan Barat,Kabupaten Mempawah,  Pulau Pedamaran,0.49620060931368853,108.91075487569798
4649,Kalimantan Barat,Kabupaten Mempawah,AIR TERJUN PAK  UTAN ,0.4098836114157565,109.22502452122987
4650,Kalimantan Barat,Kabupaten Mempawah,Air Terjun Sambora ,0.3494403718181045,109.27724861534342
4651,Kalimantan Barat,Kabupaten Mempawah,AIR TERJUN SAMBORA,-0.357495,109.256497
4652,Kalimantan Barat,Kabupaten Mempawah,Air Terjun Tudong Saji,0.17635490846085355,109.23523226006084
4653,Kalimantan Barat,Kabupaten Mempawah,BATU PABEAK ,0.5344402432618031,109.1594787
4654,Kalimantan Barat,Kabupaten Mempawah,Benteng Kota Batu ,0.3713723854675104,108.96168446589414
4655,Kalimantan Barat,Kabupaten Mempawah,BENTENG KOTA BATU ,0.371222,108.961676
4656,Kalimantan Barat,Kabupaten Mempawah,Bukit Sadaniang,0.5492688458875603,109.14415368248494
4657,Kalimantan Barat,Kabupaten Mempawah,Bukit Sekabuk Batu Kayau,0.5482653957750454,109.14384550844312
4658,Kalimantan Barat,Kabupaten Mempawah,BUKIT SELIUNG ,-0.275654,109.088845
4659,Kalimantan Barat,Kabupaten Mempawah,Danau Nempong,0.4144008676770657,109.22227478259205
4660,Kalimantan Barat,Kabupaten Mempawah,Danau Putlong,0.41457252455890875,109.22227478259205
4661,Kalimantan Barat,Kabupaten Mempawah,Goa Kame,0.4142292107914822,109.2221031212263
4662,Kalimantan Barat,Kabupaten Mempawah,GOA MARIA ANJONGAN ,0.35579,109.18405
4663,Kalimantan Barat,Kabupaten Mempawah,GOA MARIA RATU TOHO,0.39053,109.18078
4664,Kalimantan Barat,Kabupaten Mempawah,Goa Maria Rivotorto,0.41457252455890875,109.22193145986056
4665,Kalimantan Barat,Kabupaten Mempawah,GOA MARIA St BERNADETTE,0.43197,109.2348
4666,Kalimantan Barat,Kabupaten Mempawah,Gua Maria Anjungan ,0.3547687855433715,109.18400076589421
4667,Kalimantan Barat,Kabupaten Mempawah,Gua Maria Ratu ,0.4098668995971106,109.21259576589401
4668,Kalimantan Barat,Kabupaten Mempawah,Gua Maria St Bernadete ,0.43118815663969884,109.23487119472985
4669,Kalimantan Barat,Kabupaten Mempawah,ISTANA KERATON AMANTUBILLAH ,0.371114,108.96112
4670,Kalimantan Barat,Kabupaten Mempawah,JUNGKAT RESORT ,0.06445310360709898,109.19122398465657
4671,Kalimantan Barat,Kabupaten Mempawah,JUNGKAT RESORT ,-0.065418,109.192135
4672,Kalimantan Barat,Kabupaten Mempawah,Kawasan Keramat Kalimantan BARAT KEC. SADANIANG ,0.5496121528490323,109.14415368248494
4673,Kalimantan Barat,Kabupaten Mempawah,Kawasan Makam Penembahan Senggauk,0.4144008676770657,109.22227478259205
4674,Kalimantan Barat,Kabupaten Mempawah,Keraton Amantubillah ,0.37112797166490613,108.96104418465659
4675,Kalimantan Barat,Kabupaten Mempawah,Klenteng Kong Khew Pak Kung,0.27865441682537123,109.07486882981793
4676,Kalimantan Barat,Kabupaten Mempawah,Klenteng Lo Fong Pak,0.2779677794315111,109.07418218435498
4677,Kalimantan Barat,Kabupaten Mempawah,Komplek Makam Raja-Raja Mempawah ,0.372213885463586,108.96193696589411
4678,Kalimantan Barat,Kabupaten Mempawah,KOMPLEK MAKAM RATU KESUMBA (MAKAM-MAKAM KETURUNAN RAJA-RAJA MEMPAWAH-LANDAK),0.37207,108.961766
4679,Kalimantan Barat,Kabupaten Mempawah,Makam Assayid Ali Bin Muhammad Al Mahdaly,0.36443149630991445,108.9549015321013
4680,Kalimantan Barat,Kabupaten Mempawah,MAKAM DAENG FATIMAH ,0.36443149630991445,108.95481570141845
4681,Kalimantan Barat,Kabupaten Mempawah,Makam Daeng Talibe,0.36443149630991445,108.9549015321013
4682,Kalimantan Barat,Kabupaten Mempawah,MAKAM HABIB HUSEIN ,0.37803,108.96408
4683,Kalimantan Barat,Kabupaten Mempawah,Makam Imam Kulat,0.3646031542095096,108.95481570141845
4684,Kalimantan Barat,Kabupaten Mempawah,MAKAM JAMIATUL KHAIR ,0.36443149630991445,108.9549015321013
4685,Kalimantan Barat,Kabupaten Mempawah,Makam Keramat Jin,0.36443149630991445,108.9549015321013
4686,Kalimantan Barat,Kabupaten Mempawah,Makam Keramat Kepiting,0.36443149630991445,108.9549015321013
4687,Kalimantan Barat,Kabupaten Mempawah,MAKAM KERAMAT SONGKOK ,0.36443149630991445,108.95481570141845
4688,Kalimantan Barat,Kabupaten Mempawah,Makam Keramat Suduk-Suduk,0.36451732526012554,108.9549015321013
4689,Kalimantan Barat,Kabupaten Mempawah,Makam Keramat Wan Salim,0.3646031542095096,108.9549015321013
4690,Kalimantan Barat,Kabupaten Mempawah,Makam Nek Ugur,0.5494404993707517,109.14415368248494
4691,Kalimantan Barat,Kabupaten Mempawah,Makam Opu Berahima,0.36451732526012554,108.9549015321013
4692,Kalimantan Barat,Kabupaten Mempawah,Makam Opu Daeng Manambon ,0.4044227856865374,109.02483180000002
4693,Kalimantan Barat,Kabupaten Mempawah,MAKAM OPU DAENG MANAMBON,0.40442,109.024882
4694,Kalimantan Barat,Kabupaten Mempawah,MAKAM PANEMBAHAN ADINATA ,0.3642598384070497,108.95481570141845
4695,Kalimantan Barat,Kabupaten Mempawah,Makam Patih Patinggi,0.4140575539021839,109.2221031212263
4696,Kalimantan Barat,Kabupaten Mempawah,Makam Ratu Intan,0.3646031542095096,108.95481570141845
4697,Kalimantan Barat,Kabupaten Mempawah,Makam Sheikh Ali Assagaf,0.3643456673588892,108.95481570141845
4698,Kalimantan Barat,Kabupaten Mempawah,Makam Sheikh Hafal,0.3643456673588892,108.9549015321013
4699,Kalimantan Barat,Kabupaten Mempawah,Makam Syeikh H.M Ali Pattani,0.3643456673588892,108.9549873627842
4700,Kalimantan Barat,Kabupaten Mempawah,MANGROVE POLARIA TANJUNG PAGAR ,0.46184924996,108.933182
4701,Kalimantan Barat,Kabupaten Mempawah,MANGROVE SUNGAI BAKAU ,0.289405,109.034024
4702,Kalimantan Barat,Kabupaten Mempawah,MANGROVE SUNGAI PINYUH ,0.26476,109.068422
4703,Kalimantan Barat,Kabupaten Mempawah,MASJID AGUNG AL FALAH MEMPAWAH ,0.365823,108.9524
4704,Kalimantan Barat,Kabupaten Mempawah,MASJID JAMI'ATUL KHAIR ,0.36980038612450394,108.960711
4705,Kalimantan Barat,Kabupaten Mempawah,Mempawah Mangrove Park ,0.39768458623781916,108.94655012002642
4706,Kalimantan Barat,Kabupaten Mempawah,MEMPAWAH MANGROVE PARK,0.396998,108.946378
4707,Kalimantan Barat,Kabupaten Mempawah,MEMPAWAH WATERFRONT ,0.362163,108.961165
4708,Kalimantan Barat,Kabupaten Mempawah,NEK KEBAK ,0.36113167654583367,109.16593544400139
4709,Kalimantan Barat,Kabupaten Mempawah,PANTAI KERAMAT KEPITING ,0.31622,108.967271
4710,Kalimantan Barat,Kabupaten Mempawah,PANTAI MANGROVE TANJUNG BURUNG ,0.322858,108.927911
4711,Kalimantan Barat,Kabupaten Mempawah,Panyugu Bukit Badayu,0.4144008676770657,109.22244644395778
4712,Kalimantan Barat,Kabupaten Mempawah,Panyugu Galumpakng,0.41005526839497547,109.22502452122987
4713,Kalimantan Barat,Kabupaten Mempawah,PULAU BABI ,0.09240201189750204,109.27638269759441
4714,Kalimantan Barat,Kabupaten Mempawah,PULAU BUMIN ,0.0921959624070404,109.27914332365354
4715,Kalimantan Barat,Kabupaten Mempawah,Pulau Datuk ,0.12923005700957316,108.60551662692198
4716,Kalimantan Barat,Kabupaten Mempawah,PULAU PANJANG ,0.0921959624070404,109.28927134423213
4717,Kalimantan Barat,Kabupaten Mempawah,PULAU PENGIKI KECIL ,0.2498712435208954,108.03333312641958
4718,Kalimantan Barat,Kabupaten Mempawah,PULAU PENGKI BESAR ,0.24134760118488963,108.04057237301217
4719,Kalimantan Barat,Kabupaten Mempawah,PULAU PENIBUNG ,0.40542,108.93265
4720,Kalimantan Barat,Kabupaten Mempawah,Pulau Setinjan ,0.367734,108.743354
4721,Kalimantan Barat,Kabupaten Mempawah,PULAU TEMAJO,0.50102,108.84642
4722,Kalimantan Barat,Kabupaten Mempawah,Riam Ampar,0.4142292107914822,109.22227478259205
4723,Kalimantan Barat,Kabupaten Mempawah,RIAM BUGURUH ,0.5523061846172304,109.11641672551605
4724,Kalimantan Barat,Kabupaten Mempawah,Riam Jungsen,0.4142292107914822,109.22193145986056
4725,Kalimantan Barat,Kabupaten Mempawah,Riam Manggong,0.4144008676770657,109.22193145986056
4726,Kalimantan Barat,Kabupaten Mempawah,Riam Pinggan,0.41457252455890875,109.22227478259205
4727,Kalimantan Barat,Kabupaten Mempawah,Riam Sakawan,0.41457252455890875,109.22244644395778
4728,Kalimantan Barat,Kabupaten Mempawah,Rumah Adat Dayak Anjungan,0.3613033345080476,109.16559212126991
4729,Kalimantan Barat,Kabupaten Mempawah,Rumah Adat Dayak Sadaniang,0.5496121528490323,109.14415368248494
4730,Kalimantan Barat,Kabupaten Mempawah,Rumah Adat Dayak Toho,0.4142292107914822,109.2221031212263
4731,Kalimantan Barat,Kabupaten Mempawah,RUMAH BUDAYA MELAYU ,0.366263,108.953663
4732,Kalimantan Barat,Kabupaten Mempawah,Rumah Bugis Menjadi Warisan Budaya Mempawah,0.36443149630991445,108.9549015321013
4733,Kalimantan Barat,Kabupaten Mempawah,Rumah Peninggalan Belanda,0.2779677794315111,109.07418218435498
4734,Kalimantan Barat,Kabupaten Mempawah,Sheikh Muqarabbin Al-Qatiri,0.36451732526012554,108.95481570141845
4735,Kalimantan Barat,Kabupaten Mempawah,TAMAN BESTARI MEMPAWAH,0.356456,108.962578
4736,Kalimantan Barat,Kabupaten Mempawah,TEMAJO BAY RESORT,0.51109,108.84781
4737,Kalimantan Barat,Kabupaten Mempawah,Tepekong (La Tai Pak),0.2779677794315111,109.07624212074386
4738,Kalimantan Barat,Kabupaten Mempawah,Wisata Nusantara ,0.4025091285736155,108.94709796931313
4739,Kalimantan Barat,Kabupaten Mempawah,WISATA NUSANTARA,0.402498,108.947195
4740,Kalimantan Barat,Kabupaten Sambas, Kelenteng Sam Bong Ja. Sam San Ket Bong,1.36398,109.29731
4741,Kalimantan Barat,Kabupaten Sambas,Agro Wisata Buah Naga Jawai,1.3343324484087697,109.03875252741437
4742,Kalimantan Barat,Kabupaten Sambas,Agro Wisata Buah Nenas,1.364624485,109.21269522866
4743,Kalimantan Barat,Kabupaten Sambas,Agro Wisata kota Jeruk Tebas,1.175566958330376,109.17026710912617
4744,Kalimantan Barat,Kabupaten Sambas,Agro Wisata Matang Nangka,1.2426448546,109.085276727
4745,Kalimantan Barat,Kabupaten Sambas,Air Terjun Gunung Pangi,1.837308668,109.383806204
4746,Kalimantan Barat,Kabupaten Sambas,Air Terjun Gunung Selindung,1.121500392,108.993422471
4747,Kalimantan Barat,Kabupaten Sambas,Air Terjun Riam Berasap Kaliau',1.63079,109.64466
4748,Kalimantan Barat,Kabupaten Sambas,Air Terjun Teluk Nibung,1.87436807604,109.40715215236
4749,Kalimantan Barat,Kabupaten Sambas,Bangunan Kantor Kewedanaan Balairung Sari,1.5755215499,109.3330131
4750,Kalimantan Barat,Kabupaten Sambas,Batu  Bejamban,1.8769757833,109.450007107
4751,Kalimantan Barat,Kabupaten Sambas,Batu Betarup,1.6242322867,109.3493917
4752,Kalimantan Barat,Kabupaten Sambas,Batu Lapak,1.271579719062061,108.98765182599054
4753,Kalimantan Barat,Kabupaten Sambas,Batu Nenek,2.01894718153,109.6014829
4754,Kalimantan Barat,Kabupaten Sambas,Benteng Peninggalan Belanda,1.15534701864,108.9482983172
4755,Kalimantan Barat,Kabupaten Sambas,Bukit Piantus,1.4599588352034918,109.31491902243401
4756,Kalimantan Barat,Kabupaten Sambas,Bukit Piantus,1.4911801209,109.32047653
4757,Kalimantan Barat,Kabupaten Sambas,Crab Village Temajuk ,1.9876991022874162,109.58617988010586
4758,Kalimantan Barat,Kabupaten Sambas,Danau Biru,1.06351513504,109.120875845
4759,Kalimantan Barat,Kabupaten Sambas,Danau Sebedang,1.257936744989279,109.19530562363161
4760,Kalimantan Barat,Kabupaten Sambas,Danau Sebedang,1.25811,109.19525
4761,Kalimantan Barat,Kabupaten Sambas,Dermaga Asam Jawe,1.892211215,109.4044055
4762,Kalimantan Barat,Kabupaten Sambas,Dermaga Wisata Sambas,1.38992349,109.31831505
4763,Kalimantan Barat,Kabupaten Sambas,Desa Sumber Harapan,1.38493,109.361962
4764,Kalimantan Barat,Kabupaten Sambas,Ekowisata Mangrove Sebubus,1.7885940309555661,109.33217501652108
4765,Kalimantan Barat,Kabupaten Sambas,Ekowisata Mangrove Setingga,1.78402,109.33462
4766,Kalimantan Barat,Kabupaten Sambas,Goa Kelelawar,1.244351205,109.095578655
4767,Kalimantan Barat,Kabupaten Sambas,Goa Maria Santok,1.61612,109.49274
4768,Kalimantan Barat,Kabupaten Sambas,Gunung Senujuh,1.440474232909415,109.44777543527867
4769,Kalimantan Barat,Kabupaten Sambas,Gunung Senujuh,1.440495684,109.447829
4770,Kalimantan Barat,Kabupaten Sambas,Hutan Hujan Tropis Tanjung Dato,1.9586111226,109.529466
4771,Kalimantan Barat,Kabupaten Sambas,Istana Alwatzikhoebillah Sambas,1.3621154177152062,109.31562110846941
4772,Kalimantan Barat,Kabupaten Sambas,Istana Keraton  Alwatzikhobillah Sambas,1.36197,109.3156
4773,Kalimantan Barat,Kabupaten Sambas,Jembataan Gerrattak Batu,1.356730289,109.2964628
4774,Kalimantan Barat,Kabupaten Sambas,Jembatan Gerattak Asam,1.359176163,109.315603693
4775,Kalimantan Barat,Kabupaten Sambas,Kebun Raya Sambas,1.27108,109.48517
4776,Kalimantan Barat,Kabupaten Sambas,Makam  Pangeran Timba' Bayi,1.05723401,108.968669
4777,Kalimantan Barat,Kabupaten Sambas,Makam  Ratu Anom Kesuma Yuda,1.0696816063,108.99979462
4778,Kalimantan Barat,Kabupaten Sambas,Makam  Syech Muhammad Sattaruddin,1.581546456,109.3602938
4779,Kalimantan Barat,Kabupaten Sambas,Makam Bujang Nadi Dare Nandung ,1.2635,109.1795
4780,Kalimantan Barat,Kabupaten Sambas,Makam Dato Timalar Aziz Bujang,1.59338208616,109.32232359
4781,Kalimantan Barat,Kabupaten Sambas,Makam F.J Sorg ,1.15294424697,108.98142896129
4782,Kalimantan Barat,Kabupaten Sambas,Makam Keramat Bantilan,1.4112353501,109.4039
4783,Kalimantan Barat,Kabupaten Sambas,Makam Keramat Dato' Sanggup,1.605107798,109.31521877
4784,Kalimantan Barat,Kabupaten Sambas,Makam Keramat Sungai Kumpai,1.4657516138,109.19300037
4785,Kalimantan Barat,Kabupaten Sambas,Makam Kesultan Sambas dan Kerabat,1.37722,109.31518
4786,Kalimantan Barat,Kabupaten Sambas,Makam Petinggi Tekarang,1.2852724821,109.099297014
4787,Kalimantan Barat,Kabupaten Sambas,Makam Petinggi Tekarang,1.2852724821,109.099297014
4788,Kalimantan Barat,Kabupaten Sambas,Makam Ratu Sepundak,1.50577,109.36829
4789,Kalimantan Barat,Kabupaten Sambas,Makam Tuk Kullub Sejangkung,1.459894483,109.314940481
4790,Kalimantan Barat,Kabupaten Sambas,Markas  Polisi Belanda,1.17619106,108.97035502
4791,Kalimantan Barat,Kabupaten Sambas,Masjid Jami' Kesultanan Sambas,1.37515,109.31792
4792,Kalimantan Barat,Kabupaten Sambas,Museum Daerah Sambas,1.36481,109.29716
4793,Kalimantan Barat,Kabupaten Sambas,Museum Tamadun Islam,1.356705,109.315327
4794,Kalimantan Barat,Kabupaten Sambas,Muzeum khasanah Melayu H.Subhan Nur,1.3689004564,109.2962237
4795,Kalimantan Barat,Kabupaten Sambas,Pantai  Taman Wisata Bahari,1.2951367905708715,109.00982244820962
4796,Kalimantan Barat,Kabupaten Sambas,Pantai Banyuan,1.84005383,109.39204595
4797,Kalimantan Barat,Kabupaten Sambas,Pantai Batu Pipih,1.87985829,109.4304981
4798,Kalimantan Barat,Kabupaten Sambas,Pantai Camar Bulan,1.992341189708762,109.58931838195315
4799,Kalimantan Barat,Kabupaten Sambas,Pantai Camar Bulan,1.9923859,109.5892211
4800,Kalimantan Barat,Kabupaten Sambas,Pantai Dataran Merdeka,1.540573,109.1128496
4801,Kalimantan Barat,Kabupaten Sambas,Pantai Datok Buntar,1.31439005371,109.025306876
4802,Kalimantan Barat,Kabupaten Sambas,Pantai Harapan,1.6317222,109.218769
4803,Kalimantan Barat,Kabupaten Sambas,Pantai JLO,2.0323093557973,109.6089442873117
4804,Kalimantan Barat,Kabupaten Sambas,Pantai Kahona,1.465094857,109.038525082
4805,Kalimantan Barat,Kabupaten Sambas,Pantai Kalimantan Paloh,1.84966189,109.4002856
4806,Kalimantan Barat,Kabupaten Sambas,Pantai Kampak Indah,1.96017178783,109.350546466
4807,Kalimantan Barat,Kabupaten Sambas,Pantai Katsuri Indah,1.4475503249415531,109.03619231008457
4808,Kalimantan Barat,Kabupaten Sambas,Pantai Muare Jalan Indah,1.55567376906,109.1293788113
4809,Kalimantan Barat,Kabupaten Sambas,Pantai Natuna Indah,1.0550923,108.9666603984
4810,Kalimantan Barat,Kabupaten Sambas,Pantai Polaria ,1.0360131846,108.96953966
4811,Kalimantan Barat,Kabupaten Sambas,Pantai Pulau Selimpai,1.7852182,109.2965136
4812,Kalimantan Barat,Kabupaten Sambas,Pantai Putri Serayi,1.278014246823314,108.99268181091475
4813,Kalimantan Barat,Kabupaten Sambas,Pantai Putri Serayi,1.27844,108.99264
4814,Kalimantan Barat,Kabupaten Sambas,Pantai Rindu Samudera,1.90958132213,109.328424659
4815,Kalimantan Barat,Kabupaten Sambas,Pantai Saadi/Terigas,1.0043112931197,108.97869207278
4816,Kalimantan Barat,Kabupaten Sambas,Pantai Saaidi/ Terigas,1.0568086304,108.999619381
4817,Kalimantan Barat,Kabupaten Sambas,Pantai Sinam,1.165987188,108.97679
4818,Kalimantan Barat,Kabupaten Sambas,Pantai Sungai Belacan,1.9443576828520326,109.37528214378317
4819,Kalimantan Barat,Kabupaten Sambas,Pantai Tanjung Batu ,1.157062631,108.979536
4820,Kalimantan Barat,Kabupaten Sambas,Pantai Tanjung Lestari Paloh ,1.6326494,109.2217426
4821,Kalimantan Barat,Kabupaten Sambas,Pantai Tanjung Terabitan,1.5488098212,109.111476364
4822,Kalimantan Barat,Kabupaten Sambas,Pantai Telok Atong Bahari,2.0317440087,109.60804756
4823,Kalimantan Barat,Kabupaten Sambas,Pantai Teluk  Cemara  Guntung,1.908681642,109.3824329
4824,Kalimantan Barat,Kabupaten Sambas,Pantai Tiara,2.0294838598437273,109.60778857094216
4825,Kalimantan Barat,Kabupaten Sambas,Perkebunan Lada,1.90181898501,109.4305050321
4826,Kalimantan Barat,Kabupaten Sambas,Perkebunan Sawo Tekarang,1.302289403,109.1015371
4827,Kalimantan Barat,Kabupaten Sambas,Pondok Sambas,1.3498686838212968,109.28979598002363
4828,Kalimantan Barat,Kabupaten Sambas,Ramin Bantang Sungai Rambah,1.32568,109.2795
4829,Kalimantan Barat,Kabupaten Sambas,Resort Camar Bulan,1.9929625903499533,109.59185981356971
4830,Kalimantan Barat,Kabupaten Sambas,Riam Banokng,1.663695236411498,109.60364136528366
4831,Kalimantan Barat,Kabupaten Sambas,Riam Berasap,1.6306685371802363,109.64469191007016
4832,Kalimantan Barat,Kabupaten Sambas,Riam Sunge Banokng,1.660969304,109.6043
4833,Kalimantan Barat,Kabupaten Sambas,Rumah Batu,1.2052025612,109.44910952
4834,Kalimantan Barat,Kabupaten Sambas,Rumah Kediaman H. Sood Datuk Kaya Lela Mahkota,1.36677135,109.30828
4835,Kalimantan Barat,Kabupaten Sambas,Rumah Makan Vaksa,1.35580149,109.29381565
4836,Kalimantan Barat,Kabupaten Sambas,Rumah Petinggi Tekarang,1.30449364613,109.10616347
4837,Kalimantan Barat,Kabupaten Sambas,Rumah Petinggi Tekarang,1.285542,109.1163458
4838,Kalimantan Barat,Kabupaten Sambas,Rumah Tahanan Belanda,1.17636268763,108.970569604
4839,Kalimantan Barat,Kabupaten Sambas,Rumah Terbalik,1.9896,109.59075
4840,Kalimantan Barat,Kabupaten Sambas,Surau Peninggalan Raden Sulaiman,1.28992,109.17492
4841,Kalimantan Barat,Kabupaten Sambas,Taman Istana  Putri Danau Sebedang,1.2612873567,109.176594135
4842,Kalimantan Barat,Kabupaten Sambas,Taman Lunggi Sambas,1.36454144,109.3230984
4843,Kalimantan Barat,Kabupaten Sambas,Taman Rekreasi Batu Bejamban,1.877113186,109.4153918986
4844,Kalimantan Barat,Kabupaten Sambas,Taman Rekreasi Batu Mak Jage,1.1934159,109.199788829
4845,Kalimantan Barat,Kabupaten Sambas,Taman Wisata Alam Gunung Asuansang ,1.801158071,109.483204497
4846,Kalimantan Barat,Kabupaten Sambas,Taman Wisata Alam Gunung Dungun,1.4558751,109.0520094
4847,Kalimantan Barat,Kabupaten Sambas,Taman Wisata Alam Sungai Liku,1.7433012,109.3164602
4848,Kalimantan Barat,Kabupaten Sambas,Taman Wisata Alam Tanjung Belimbing,1.795456411,109.30944862
4849,Kalimantan Barat,Kabupaten Sambas,Taman Wisata Bahari,1.2963,109.00863
4850,Kalimantan Barat,Kabupaten Sambas,Taman Wista Alam Gunung Melintang,1.719199085,109.5791482
4851,Kalimantan Barat,Kabupaten Sambas,Tanjung Api,1.9351354712067521,109.3333357548151
4852,Kalimantan Barat,Kabupaten Sambas,Tanjung Api,1.944335,109.3460614
4853,Kalimantan Barat,Kabupaten Sambas,Tanjung Monang,1.47536148463,109.22321278
4854,Kalimantan Barat,Kabupaten Sambas,Teluk Atong,2.0440202847997084,109.61521457279788
4855,Kalimantan Barat,Kabupaten Sambas,Toa Kelenteng Ular Putih,1.15287815,108.96848018
4856,Kalimantan Barat,Kabupaten Sambas,Toa Pekong Dewi Kwan In,1.13039,108.968143
4857,Kalimantan Barat,Kabupaten Sambas,Tugu Fasisme,1.16049580822,"108,984"
4858,Kalimantan Barat,Kabupaten Sambas,Waterfront City Sambas,1.3639,109.31477
4859,Kalimantan Barat,Kabupaten Sanggau,ADAT NYESER TOPENG AMOT,0.16818287788507688,110.21074865384742
4860,Kalimantan Barat,Kabupaten Sanggau,AIR TERJUN KUJATO,0.6851817354064528,110.2950979399682
4861,Kalimantan Barat,Kabupaten Sanggau,AIR TERJUN RIAM KECALA,0.18817,110.68857
4862,Kalimantan Barat,Kabupaten Sanggau,AIR TERJUN SAKA DUA,-0.04024,110.5365
4863,Kalimantan Barat,Kabupaten Sanggau,BATU BATUKA',0.43852053285203874,110.59863567951182
4864,Kalimantan Barat,Kabupaten Sanggau,BATU POSOK,0.08172369534968461,110.67506593068818
4865,Kalimantan Barat,Kabupaten Sanggau,BATU SAMPAI,0.12222041030846656,110.6216963543144
4866,Kalimantan Barat,Kabupaten Sanggau,BETANG DOMONG SEMBILAN RAJA SEPULOH,-0.13143,110.15214
4867,Kalimantan Barat,Kabupaten Sanggau,BUKIT BAHU,0.58956,110.57644
4868,Kalimantan Barat,Kabupaten Sanggau,BUKIT BAKMUNT,0.46631543671307585,110.58181222275394
4869,Kalimantan Barat,Kabupaten Sanggau,BUKIT BUHUNUAHK,0.44517934147462324,110.6092370349292
4870,Kalimantan Barat,Kabupaten Sanggau,BUKIT MACAN,-0.02438,110.56695
4871,Kalimantan Barat,Kabupaten Sanggau,DANAU BELIBIS,0.04983,110.00407
4872,Kalimantan Barat,Kabupaten Sanggau,DANAU LAET,0.00034,109.91684
4873,Kalimantan Barat,Kabupaten Sanggau,DESA ADAT TAE,0.20493871776094946,110.10849928357668
4874,Kalimantan Barat,Kabupaten Sanggau,DESA ADAT TAPANG SEBELUH MALENGGANG,0.7904531444647493,110.69129253963767
4875,Kalimantan Barat,Kabupaten Sanggau,GOA THANG RAYA,0.7467220895242882,110.35160790022636
4876,Kalimantan Barat,Kabupaten Sanggau,GUNUNG BOANG,0.2004291414747789,110.5832472968748
4877,Kalimantan Barat,Kabupaten Sanggau,GUNUNG TIONG KANDANG,0.1433206498314822,110.02192356931154
4878,Kalimantan Barat,Kabupaten Sanggau,HUTAN BARU KARANG,0.8054918076846567,110.26219712500743
4879,Kalimantan Barat,Kabupaten Sanggau,KAMPUNG WISATA SANTANA,0.12216,110.60854
4880,Kalimantan Barat,Kabupaten Sanggau,KERATON PAKU NEGARA TAYAN,-0.03788,110.12093
4881,Kalimantan Barat,Kabupaten Sanggau,KERATON SURYA NEGARA,0.12308,110.60525
4882,Kalimantan Barat,Kabupaten Sanggau,MAKAM RAJA MENGKIANG,0.24775,110.63487
4883,Kalimantan Barat,Kabupaten Sanggau,PADONG PANGERAN,0.8209561641242181,110.4374375
4884,Kalimantan Barat,Kabupaten Sanggau,PANCUR AJI,0.11766,110.56921
4885,Kalimantan Barat,Kabupaten Sanggau,RIAM ENSILING,-0.15724,110.09317
4886,Kalimantan Barat,Kabupaten Sanggau,RIAM MACAN,0.16507,110.54276
4887,Kalimantan Barat,Kabupaten Sanggau,RIAM ODONG,0.5643662825066145,110.7265473430375
4888,Kalimantan Barat,Kabupaten Sanggau,RUMAH BETANG DORI' MPULOR,0.16093,110.50693
4889,Kalimantan Barat,Kabupaten Sanggau,RUMAH PANCA GUNUNG MENTUANG,0.9027660401666177,110.26832206401066
4890,Kalimantan Barat,Kabupaten Sanggau,RUMAH PANCA PUNTU MANG PIHIT,0.8116402877044748,110.44866141534423
4891,Kalimantan Barat,Kabupaten Sanggau,RUMAH PANJANG NEK KOPAR,0.2820161491889705,110.52973092040995
4892,Kalimantan Barat,Kabupaten Sanggau,SIPANT LOTUP,0.39728,110.82126
4893,Kalimantan Barat,Kabupaten Sanggau,TEMBAWANG TAMPUN JUAH,0.8382859473793663,110.60737216931152
4894,Kalimantan Barat,Kabupaten Sanggau,WISATA MY DREAM,0.13803,110.53772
4895,Kalimantan Barat,Kabupaten Sekadau,AGRO WISATA GHASE,-0.137404769560147,110.89611800657022
4896,Kalimantan Barat,Kabupaten Sekadau,AGRO WISATA GHASE,-0.137404769560147,110.89611800657022
4897,Kalimantan Barat,Kabupaten Sekadau,AGRO WISATA KANAAN,0.0012911865219911369,110.89582087565577
4898,Kalimantan Barat,Kabupaten Sekadau,AIR PODANG SUNGAI AYAK,0.136691,111.092961
4899,Kalimantan Barat,Kabupaten Sekadau,AIR TERJUN CUCI KAIN,-0.4653713439441659,110.62890755661078
4900,Kalimantan Barat,Kabupaten Sekadau,AIR TERJUN ENTUGUN,-0.4657444021875001,110.65003789450704
4901,Kalimantan Barat,Kabupaten Sekadau,AIR TERJUN GURUNG SUMPIT,0.27642,111.012726
4902,Kalimantan Barat,Kabupaten Sekadau,AIR TERJUN MENYUMBUNG,0.104811,111.041367
4903,Kalimantan Barat,Kabupaten Sekadau,AIR TERJUN SIRING PUNTI,-0.2828,110.884471
4904,Kalimantan Barat,Kabupaten Sekadau,AIR TERJUN SIRING PUPUK,-0.28177,110.896459
4905,Kalimantan Barat,Kabupaten Sekadau,AIR TERJUN SUNSONG,-0.324684,111.020077
4906,Kalimantan Barat,Kabupaten Sekadau,AIR TERJUN TENGAI,-0.412916,110.681516
4907,Kalimantan Barat,Kabupaten Sekadau,AIR TERJUN TINGKAT TUJUH,-0.36235,110.839978
4908,Kalimantan Barat,Kabupaten Sekadau,BATU BERTULIS,-0.4776201596168741,110.8352698251977
4909,Kalimantan Barat,Kabupaten Sekadau,BATU JATO,-0.355043,110.832356
4910,Kalimantan Barat,Kabupaten Sekadau,BATU NUAK,-0.2705588881883815,110.83371470021763
4911,Kalimantan Barat,Kabupaten Sekadau,DANAU SIMPI,0.132169,111.089642
4912,Kalimantan Barat,Kabupaten Sekadau,DANAU SIMPI,0.132169,111.089642
4913,Kalimantan Barat,Kabupaten Sekadau,GOA LAWANG KUARI,0.02989310084095684,110.85230327341479
4914,Kalimantan Barat,Kabupaten Sekadau,KAKI RIAM,-0.17843,110.820594
4915,Kalimantan Barat,Kabupaten Sekadau,KALAI SAGO,-0.284221,110.901389
4916,Kalimantan Barat,Kabupaten Sekadau,KALAI SUSU,-0.341899,110.828765
4917,Kalimantan Barat,Kabupaten Sekadau,KERATON KUSUMA NEGARA,0.01617793375974592,110.90080278912255
4918,Kalimantan Barat,Kabupaten Sekadau,PEMANDIAN BATU TINGGI,0.02147783668764221,110.89699640831343
4919,Kalimantan Barat,Kabupaten Sekadau,PEMANDIAN GUNAM,-0.0036109470505745174,110.96035462365403
4920,Kalimantan Barat,Kabupaten Sekadau,PENANJUNG ISLAND,0.010816563212579228,110.90598314054293
4921,Kalimantan Barat,Kabupaten Sekadau,RIAM BANGKAI,-0.382018,110.744733
4922,Kalimantan Barat,Kabupaten Sekadau,RIAM KAPAT,-0.265977,110.955507
4923,Kalimantan Barat,Kabupaten Sekadau,RIAM PULAU,-0.334641,110.751247
4924,Kalimantan Barat,Kabupaten Sekadau,RIAM SAMPIN,-0.187357,110.945931
4925,Kalimantan Barat,Kabupaten Sekadau,RUMAH BETANG YOUTH CENTER,0.018577120227634056,110.88882182418772
4926,Kalimantan Barat,Kabupaten Sekadau,SIRING KUKO,-0.343567,110.828789
4927,Kalimantan Barat,Kabupaten Sekadau,SUMBER AIR PANAS,0.652053,111.144703
4928,Kalimantan Barat,Kabupaten Sekadau,TAMAN KELEMPIAU,0.009330351264920936,111.10212182793575
4929,Kalimantan Barat,Kabupaten Sintang,Galeri Motor Bandong,0.083041,111.566598
4930,Kalimantan Barat,Kabupaten Sintang,Galeri Motor Bandong,0.084199,111.594238
4931,Kalimantan Barat,Kabupaten Sintang,Hutan Wisata Baning,0.064684,111.508738
4932,Kalimantan Barat,Kabupaten Sintang,Hutan Wisata Baning,0.071554,111.508859
4933,Kalimantan Barat,Kabupaten Sintang,Istana Al Mukarrahmah,0.082129,111.491218
4934,Kalimantan Barat,Kabupaten Sintang,Istana Al- Mukarrahmah,0.0823,111.489901
4935,Kalimantan Barat,Kabupaten Sintang,Keling Kumang Agro Wisata,0.069222,111.63215
4936,Kalimantan Barat,Kabupaten Sintang,Keling Kumang Agro Wisata,0.064734,111.630109
4937,Kalimantan Barat,Kabupaten Sintang,Museum Kapuas Raya,0.08552,111.556878
4938,Kalimantan Barat,Kabupaten Sintang,Museum Kapuas Raya,0.083098,111.577243
4939,Kalimantan Barat,Kabupaten Sintang,Panorama Kedah,0.037878,111.360464
4940,Kalimantan Barat,Kabupaten Sintang,Panorama Kedah Tempunak,0.037529,111.362198
4941,Kalimantan Barat,Kabupaten Sintang,Pendakian Puncak Bukit  Bukit Raya Jalur Kalbar,499,"112,558"
4942,Kalimantan Barat,Kabupaten Sintang,Rumah Betang Ensaid Panjang,0.100744,111.731442
4943,Kalimantan Barat,Kabupaten Sintang,Rumah Betang Ensaid Panjang,0.10865,111.72
4944,Kalimantan Barat,Kabupaten Sintang,"Taman Nasional Bukit Baka, Bukit Raya",-0.023518,112.295326
4945,Kalimantan Barat,Kabupaten Sintang,Taman Wisata Alam (TWA) Gunung Kelam,0.08294,111.685955
4946,Kalimantan Barat,Kabupaten Sintang,Taman Wisata Alam Gunung Kelam,0.079994,111.636427
4947,Kalimantan Barat,Kabupaten Sintang,Waterfront Sintang,0.080595,111.485456
4948,Kalimantan Barat,Kota Pontianak,Aloe  Vera Center,-0.00155,109.36165
4949,Kalimantan Barat,Kota Pontianak,Digulis Extrem Park dan Skate Park,-0.05494,109.35094
4950,Kalimantan Barat,Kota Pontianak,Hutan Arboretum Sylva Universitas Tanjung Pura ,-0.05553,109.34944
4951,Kalimantan Barat,Kota Pontianak,Istana Sultan Pontianak Kadriah,-0.02862,109.34984
4952,Kalimantan Barat,Kota Pontianak,Jogging Track Untan,-0.05511,109.35013
4953,Kalimantan Barat,Kota Pontianak,Kampung Beting ,-0.02513,109.34648
4954,Kalimantan Barat,Kota Pontianak,Kampung Wisata BML Kelurahan Melayu Laut,-0.031253,109.346905
4955,Kalimantan Barat,Kota Pontianak,Kampung wisata BML/Kampung Wisata Warna Warni Kuantan,-0.04578,109.35826
4956,Kalimantan Barat,Kota Pontianak,Kampung Wisata Tenun Khatulistiwa,0.009855,109.308654
4957,Kalimantan Barat,Kota Pontianak,Ketedral St. Joseph,-0.02721,109.33842
4958,Kalimantan Barat,Kota Pontianak,Makam Kesultanan Pontianak,-0.00596,109.30054
4959,Kalimantan Barat,Kota Pontianak,Masjid Raya Mujahidin ,-0.04141,109.33616
4960,Kalimantan Barat,Kota Pontianak,Masjid Sultan Syarif Abdurrahman,-0.02605,109.34771
4961,Kalimantan Barat,Kota Pontianak,Museum Kalimantan Barat,-0.04832,109.3428
4962,Kalimantan Barat,Kota Pontianak,Rumah Adat Melayu ,-0.04524,109.32064
4963,Kalimantan Barat,Kota Pontianak,Rumah Betang ,-0.04344,109.34071
4964,Kalimantan Barat,Kota Pontianak,Rumah radankng,-0.04609,109.31917
4965,Kalimantan Barat,Kota Pontianak,Taman  Alun Kapuas,-0.0214,109.33936
4966,Kalimantan Barat,Kota Pontianak,Taman Catur Untan ,-0.05461,109.34864
4967,Kalimantan Barat,Kota Pontianak,Taman Digulis Pontianak,-0.05506,109.35004
4968,Kalimantan Barat,Kota Pontianak,Tugu Khatulistiwa ,-0.00125,109.32214
4969,Kalimantan Barat,Kota Pontianak,Tugu Perintis,-0.055339,109.34945
4970,Kalimantan Barat,Kota Pontianak,Vihara Bhodisatva Karaniya Metta,-0.02313,109.34189
4971,Kalimantan Barat,Kota Pontianak,Waterfront Benua Melayu Laut,-0.02875,109.34597
4972,Kalimantan Barat,Kota Singkawang,Agro wisata Buyfres Bayfarm,0.86469,109.09459
4973,Kalimantan Barat,Kota Singkawang,Agro Wisata Jeruk Siam,-6.2297465,106.829518
4974,Kalimantan Barat,Kota Singkawang,Agro Wisata Taman Buah,-6.2297465,106.829518
4975,Kalimantan Barat,Kota Singkawang,Air Terjun Eria,0.868382,109.076569
4976,Kalimantan Barat,Kota Singkawang,Air Terjun Sariung,0.853809,109.089963
4977,Kalimantan Barat,Kota Singkawang,Air Terjun Sibohe,0.864885,109.040777
4978,Kalimantan Barat,Kota Singkawang,Batu Belimbing,0.875286,109.053691
4979,Kalimantan Barat,Kota Singkawang,Bukit Nario,-6.2297465,106.829518
4980,Kalimantan Barat,Kota Singkawang,Bukit Roban,0.886398,109.01039
4981,Kalimantan Barat,Kota Singkawang,Bumi Berkemah Sakong,0.796756,109.03612
4982,Kalimantan Barat,Kota Singkawang,Danau Serantangan,0.767941,109.022326
4983,Kalimantan Barat,Kota Singkawang,Danau Tadow Indah,0.865352,108.918073
4984,Kalimantan Barat,Kota Singkawang,Dayang Resort,0.83596,108.89924
4985,Kalimantan Barat,Kota Singkawang,Dayang Resort Singkawang,0.835861,108.899327
4986,Kalimantan Barat,Kota Singkawang,Desa Wisata Bagak sahwa,0.867305,109.094029
4987,Kalimantan Barat,Kota Singkawang,Desa Wisata Jarum Nas,-6.2297465,106.829518
4988,Kalimantan Barat,Kota Singkawang,Embung Pajintan,-6.2297465,106.829518
4989,Kalimantan Barat,Kota Singkawang,Gedung Landtood,-6.2297465,106.829518
4990,Kalimantan Barat,Kota Singkawang,Gedung Veter Avdelinh,-6.2297465,106.829518
4991,Kalimantan Barat,Kota Singkawang,Gunung Bagak Sahwa,0.835519,109.085189
4992,Kalimantan Barat,Kota Singkawang,Gunung Pasi,0.849753,109.000234
4993,Kalimantan Barat,Kota Singkawang,Gunung Sari,0.885532,108.970862
4994,Kalimantan Barat,Kota Singkawang,Hutan Pinus Sagatani,-6.2297465,106.829518
4995,Kalimantan Barat,Kota Singkawang,Kawasan Mangrove Setapuk,0.982732,108.979385
4996,Kalimantan Barat,Kota Singkawang,Kawasan Usaha Pembuatan Keramik,-6.2297465,106.829518
4997,Kalimantan Barat,Kota Singkawang,Lorong Haritage l dan ll,0.908041,108.988231
4998,Kalimantan Barat,Kota Singkawang,Masjid Raya Singkawang,0.910745,108.98886
4999,Kalimantan Barat,Kota Singkawang,Mes Daerah,0.9121,108.990564
5000,Kalimantan Barat,Kota Singkawang,Palam Beach,0.855822,108.890362
5001,Kalimantan Barat,Kota Singkawang,Pantai Batu Burung,0.865836,108.905856
5002,Kalimantan Barat,Kota Singkawang,Pantai Geratis,0.845394,108.879578
5003,Kalimantan Barat,Kota Singkawang,Pasar Baru,0.903593,108.994484
5004,Kalimantan Barat,Kota Singkawang,Pasar Hongkong,0.908094,108.991214
5005,Kalimantan Barat,Kota Singkawang,Pasir Panjang Indah,0.847547,108.882316
5006,Kalimantan Barat,Kota Singkawang,PEGUENA CASE,0.903178,108.993849
5007,Kalimantan Barat,Kota Singkawang,Perkampungan Nelayan Teluk Mak Jantu,0.865379,108.903843
5008,Kalimantan Barat,Kota Singkawang,Riam Sikalaek,-6.2297465,106.829518
5009,Kalimantan Barat,Kota Singkawang,Rumah Keluarga Karel Alberth Rudolfh,-6.2297465,106.829518
5010,Kalimantan Barat,Kota Singkawang,Rumah Tua Marga Tjhia,0.910509,108.990469
5011,Kalimantan Barat,Kota Singkawang,SINKA ISLAND PARK ( TELUK MAK JANTU ),0.865854,108.901006
5012,Kalimantan Barat,Kota Singkawang,Sungai Hang Moi,0.861276,109.025212
5013,Kalimantan Barat,Kota Singkawang,Taman Buah,-6.2297465,106.829518
5014,Kalimantan Barat,Kota Singkawang,Taman Burung,0.912639,108.990512
5015,Kalimantan Barat,Kota Singkawang,Taman Cahaya Madani,0.908041,108.988231
5016,Kalimantan Barat,Kota Singkawang,Taman Cinta Water Boom,0.883689,109.034684
5017,Kalimantan Barat,Kota Singkawang,Taman Gunung Sari,0.886501,108.982216
5018,Kalimantan Barat,Kota Singkawang,Taman Pasir Panjang Indah,0.847991,108.882243
5019,Kalimantan Barat,Kota Singkawang,Taman Rekreasi Bukit Bougenvile,0.843406,108.969286
5020,Kalimantan Barat,Kota Singkawang,Taman Teratai Indah,0.893782,108.991196
5021,Kalimantan Barat,Kota Singkawang,Tanjung Bajau,0.865708,108.899525
5022,Kalimantan Barat,Kota Singkawang,Tanjung Bajau Resort,0.85954,108.892683
5023,Kalimantan Barat,Kota Singkawang,TERATAI INDAH,0.893733,108.991288
5024,Kalimantan Barat,Kota Singkawang,Vihara Surga Neraka,0.839904,108.989085
5025,Kalimantan Barat,Kota Singkawang,Vihara Thai Pak Kung,0.887545,109.018093
5026,Kalimantan Barat,Kota Singkawang,Vihara Tri Dharma,0.909534,108.988995
5027,Kalimantan Barat,Kota Singkawang,Villa Bukit Mas,0.890504,108.972542
5028,Kalimantan Barat,Kota Singkawang,Waterboom Gunung Jempol,0.88357,109.035219
5029,Kalimantan Barat,Kota Singkawang,Waterfront Kuala Singkawang,0.919137,108.968905
5030,Kalimantan Barat,Kota Singkawang,Wisata Mangrove Kuala,0.922955,108.962301
5031,Kalimantan Selatan,Kabupaten Balangan,Air Terjun Anggang,-2.25535452316734,115.79478470148466
5032,Kalimantan Selatan,Kabupaten Balangan,Air Terjun Batarius,-2.3614262411903373,115.73083071009127
5033,Kalimantan Selatan,Kabupaten Balangan,Air Terjun Batarius,-2.361329759636244,115.73085214504255
5034,Kalimantan Selatan,Kabupaten Balangan,Air Terjun Manyandar,-2.225865568859761,115.78257354772042
5035,Kalimantan Selatan,Kabupaten Balangan,Air Terjun Riam Bainggi,-2.48332919493703,115.64884296846797
5036,Kalimantan Selatan,Kabupaten Balangan,Air Terjun Sidandu,-2.1573134384932566,115.69562938478059
5037,Kalimantan Selatan,Kabupaten Balangan,Air Terjun Tayak,-2.330230458076323,115.76646217940178
5038,Kalimantan Selatan,Kabupaten Balangan,Air Terjun Tayak,-2.3301018191660945,115.76649436830505
5039,Kalimantan Selatan,Kabupaten Balangan,Arum Jeram Nanai,-2.4623016200496073,115.68099059718747
5040,Kalimantan Selatan,Kabupaten Balangan,Baruh Bahinu,-2.3557119348364113,115.53074262601264
5041,Kalimantan Selatan,Kabupaten Balangan,Bukit Balawanai,-2.2128226810645812,115.68558488310688
5042,Kalimantan Selatan,Kabupaten Balangan,Danau Baruh Bahinu Binjai Bersinar,-2.3743320462398807,115.53483030823824
5043,Kalimantan Selatan,Kabupaten Balangan,Desa Wisata Budaya Wadian Tambai,-2.257289576903122,115.66002060973017
5044,Kalimantan Selatan,Kabupaten Balangan,Goa Gunung Batu,-2.4384468719549446,115.61193652392313
5045,Kalimantan Selatan,Kabupaten Balangan,Goa Landak,-2.140778039161398,115.65080554318581
5046,Kalimantan Selatan,Kabupaten Balangan,Goa Rumio,-6.2297465,106.829518
5047,Kalimantan Selatan,Kabupaten Balangan,Gua Gunung Batu,-2.4493774536886757,115.59947152837523
5048,Kalimantan Selatan,Kabupaten Balangan,Gunung Belawan,-2.2128441233658043,115.6853917665166
5049,Kalimantan Selatan,Kabupaten Balangan,Gunung Hauk,-2.493774602707107,115.67769479730399
5050,Kalimantan Selatan,Kabupaten Balangan,Gunung Hauk dan Arus Deras Nanai,-2.4937156492833106,115.67783426961765
5051,Kalimantan Selatan,Kabupaten Balangan,Lok Buntar Sawang,-2.364935184641024,115.75881131265605
5052,Kalimantan Selatan,Kabupaten Balangan,Makam Datu Kandang Haji,-2.262228153216751,115.58742221098828
5053,Kalimantan Selatan,Kabupaten Balangan,Mekar Sari,-6.2297465,106.829518
5054,Kalimantan Selatan,Kabupaten Balangan,Mingwai,-2.250577337020649,115.65242571781633
5055,Kalimantan Selatan,Kabupaten Balangan,Pasar Budaya Racah Mampulang,-2.3241498994104606,115.48252658465503
5056,Kalimantan Selatan,Kabupaten Balangan,Puncak Belawanai,-2.197752415665401,115.68432162510086
5057,Kalimantan Selatan,Kabupaten Balangan,Racah  Mampulang,-2.3250360324768704,115.48258916328342
5058,Kalimantan Selatan,Kabupaten Balangan,Riam Bainggi,-2.4832809598095773,115.64887515241983
5059,Kalimantan Selatan,Kabupaten Balangan,Sungai Maranting,-2.445398778797842,115.62576882429569
5060,Kalimantan Selatan,Kabupaten Balangan,Taman Bunga Mekar Sari,-2.3662297204153218,115.35220273892736
5061,Kalimantan Selatan,Kabupaten Balangan,Watu Badinding,-2.1422370212254163,115.6515251693108
5062,Kalimantan Selatan,Kabupaten Balangan,Watu Badinding,-2.142773086447901,115.65168609904926
5063,Kalimantan Selatan,Kabupaten Banjar,Air Terjun Janda Beranak 3,-3.528317,114.92092
5064,Kalimantan Selatan,Kabupaten Banjar,Air Terjun Lembah Kahung,-3.690348,115.03046
5065,Kalimantan Selatan,Kabupaten Banjar,Air Terjun Mandin Mangapan,-2.8578521,115.5497838
5066,Kalimantan Selatan,Kabupaten Banjar,Alimpung Island,-3.521353,115.009623
5067,Kalimantan Selatan,Kabupaten Banjar,ALUN-ALUN RATU ZALECHA,-3.409802,114.849698
5068,Kalimantan Selatan,Kabupaten Banjar,Batu Balian,-3.6063684,115.0809754
5069,Kalimantan Selatan,Kabupaten Banjar,Benteng Oranje Nassau,-3.3046181,115.1049677
5070,Kalimantan Selatan,Kabupaten Banjar,Bukit Batas,-3.547944,115.041794
5071,Kalimantan Selatan,Kabupaten Banjar,Bukit Batu,-3.4985879,115.0717729
5072,Kalimantan Selatan,Kabupaten Banjar,Cahaya Bumi Selamat,-3.4084831,114.8487525
5073,Kalimantan Selatan,Kabupaten Banjar,Danau Riam Kanan,-3.5190115,115.0101658
5074,Kalimantan Selatan,Kabupaten Banjar,Kiram Panorama Alam Roh Kalimantan,-3.555986,114.907555
5075,Kalimantan Selatan,Kabupaten Banjar,Kiram Park,-3.5524374,114.8981272
5076,Kalimantan Selatan,Kabupaten Banjar,Kolam Pemancingan H. Junai,-3.413429,114.823406
5077,Kalimantan Selatan,Kabupaten Banjar,Makam Datu Kelampaian,-3.3565359,114.8709589
5078,Kalimantan Selatan,Kabupaten Banjar,Makam Datu Syekh Abdul Hamid Abulung,-3.351366,114.813856
5079,Kalimantan Selatan,Kabupaten Banjar,Makam Guru Sekumpul,-3.4275254,114.8555638
5080,Kalimantan Selatan,Kabupaten Banjar,Makam KH Anang Jazuly Semman,-3.420552,114.850999
5081,Kalimantan Selatan,Kabupaten Banjar,Makam Syekh Aminullah (Datu Bagul),-3.384972,114.810744
5082,Kalimantan Selatan,Kabupaten Banjar,Makam Syekh Kasyful Anwar,-3.37416,114.838993
5083,Kalimantan Selatan,Kabupaten Banjar,Makam Syekh Sya'rani Arif,-3.390405,114.842137
5084,Kalimantan Selatan,Kabupaten Banjar,Masjid Agung  Al Karomah,-3.4047127,114.8481553
5085,Kalimantan Selatan,Kabupaten Banjar,Matang Kaladan,-3.5267619,115.009985
5086,Kalimantan Selatan,Kabupaten Banjar,Murung Batu Laba,-3.518987,115.062024
5087,Kalimantan Selatan,Kabupaten Banjar,Pasar Terapung Lok Baintan,-3.2909649,114.6606471
5088,Kalimantan Selatan,Kabupaten Banjar,Pulau Pinus 2,-3.5363572,115.0541984
5089,Kalimantan Selatan,Kabupaten Banjar,Pusat Informasi Pariwisata dan Penggosokan Intan,-3.4366857,114.8481312
5090,Kalimantan Selatan,Kabupaten Banjar,Radja Banjar  Sentral Oleh-Oleh Martapura,-3.407686,114.847716
5091,Kalimantan Selatan,Kabupaten Banjar,Rumah Adat Banjar,-3.3774825,114.8330616
5092,Kalimantan Selatan,Kabupaten Banjar,Tahura Sultan Adam Mandiangin,-3.517255,114.944115
5093,Kalimantan Selatan,Kabupaten Banjar,TOKO KALIMANTAN`S BATU PERMATA,-3.408785,114.849399
5094,Kalimantan Selatan,Kabupaten Banjar,Villa Sungai Luar,-3.515477,115.063895
5095,Kalimantan Selatan,Kabupaten Banjar,WADUK RIAM KANAN,-3.526223,115.067249
5096,Kalimantan Selatan,Kabupaten Banjar,Waterboom Pesona Modern,-3.3883887,114.6492682
5097,Kalimantan Selatan,Kabupaten Banjar,Wisata Agro Borneo Wonder Land,-3.420796,115.048183
5098,Kalimantan Selatan,Kabupaten Banjar,Wisata Arus Alam Sungai Kembang,-3.511324,114.999442
5099,Kalimantan Selatan,Kabupaten Banjar,Wisata Danau Tamiyang,-3.46442,114.95961
5100,Kalimantan Selatan,Kabupaten Banjar,Wisata Katulistiwa,-3.3205515,114.7794409
5101,Kalimantan Selatan,Kabupaten Barito Kuala,Agropolitan Terantang (Kampung Inggris),-3.172268,114.627837
5102,Kalimantan Selatan,Kabupaten Barito Kuala,Agropolitan Trantang ( Kampung Inggris ),-3.1663578,114.6623694
5103,Kalimantan Selatan,Kabupaten Barito Kuala,Agrowisata Talaran Setara,-2.920168,114.72262
5104,Kalimantan Selatan,Kabupaten Barito Kuala,Bekantan Research Station Curiak Island,-3.209389,114.548342
5105,Kalimantan Selatan,Kabupaten Barito Kuala,Desa Wisata Muara Kanoco,-6.2297465,106.829518
5106,Kalimantan Selatan,Kabupaten Barito Kuala,Jejangkit Eco Park,-3.189419,114.76204
5107,Kalimantan Selatan,Kabupaten Barito Kuala,Jembatan Barito dan RTH,-3.226429,114.571123
5108,Kalimantan Selatan,Kabupaten Barito Kuala,Jembatan Barito dan RTH,-3.2170788,114.5625825
5109,Kalimantan Selatan,Kabupaten Barito Kuala,Jembatan Rumpiang dan RTH,-3.001038,114.773369
5110,Kalimantan Selatan,Kabupaten Barito Kuala,Jembatan Rumpiang dan RTH,-3.0089134,114.7785973
5111,Kalimantan Selatan,Kabupaten Barito Kuala,Makam Datu Abdussamad,-2.9821317,114.769425417
5112,Kalimantan Selatan,Kabupaten Barito Kuala,Makam Datuk H. Abdussamad,-2.982077,114.771598
5113,Kalimantan Selatan,Kabupaten Barito Kuala,Pulau Bakut,-3.216417,114.5588117
5114,Kalimantan Selatan,Kabupaten Barito Kuala,Pulau Kembang,-3.2977695,114.5608971
5115,Kalimantan Selatan,Kabupaten Barito Kuala,Siring Ulek Marabahan,-2.973781,114.754491
5116,Kalimantan Selatan,Kabupaten Barito Kuala,Susur Sungai Barito,-2.977623,114.765433
5117,Kalimantan Selatan,Kabupaten Barito Kuala,Susur Sungai Barito,-2.978045,114.766514
5118,Kalimantan Selatan,Kabupaten Barito Kuala,Taman Wisata Alam Pulau Bakut,-3.215444,114.556922
5119,Kalimantan Selatan,Kabupaten Barito Kuala,Taman Wisata Alam Pulau Kembang,-3.29943,114.560982
5120,Kalimantan Selatan,Kabupaten Barito Kuala,Ulek Marabahan,-2.9781,114.7668
5121,Kalimantan Selatan,Kabupaten Hulu Sungai Selatan,Air Terjun Haratai,-2.775334,115.54638
5122,Kalimantan Selatan,Kabupaten Hulu Sungai Selatan,Air Terjun Riam Barajang,-2.80484,115.505171
5123,Kalimantan Selatan,Kabupaten Hulu Sungai Selatan,Air Terjun Riam Hanai,-2.806919,115.505231
5124,Kalimantan Selatan,Kabupaten Hulu Sungai Selatan,Air Terjun Sumaragi,-2.776265,115.373144
5125,Kalimantan Selatan,Kabupaten Hulu Sungai Selatan,Air Terjun Tangkaramin,-2.854909,115.385489
5126,Kalimantan Selatan,Kabupaten Hulu Sungai Selatan,Balai Malaris,-2.805245,115.500576
5127,Kalimantan Selatan,Kabupaten Hulu Sungai Selatan,Bamboo Rafting Loksado,-2.795203,115.494478
5128,Kalimantan Selatan,Kabupaten Hulu Sungai Selatan,Bukit Bakuncir,-2.757405,115.37417
5129,Kalimantan Selatan,Kabupaten Hulu Sungai Selatan,Bukit Bakuncir,-2.755362,115.381271
5130,Kalimantan Selatan,Kabupaten Hulu Sungai Selatan,Bukit Batu  Beduduk ,-2.748146,115.370742
5131,Kalimantan Selatan,Kabupaten Hulu Sungai Selatan,Bukit Halinjuangan,-2.821027,115.34048
5132,Kalimantan Selatan,Kabupaten Hulu Sungai Selatan,Bukit Hantayung,-2.775922,115.364907
5133,Kalimantan Selatan,Kabupaten Hulu Sungai Selatan,Bukit Hantayung,-2.789541,115.397431
5134,Kalimantan Selatan,Kabupaten Hulu Sungai Selatan,Bukit Langara,-2.811749,115.418686
5135,Kalimantan Selatan,Kabupaten Hulu Sungai Selatan,Bukit Langara,-2.810057,115.419512
5136,Kalimantan Selatan,Kabupaten Hulu Sungai Selatan,Goa Batu Singa,-2.831117,115.318593
5137,Kalimantan Selatan,Kabupaten Hulu Sungai Selatan,Kalang Hadangan,-2.577033,115.143912
5138,Kalimantan Selatan,Kabupaten Hulu Sungai Selatan,Kilat Api,-2.786095,115.453064
5139,Kalimantan Selatan,Kabupaten Hulu Sungai Selatan,Kubah Guru Kapuh (Tgh. Muhammad Ridwan Baseri),-2.803326,115.240438
5140,Kalimantan Selatan,Kabupaten Hulu Sungai Selatan,Makam Datu Abbas ,-2.809237,115.220547
5141,Kalimantan Selatan,Kabupaten Hulu Sungai Selatan,Makam Habib Abu Bakar (Habib Lumpangi),-2.811269,115.417672
5142,Kalimantan Selatan,Kabupaten Hulu Sungai Selatan,Makam Keramat Datu Taniran,-2.736943,115.276404
5143,Kalimantan Selatan,Kabupaten Hulu Sungai Selatan,Makam Syekh Ahmad (Datu Balimau),-2.821985,115.145631
5144,Kalimantan Selatan,Kabupaten Hulu Sungai Selatan,Museum Rakat Mufakat,-2.804976,115.259107
5145,Kalimantan Selatan,Kabupaten Hulu Sungai Selatan,Objek Wisata Air Panas Tanuhi,-2.791468,115.452733
5146,Kalimantan Selatan,Kabupaten Hulu Sungai Selatan,Pemandian Air Panas Tanuhi,-2.791574,115.452592
5147,Kalimantan Selatan,Kabupaten Hulu Sungai Selatan,Riam Barajang,-2.804756,115.505159
5148,Kalimantan Selatan,Kabupaten Hulu Sungai Selatan,Riam Pagat Batu,-2.819356,115.430858
5149,Kalimantan Selatan,Kabupaten Hulu Sungai Selatan,Salam Kangan ,-2.6056,115.099396
5150,Kalimantan Selatan,Kabupaten Hulu Sungai Selatan,Weitkawa,-2.553963,115.146056
5151,Kalimantan Selatan,Kabupaten Hulu Sungai Selatan,Wisata Pariangan,-2.84114,115.342644
5152,Kalimantan Selatan,Kabupaten Hulu Sungai Selatan,Wisata Pariangan,-2.840924,115.341909
5153,Kalimantan Selatan,Kabupaten Hulu Sungai Selatan,Wisata Religi Datu Balimau,-2.830571,115.120106
5154,Kalimantan Selatan,Kabupaten Hulu Sungai Selatan,Wisata Religi Datu Taniran,-2.736973,115.276399
5155,Kalimantan Selatan,Kabupaten Hulu Sungai Selatan,Wisata Religi Makam Guru Kapuh,-2.805863,115.239636
5156,Kalimantan Selatan,Kabupaten Hulu Sungai Selatan,Wisata Religi Masjid Su'ada,-2.809915,115.218131
5157,Kalimantan Selatan,Kabupaten Hulu Sungai Selatan,Wisata Sederhana Sungai Pegunungan,-2.863032,115.31479
5158,Kalimantan Selatan,Kabupaten Hulu Sungai Tengah,Air Terjun Mantawila,-2.638859,334195.506449
5159,Kalimantan Selatan,Kabupaten Hulu Sungai Tengah,Air Terjun Siwalangan,-2.735749,328795.458784
5160,Kalimantan Selatan,Kabupaten Hulu Sungai Tengah,Air Terjun Tagur Anginan,-2.716116,318715.367116
5161,Kalimantan Selatan,Kabupaten Hulu Sungai Tengah,Alai Meratus Rafting,-2.523889,340315.561873
5162,Kalimantan Selatan,Kabupaten Hulu Sungai Tengah,Baruh Bunga,-2.636758,325555.427479
5163,Kalimantan Selatan,Kabupaten Hulu Sungai Tengah,Batu Bagapit,-2.655247,327715.448083
5164,Kalimantan Selatan,Kabupaten Hulu Sungai Tengah,Bujur Matahari,-2.594438,323755.412693
5165,Kalimantan Selatan,Kabupaten Hulu Sungai Tengah,Bukit  Titi,-2.502662,337795.527275
5166,Kalimantan Selatan,Kabupaten Hulu Sungai Tengah,Goa Limbuhang Haliau,-2.637759,325555.428088
5167,Kalimantan Selatan,Kabupaten Hulu Sungai Tengah,Gunung Halau Halau,-2.711034,347515.626056
5168,Kalimantan Selatan,Kabupaten Hulu Sungai Tengah,Kampung Bamboe,-2.57268,337435.535002
5169,Kalimantan Selatan,Kabupaten Hulu Sungai Tengah,Kebun Kita Ecolodge,-2.604039,332035.488102
5170,Kalimantan Selatan,Kabupaten Hulu Sungai Tengah,Kolam Renang Taal,-2.641426,115.370232
5171,Kalimantan Selatan,Kabupaten Hulu Sungai Tengah,Kuliner Kue Cincin,-2.508014,323035.406112
5172,Kalimantan Selatan,Kabupaten Hulu Sungai Tengah,Lok Raga Ria,-2.712415,319435.373159
5173,Kalimantan Selatan,Kabupaten Hulu Sungai Tengah,Manggasang,-2.641401,327715.450059
5174,Kalimantan Selatan,Kabupaten Hulu Sungai Tengah,Pulau Mas,-2.647827,325555.430073
5175,Kalimantan Selatan,Kabupaten Hulu Sungai Tengah,Puncak Priuk,-2.689428,344275.570453
5176,Kalimantan Selatan,Kabupaten Hulu Sungai Tengah,Puncak Titian Musang,-2.674924,335275.515524
5177,Kalimantan Selatan,Kabupaten Hulu Sungai Tengah,RIAM BAJANDIK,-2.6442902,115.4300394
5178,Kalimantan Selatan,Kabupaten Hulu Sungai Tengah,TAGUR HANTUL,-2.644458,115.484443
5179,Kalimantan Selatan,Kabupaten Hulu Sungai Tengah,WATERBOOM MERATUS,-2.650394,115.469306
5180,Kalimantan Selatan,Kabupaten Hulu Sungai Tengah,Wisata Pagat Batu Benawa,-2.631414,324835.422232
5181,Kalimantan Selatan,Kabupaten Hulu Sungai Tengah,Wisata Pantai Nateh Meratus,-2.521338,339235.553826
5182,Kalimantan Selatan,Kabupaten Hulu Sungai Utara,Candi Agung Amuntai,-2.413591811898658,115.2482936249286
5183,Kalimantan Selatan,Kabupaten Hulu Sungai Utara,GALERI KEMBANG ILUNG,-2.422812,115.208311
5184,Kalimantan Selatan,Kabupaten Hulu Sungai Utara,Kembang Ilung,-6.2297465,106.829518
5185,Kalimantan Selatan,Kabupaten Hulu Sungai Utara,Kerajinan Rotan dan Bambu,-2.387444460671183,115.24885287257527
5186,Kalimantan Selatan,Kabupaten Hulu Sungai Utara,Kerbau Rawa Bara Rawa,-2.2866076938910718,115.02496960309452
5187,Kalimantan Selatan,Kabupaten Hulu Sungai Utara,Kolam Pancing Tampakang,-2.40434,115.016749
5188,Kalimantan Selatan,Kabupaten Hulu Sungai Utara,Makam Syekh Sayid Sulaiman (Pakacangan),-2.4138712891994953,115.25601732492858
5189,Kalimantan Selatan,Kabupaten Hulu Sungai Utara,Makan Syekh Sayid Sulaiman,-2.395059289538534,115.28378128259935
5190,Kalimantan Selatan,Kabupaten Hulu Sungai Utara,Mesjid Assu'adda,-2.436197664254674,115.21082588075153
5191,Kalimantan Selatan,Kabupaten Hulu Sungai Utara,Mesjid Jami,-2.454388928664333,115.21066816796832
5192,Kalimantan Selatan,Kabupaten Hulu Sungai Utara,Mesjid Sungai Banar,-2.4395004586559166,115.24136309609318
5193,Kalimantan Selatan,Kabupaten Hulu Sungai Utara,PETERNAKAN ITIK MAMAR,-2.414116,115.225497
5194,Kalimantan Selatan,Kabupaten Hulu Sungai Utara,Pulau Sambujur,-2.3584062521753295,115.06388372571983
5195,Kalimantan Selatan,Kabupaten Hulu Sungai Utara,Rumah Terapung,-2.422164477730238,115.2089952397125
5196,Kalimantan Selatan,Kabupaten Hulu Sungai Utara,Waterboom melati,-2.419505059399089,115.25035214696119
5197,Kalimantan Selatan,Kabupaten Hulu Sungai Utara,Wisata Kerajinan Rotan,-2.37982663792509,115.23656209948953
5198,Kalimantan Selatan,Kabupaten Hulu Sungai Utara,Wisata Susur Sungai Haur Gading,-2.369336690737854,115.23478257640957
5199,Kalimantan Selatan,Kabupaten Hulu Sungai Utara,Wisata Terapung  Sungai Namang,-2.4653205798871567,115.1115626755614
5200,Kalimantan Selatan,Kabupaten Kota Baru,Air Terjun Tumpang Dua,-6.2297465,106.829518
5201,Kalimantan Selatan,Kabupaten Kota Baru,Bukit Mamake Bapake,-3.2429679179533633,116.26040610958952
5202,Kalimantan Selatan,Kabupaten Kota Baru,Goa Lowo,-3.1955813275390548,115.97582679794371
5203,Kalimantan Selatan,Kabupaten Kota Baru,Hutan Meranti,-6.2297465,106.829518
5204,Kalimantan Selatan,Kabupaten Kota Baru,Komplek Makam Raja Pulau Laut,-3.22577,116.247697
5205,Kalimantan Selatan,Kabupaten Kota Baru,Pantai Gedambaan,-3.2932089085472374,116.26705290915454
5206,Kalimantan Selatan,Kabupaten Kota Baru,Pantai Hambawang,-3.322959,116.263461
5207,Kalimantan Selatan,Kabupaten Kota Baru,Pantai Kupu-Kupu,-3.321352,116.263289
5208,Kalimantan Selatan,Kabupaten Kota Baru,Pantai Nusa Dua,-4.081068965042057,116.09198521234752
5209,Kalimantan Selatan,Kabupaten Kota Baru,Pantai Semisir,-6.2297465,106.829518
5210,Kalimantan Selatan,Kabupaten Kota Baru,Pantai Tanjung Kunyit,-4.075902025379088,116.04698154828338
5211,Kalimantan Selatan,Kabupaten Kota Baru,Pantai Teluk Aru,-4.010491615115802,116.16282130959286
5212,Kalimantan Selatan,Kabupaten Kota Baru,Pantai Teluk Tamiang,-4.0448836922447855,116.05090364457426
5213,Kalimantan Selatan,Kabupaten Kota Baru,Pondok Pantai Indah,-3.290015,116.26634
5214,Kalimantan Selatan,Kabupaten Kota Baru,Siring Laut Kotabaru,-3.2360702031893505,116.22710539067371
5215,Kalimantan Selatan,Kabupaten Kota Baru,Teluk Bakau,-3.261349,116.271057
5216,Kalimantan Selatan,Kabupaten Kota Baru,Tepi Pantai,-3.239583,116.271572
5217,Kalimantan Selatan,Kabupaten Tabalong,AIR TERJUN LANO,-1.728877,115.681895
5218,Kalimantan Selatan,Kabupaten Tabalong,BALAI ADAT WARUKIN,-2.247248,115.429804
5219,Kalimantan Selatan,Kabupaten Tabalong,DANAU WISATA TANJUNG PURI,-2.101819,115.477436
5220,Kalimantan Selatan,Kabupaten Tabalong,Lok Tampang,-1.885316,115.65358
5221,Kalimantan Selatan,Kabupaten Tabalong,MESJID PUSAKA BANUA LAWAS,-2.317644,115.275582
5222,Kalimantan Selatan,Kabupaten Tabalong,RUMAH ADAT BANJAR PERBATASAN KALSEL-KALTENG,-2.198758,115.240967
5223,Kalimantan Selatan,Kabupaten Tabalong,SUSUR SUNGAI KARST TUBING,-1.881751,115.643758
5224,Kalimantan Selatan,Kabupaten Tabalong,TAMAN BUNGA POSKA,-2.339913,115.300611
5225,Kalimantan Selatan,Kabupaten Tabalong,TAMAN BURUNG HUTAN KOTA,-2.163361,115.398836
5226,Kalimantan Selatan,Kabupaten Tabalong,TAMAN EDUKASI HARUS SAYANG IBU,-2.246302,115.339823
5227,Kalimantan Selatan,Kabupaten Tabalong,TAMAN HIKUN AGRI PARK,-2.136266,115.390177
5228,Kalimantan Selatan,Kabupaten Tabalong,TAMAN MENANTI LABURAN,-2.228163,115.452122
5229,Kalimantan Selatan,Kabupaten Tabalong,TAMAN SAPANA,-2.339733,115.317138
5230,Kalimantan Selatan,Kabupaten Tabalong,WISATA ALAM GOA LIANG TAPAH,-1.81229,115.626551
5231,Kalimantan Selatan,Kabupaten Tabalong,WISATA BERKUDA AL QARNI STABLE,-2.07905,115.360422
5232,Kalimantan Selatan,Kabupaten Tabalong,Wisata Danau Walet,-1.869999,115.642924
5233,Kalimantan Selatan,Kabupaten Tabalong,WISATA EMBUNG SAWAH,-1.83526,115.689861
5234,Kalimantan Selatan,Kabupaten Tabalong,WISATA PULAU DEWATA WAYAU,-2.173601,115.433726
5235,Kalimantan Selatan,Kabupaten Tabalong,WISATA PUNCAK GUNUNG SIALING INDAH,-1.916554,115.508616
5236,Kalimantan Selatan,Kabupaten Tabalong,WISATA PUNCAK KARAMO,-1.888843,115.661057
5237,Kalimantan Selatan,Kabupaten Tabalong,WISATA RELIGI MAKAM SYEKH MUHAMMAD NAFIS,-2.253076,115.240967
5238,Kalimantan Selatan,Kabupaten Tabalong,WISATA RIAM BIDADARI,-1.885728,115.636877
5239,Kalimantan Selatan,Kabupaten Tanah Bumbu,AIR TERJUN BATIS LANGUPAN,-3.700424,115.37248
5240,Kalimantan Selatan,Kabupaten Tanah Bumbu,AIR TERJUN MANDIN DAMAR,-3.098786,115.655445
5241,Kalimantan Selatan,Kabupaten Tanah Bumbu,AIR TERJUN MANDIN SARAY (MANDIN TEMPUSU),-3.057217,115.531547
5242,Kalimantan Selatan,Kabupaten Tanah Bumbu,BATULICIN PARK II,-3.397514,116.010311
5243,Kalimantan Selatan,Kabupaten Tanah Bumbu,GEOPARK MERATUS PLAGIOGRANIT,-3.366045,116.0021
5244,Kalimantan Selatan,Kabupaten Tanah Bumbu,Goa Batu Basuhud,-3.349868,115.876609
5245,Kalimantan Selatan,Kabupaten Tanah Bumbu,Gunung Taliut,-3.401917,115.544767
5246,Kalimantan Selatan,Kabupaten Tanah Bumbu,Kampung Patin,-3.297876,115.995226
5247,Kalimantan Selatan,Kabupaten Tanah Bumbu,KUBAH HABIB MANCUNG,-3.601754,115.91418
5248,Kalimantan Selatan,Kabupaten Tanah Bumbu,KUBAH PAGATAN MAKAM MUFTI SYEKH H. M. ARSYAD,-3.611008,115.940329
5249,Kalimantan Selatan,Kabupaten Tanah Bumbu,MAKAM PANGERAN SYARIF ALI,-3.71663,115.668659
5250,Kalimantan Selatan,Kabupaten Tanah Bumbu,MAKAM PUANG AJI TOA,-3.601925,115.914178
5251,Kalimantan Selatan,Kabupaten Tanah Bumbu,PANTAI ANGSANA,-3.772366,115.585974
5252,Kalimantan Selatan,Kabupaten Tanah Bumbu,PANTAI BATU BUAYA,-3.859866,115.380232
5253,Kalimantan Selatan,Kabupaten Tanah Bumbu,PANTAI CEMARA INDAH,-3.620866,115.869885
5254,Kalimantan Selatan,Kabupaten Tanah Bumbu,PANTAI MADANI,-3.658057,115.797331
5255,Kalimantan Selatan,Kabupaten Tanah Bumbu,PANTAI PAGATAN,-3.611267,115.932836
5256,Kalimantan Selatan,Kabupaten Tanah Bumbu,PANTAI RINDU ALAM,-3.625998,115.849497
5257,Kalimantan Selatan,Kabupaten Tanah Bumbu,Pantai Siring Desa Sungai Lembu,-3.616223,115.900186
5258,Kalimantan Selatan,Kabupaten Tanah Bumbu,PANTAI SUNGAI LOBAN INDAH,-3.633304,115.831446
5259,Kalimantan Selatan,Kabupaten Tanah Bumbu,WATER WORLD BATULICIN,-3.463793,115.999209
5260,Kalimantan Selatan,Kabupaten Tanah Bumbu,WISATA ALAM GUNUNG MAYANG,-3.353846,115.991142
5261,Kalimantan Selatan,Kabupaten Tanah Bumbu,WISATA GOA LIANG BANGKAI,-3.202948,115.797306
5262,Kalimantan Selatan,Kabupaten Tanah Bumbu,WISATA MANGROVE PULAU BURUNG,-3.404414,116.028116
5263,Kalimantan Selatan,Kabupaten Tanah Laut,Air Terjun Bajuin,-3.785815,114.856769
5264,Kalimantan Selatan,Kabupaten Tanah Laut,Bukit Teletubis,-3.849931,114.790455
5265,Kalimantan Selatan,Kabupaten Tanah Laut,Ekowisata Mangrove,-3.81058,114.604125
5266,Kalimantan Selatan,Kabupaten Tanah Laut,Gunung Birah,-4.05185,114.680174
5267,Kalimantan Selatan,Kabupaten Tanah Laut,Gunung Timah,-4.067997,114.641422
5268,Kalimantan Selatan,Kabupaten Tanah Laut,Orchid Park,-3.800003,114.780523
5269,Kalimantan Selatan,Kabupaten Tanah Laut,Pantai Batakan,-4.09904,114.629404
5270,Kalimantan Selatan,Kabupaten Tanah Laut,Pantai Batakan Baru,-4.084136977941045,114.62872105304065
5271,Kalimantan Selatan,Kabupaten Tanah Laut,Pantai Karindangan,-3.823331,114.604469
5272,Kalimantan Selatan,Kabupaten Tanah Laut,Pantai Swarangan,-4.05204,114.935926
5273,Kalimantan Selatan,Kabupaten Tanah Laut,Pantai Tabanio,-3.759004,114.608954
5274,Kalimantan Selatan,Kabupaten Tanah Laut,Pantai Takisung,-3.868415,114.609298
5275,Kalimantan Selatan,Kabupaten Tanah Laut,Pantai THR Papadaan,-3.856923,114.610258
5276,Kalimantan Selatan,Kabupaten Tanah Laut,Pantai Turki,-4.037755,114.961257
5277,Kalimantan Selatan,Kabupaten Tanah Laut,Riam Adungan,-3.696213,115.149016
5278,Kalimantan Selatan,Kabupaten Tanah Laut,Susur Sungai Panjaratan,-3.777123,114.691809
5279,Kalimantan Selatan,Kabupaten Tanah Laut,Taman Bakuang,-4.039852,114.689759
5280,Kalimantan Selatan,Kabupaten Tanah Laut,Taman Mina Tirta,-3.799008,114.780072
5281,Kalimantan Selatan,Kabupaten Tanah Laut,Taman Permana,-3.819241,114.729013
5282,Kalimantan Selatan,Kabupaten Tanah Laut,Wisata Kerbau Rawa,-3.608212,114.697312
5283,Kalimantan Selatan,Kabupaten Tapin,Air Terjun Balawaian,-6.2297465,106.829518
5284,Kalimantan Selatan,Kabupaten Tapin,Air Terjun Hangui,-2.995288,115.256411
5285,Kalimantan Selatan,Kabupaten Tapin,Baayun Maulid,-2.91333,115.153397
5286,Kalimantan Selatan,Kabupaten Tapin,Baayun Maulid Mesjid Al Mukarramah,-2.913236,115.153331
5287,Kalimantan Selatan,Kabupaten Tapin,Bendungan Tapin,-2.940787,115.336649
5288,Kalimantan Selatan,Kabupaten Tapin,Danau Hatiwin ,-3.061257,115.15667
5289,Kalimantan Selatan,Kabupaten Tapin,Goa Batu Hapu,-3.13016,115.174391
5290,Kalimantan Selatan,Kabupaten Tapin,Gua Batu Hapu,-3.127147,115.175426
5291,Kalimantan Selatan,Kabupaten Tapin,Gunung Barong,-2.9973066,115.2654465
5292,Kalimantan Selatan,Kabupaten Tapin,Makam Datu Kabul,-2.859945,114.916136
5293,Kalimantan Selatan,Kabupaten Tapin,Makam Datu Kabul,-2.859582,114.91404
5294,Kalimantan Selatan,Kabupaten Tapin,Makam Datu Nuraya,-3.062266,115.120397
5295,Kalimantan Selatan,Kabupaten Tapin,Makam Datu Sanggul,-3.056118,115.128604
5296,Kalimantan Selatan,Kabupaten Tapin,Makam Datu Suban,-3.046365,115.10784
5297,Kalimantan Selatan,Kabupaten Tapin,Makam Datu Suban,-3.046375,115.107744
5298,Kalimantan Selatan,Kabupaten Tapin,Makam Syekh Salman Al-Farisi,-2.901771,115.119994
5299,Kalimantan Selatan,Kabupaten Tapin,Makam Syekh Salman AL-Farisi (Datu Gadung),-2.901753,115.120132
5300,Kalimantan Selatan,Kabupaten Tapin,Makam Wali Hanur,-2.906803,115.121076
5301,Kalimantan Selatan,Kabupaten Tapin,Makam Wali Hanur,-2.907869,115.121329
5302,Kalimantan Selatan,Kabupaten Tapin,Masjid Keramat Al Mukaramah,-2.91333,115.153397
5303,Kalimantan Selatan,Kabupaten Tapin,Mesjid Keramat Banua Halat Al Mukkaramah,-2.913284,115.153323
5304,Kalimantan Selatan,Kabupaten Tapin,RTH Rantau Baru,-2.929649,115.164307
5305,Kalimantan Selatan,Kabupaten Tapin,Ruang Terbbuka Hijau Rantau Baru,-2.929739,115.163757
5306,Kalimantan Selatan,Kabupaten Tapin,Sendang Rejo,-2.887964,115.232531
5307,Kalimantan Selatan,Kabupaten Tapin,Timbaan Sasirangan,-2.974275,115.117935
5308,Kalimantan Selatan,Kabupaten Tapin,Wisata Alam Gua Baramban ,-2.951273,115.268603
5309,Kalimantan Selatan,Kabupaten Tapin,Wisata Religi Makam Datu Muning ,-2.899207,115.000178
5310,Kalimantan Selatan,Kabupaten Tapin,Wisata Religi Makam Datu Nuraya,-3.07527,115.127451
5311,Kalimantan Selatan,Kabupaten Tapin,Wisata Religi Makam Datu Sanggul,-3.052517,115.122855
5312,Kalimantan Selatan,Kabupaten Tapin,Wisata Sendang Rejo,-2.886693,115.231949
5313,Kalimantan Selatan,Kabupaten Tapin,Wisata Susur Sungai Habitat Bekantan,-2.861855,115.028006
5314,Kalimantan Selatan,Kota Banjar Baru,Alaska Park Banjarbaru,-3.5317675103497423,114.89146279466694
5315,Kalimantan Selatan,Kota Banjar Baru,D'Legenda Banjarbaru,-3.5298168887745636,114.88594646709925
5316,Kalimantan Selatan,Kota Banjar Baru,Danau Seran,-3.488710501083261,114.79131592350208
5317,Kalimantan Selatan,Kota Banjar Baru,DANAU SERAN,-3.4890639,114.7891165
5318,Kalimantan Selatan,Kota Banjar Baru,Embung Sidodadi,-3.451777973062632,114.80981405377814
5319,Kalimantan Selatan,Kota Banjar Baru,Kampung Pejabat,-3.4497404522884674,114.8159242235924
5320,Kalimantan Selatan,Kota Banjar Baru,KAMPUNG PEJABAT,-3.448834,114.817438
5321,Kalimantan Selatan,Kota Banjar Baru,KAMPUNG PELANGI,-3.447415,114.8327
5322,Kalimantan Selatan,Kota Banjar Baru,Kampung Purun,-3.503309885617771,114.78509829466662
5323,Kalimantan Selatan,Kota Banjar Baru,KAMPUNG PURUN,-3.50339,114.77931
5324,Kalimantan Selatan,Kota Banjar Baru,Kebun Raya Banua,-3.4895702086877223,114.81654580824815
5325,Kalimantan Selatan,Kota Banjar Baru,Kolam Renang Idaman Banjarbaru,-3.444361,114.832656
5326,Kalimantan Selatan,Kota Banjar Baru,KOLAM RENANG IDAMAN BANJARBARU,-3.444742,114.83266
5327,Kalimantan Selatan,Kota Banjar Baru,MASJID AL MUNAWWARAH,-3.461278,114.824299
5328,Kalimantan Selatan,Kota Banjar Baru,MEEK FARM AGROWISATA & RESTO,-3.4676454,114.7900496
5329,Kalimantan Selatan,Kota Banjar Baru,"MESS ""L"" ",-3.441498,114.838129
5330,Kalimantan Selatan,Kota Banjar Baru,Mess L Banjarbaru,-3.4413826060109773,114.83799701195375
5331,Kalimantan Selatan,Kota Banjar Baru,MUSEUM LAMBUNG MANGKURAT,-3.442231,114.838209
5332,Kalimantan Selatan,Kota Banjar Baru,Palm Mini Waterpark,-3.468927785431357,114.81274543708422
5333,Kalimantan Selatan,Kota Banjar Baru,Pondok Empat,-3.4337802572106177,114.80241876591994
5334,Kalimantan Selatan,Kota Banjar Baru,PUMPUNG - PENDULANGAN INTAN,-3.504092,114.8404626
5335,Kalimantan Selatan,Kota Banjar Baru,RTH AL MUNAWWARAH,-3.461406,114.825976
5336,Kalimantan Selatan,Kota Banjar Baru,RTH Al-Munawwarah,-3.4608206184630936,114.82611259475645
5337,Kalimantan Selatan,Kota Banjar Baru,Taman Hutan Kota Pinus,-3.434232486025402,114.83357653708381
5338,Kalimantan Selatan,Kota Banjar Baru,The Breeze Waterpark,-3.428627946143335,114.77158670815926
5339,Kalimantan Selatan,Kota Banjarmasin,Jembatan Bromo/Kuin Kacil,-3.3507616018538067,114.54528448837297
5340,Kalimantan Selatan,Kota Banjarmasin,Kampung Arab,-3.304531,114.588437
5341,Kalimantan Selatan,Kota Banjarmasin,Kampung Biru,-3.316794,114.604484
5342,Kalimantan Selatan,Kota Banjarmasin,Kampung Hijau,-3.316666,114.607252
5343,Kalimantan Selatan,Kota Banjarmasin,Kampung Ketupat,-3.32244,114.59594
5344,Kalimantan Selatan,Kota Banjarmasin,Kampung Sasirangan Sungai Jingah,-3.31319,114.608135
5345,Kalimantan Selatan,Kota Banjarmasin,Kebun Mini Jahri Saleh,-3.308024,114.603342
5346,Kalimantan Selatan,Kota Banjarmasin,Kubah Basirih,-3.3463,114.564585
5347,Kalimantan Selatan,Kota Banjarmasin,Kuliner Wasaka,-3.303708,114.609127
5348,Kalimantan Selatan,Kota Banjarmasin,Makam Sultan Suriansyah,-3.293355,114.572642
5349,Kalimantan Selatan,Kota Banjarmasin,Makam Syurgi Mufti,-3.312388,114.599444
5350,Kalimantan Selatan,Kota Banjarmasin,Masjid Jami Banjarmasin,-3.306881,114.595571
5351,Kalimantan Selatan,Kota Banjarmasin,Masjid Raya Sabilal Muhtadin,-3.318962,114.591262
5352,Kalimantan Selatan,Kota Banjarmasin,Masjid Sultan Suriyansyah,-3.294361,114.57618
5353,Kalimantan Selatan,Kota Banjarmasin,Menara Pandang,-3.317051,114.593119
5354,Kalimantan Selatan,Kota Banjarmasin,Mesjid Kanas/Tuhfaturroghibin,-3.268457,114.57
5355,Kalimantan Selatan,Kota Banjarmasin,Museum Wasaka,-3.303875,114.609067
5356,Kalimantan Selatan,Kota Banjarmasin,Pasar Terapung Siring Tendean ,-3.319504,114.593505
5357,Kalimantan Selatan,Kota Banjarmasin,Patung Maskot Bekantan,-3.321823,114.594498
5358,Kalimantan Selatan,Kota Banjarmasin,RTH Kamboja,-3.32208,114.587261
5359,Kalimantan Selatan,Kota Banjarmasin,Rumah Anno 1925,-3.317742,114.593226
5360,Kalimantan Selatan,Kota Banjarmasin,Sungai Duyung/Kampung Tanggui,-3.29851,114.570012
5361,Kalimantan Selatan,Kota Banjarmasin,Taman Edukasi Banua,-3.317189,114.590925
5362,Kalimantan Selatan,Kota Banjarmasin,Wisata Selanjung Sungai Biuku,-3.287103,114.617816
5363,Kalimantan Tengah,Kabupaten Barito Selatan,Objek Wisata Danau Sanggu,-1.6677548,114.8938035
5364,Kalimantan Tengah,Kabupaten Barito Selatan,Objek Wisata SANGGU,-1.6677548,114.8938035
5365,Kalimantan Tengah,Kabupaten Barito Selatan,Pemandian BANYU HABANG,-1.6701566,114.9053681
5366,Kalimantan Tengah,Kabupaten Barito Selatan,Pemandian Rawa Wendu (Rawen),-1.672748,114.90655
5367,Kalimantan Tengah,Kabupaten Barito Selatan,Pemandian RAWA WENDU (RAWEN),-1.672748,114.90655
5368,Kalimantan Tengah,Kabupaten Barito Selatan,Waterboom Nagoya,-1.6959988,114.9165527
5369,Kalimantan Tengah,Kabupaten Barito Selatan,Waterboom NAGOYA,-1.6959988,114.9165527
5370,Kalimantan Tengah,Kabupaten Barito Selatan,Wisata Alam BETANG NAN SARUNAI,-1.6571984,114.9265925
5371,Kalimantan Tengah,Kabupaten Barito Selatan,Wisata Situ Ulin Gagumet,-1.6231319,115.1890446
5372,Kalimantan Tengah,Kabupaten Barito Timur,Desa Wisata Patai Suku Hawa (pasuha),-2.156499,115.109164
5373,Kalimantan Tengah,Kabupaten Barito Timur,Kawasan Betang Lewu Hante ,-2.112067,115.16653
5374,Kalimantan Tengah,Kabupaten Barito Timur,KOLAM RENANG BARUGAK,-1.816076,115.173179
5375,Kalimantan Tengah,Kabupaten Barito Timur,TAHURA ANGGREK MAGARAM PERSADA,-2.07391,115.00513
5376,Kalimantan Tengah,Kabupaten Barito Timur,WISATA DAM TURAN AMIS,-1.700173,115.155129
5377,Kalimantan Tengah,Kabupaten Barito Utara,CAGAR ALAM PARARAWEN I DAN II,-0.97036,114.828663
5378,Kalimantan Tengah,Kabupaten Barito Utara,OBJEK WISATA DAM TRINSING,-1.04708,114.93304
5379,Kalimantan Tengah,Kabupaten Barito Utara,OBJEK WISATA JANTUR DOYAM,-0.843896,114.851975
5380,Kalimantan Tengah,Kabupaten Gunung Mas,Air Terjun Batu Mahasur,-1.0893483,113.8547202
5381,Kalimantan Tengah,Kabupaten Gunung Mas,Air Terjun Bawin Kameloh,-1.054234,113.87471
5382,Kalimantan Tengah,Kabupaten Gunung Mas,Batu Suli dan Situs Temanggung Amai Rawang,-0.992897,113.67113
5383,Kalimantan Tengah,Kabupaten Gunung Mas,Betang Damang Batu,-0.839234,113.321708
5384,Kalimantan Tengah,Kabupaten Gunung Mas,Betang Singa Kenting,-0.793647,113.460657
5385,Kalimantan Tengah,Kabupaten Gunung Mas,Betang Toyoi,-1.218639,113.522025
5386,Kalimantan Tengah,Kabupaten Gunung Mas,Riam Gohong Rawai,-1.281706,113.564701
5387,Kalimantan Tengah,Kabupaten Kapuas,BETANG MANGGATANG UTUS SEI PASAH,-2.9948142,114.4236278
5388,Kalimantan Tengah,Kabupaten Kapuas,CAFE D'SILVA,-3.0780303,114.4486775
5389,Kalimantan Tengah,Kabupaten Kapuas,GKE MANDOMAI,-2.8217545,114.35465
5390,Kalimantan Tengah,Kabupaten Kapuas,HUMA HAI LOENDJOE,-2.811507,114.362165
5391,Kalimantan Tengah,Kabupaten Kapuas,RUMAH JUANG SURYA CHANDRA ANJIR SERAPAT,-3.0963245,114.454113
5392,Kalimantan Tengah,Kabupaten Katingan,KEBUN RAYA KATINGAN,-1.891782,113.466424
5393,Kalimantan Tengah,Kabupaten Katingan,Objek Wisata Bukit Batu,-1.8934293,113.4658732
5394,Kalimantan Tengah,Kabupaten Kotawaringin Barat,Borneo Eco Tour,-2.694999,111.627517
5395,Kalimantan Tengah,Kabupaten Kotawaringin Barat,Pantai Anum,-3.010989,111.554711
5396,Kalimantan Tengah,Kabupaten Kotawaringin Barat,Pantai Asri Family,-2.957826,111.634873
5397,Kalimantan Tengah,Kabupaten Kotawaringin Barat,TWA. Tanjung Keluang,-2.918097,111.697579
5398,Kalimantan Tengah,Kabupaten Kotawaringin Timur,WISATA SUSUR SUNGAI,-6.2297465,106.829518
5399,Kalimantan Tengah,Kabupaten Lamandau,AYO FUTSAL,-2.188775,111.4374313
5400,Kalimantan Tengah,Kabupaten Lamandau,BSM WATERPARK,-2.172845,111.37516
5401,Kalimantan Tengah,Kabupaten Lamandau,FUTSAL LAMANDAU SPORT ARENA,-2.1812133,111.4326603
5402,Kalimantan Tengah,Kabupaten Lamandau,HATTRICK FUTSAL,-2.1761039,111.4498676
5403,Kalimantan Tengah,Kabupaten Lamandau,KUBAU FUTSAL ARENA,-2.183294,111.4408639
5404,Kalimantan Tengah,Kabupaten Lamandau,SEI SETONGAH,-1586590,110998228
5405,Kalimantan Tengah,Kabupaten Lamandau,TAMAN BUNGA CELOSIA,-2.162783,111.390555
5406,Kalimantan Tengah,Kabupaten Murung Raya,Air Terjun Dirung Duhung,-6.2297465,106.829518
5407,Kalimantan Tengah,Kabupaten Murung Raya,Air Terjun Ketutung,-6.2297465,106.829518
5408,Kalimantan Tengah,Kabupaten Murung Raya,Air Terjun Kuhung Kawuk,-6.2297465,106.829518
5409,Kalimantan Tengah,Kabupaten Murung Raya,Air Terjun Tosah,-6.2297465,106.829518
5410,Kalimantan Tengah,Kabupaten Murung Raya,Betang Apat,-0.554403,114.38968
5411,Kalimantan Tengah,Kabupaten Murung Raya,Betang Konut,-0.62536,114.51567
5412,Kalimantan Tengah,Kabupaten Murung Raya,BUNDARAN MURA EMAS,-0.65073,114.5696
5413,Kalimantan Tengah,Kabupaten Murung Raya,GUNUNG BONDANG,-0.215393,114.332704
5414,Kalimantan Tengah,Kabupaten Murung Raya,Gunung Kelompai,-0.50177,114.52916
5415,Kalimantan Tengah,Kabupaten Murung Raya,Makam Baras Kuning,-0.677229,114.487813
5416,Kalimantan Tengah,Kabupaten Murung Raya,Pasir Putih / Bukit Tengkorak,-6.2297465,106.829518
5417,Kalimantan Tengah,Kabupaten Murung Raya,TAMAN KOTA ALUN-ALUN JORIH JERAH,-0.65093,114.56908
5418,Kalimantan Tengah,Kabupaten Murung Raya,Tugu Khatulistiwa/Monumen Equator,0.0003,114.33391
5419,Kalimantan Tengah,Kabupaten Pulang Pisau,DANA BARUH,-1.904354,113.953592
5420,Kalimantan Tengah,Kabupaten Pulang Pisau,ECOWISATA DAN BBUDAYA DESA TANGKAHEN,-1.539779,113.9295612
5421,Kalimantan Tengah,Kabupaten Pulang Pisau,HARMONI ALAM NUSA,-2.35885,114.101423
5422,Kalimantan Tengah,Kabupaten Pulang Pisau,Sahai Tambi Balu,-1.862577,113.978903
5423,Kalimantan Tengah,Kabupaten Pulang Pisau,Sandung Tamanggung Lawak Sura Jaya Pati,-2.080303,113.947776
5424,Kalimantan Tengah,Kabupaten Pulang Pisau,Taman,-2.744318,114.2588005
5425,Kalimantan Tengah,Kabupaten Pulang Pisau,TAMAN HARATI,-1.9812042,113.950084
5426,Kalimantan Tengah,Kabupaten Pulang Pisau,Wisata Danau Sabuah,-2.054391,113.943626
5427,Kalimantan Tengah,Kabupaten Pulang Pisau,Wisata Simangki,-3.368653,114.113644
5428,Kalimantan Tengah,Kabupaten Seruyan,Agen Perjalanan Wisata,-3.375736,112.551515
5429,Kalimantan Tengah,Kabupaten Seruyan,Agen Perjalanan Wisata ,-3.376979,112.55323
5430,Kalimantan Tengah,Kabupaten Seruyan,Agen Perjalanan Wisata ( Cv. Melati Raya Travel),-3.376229,112.552051
5431,Kalimantan Tengah,Kabupaten Seruyan,Salon Kecantikan,-3.375059,112.552194
5432,Kalimantan Tengah,Kabupaten Seruyan,Tour dan Travel (Agen Perjalanan Wisata),-3.385405,112.552961
5433,Kalimantan Tengah,Kabupaten Seruyan,Upacara Adat Tiwah,-2.619294,112.429736
5434,Kalimantan Tengah,Kabupaten Seruyan,Wisata  Alam (Objek Wisata Danau Seluluk),-2.440585,112.135463
5435,Kalimantan Tengah,Kabupaten Seruyan,Wisata Alam (Objek Wisata Danau Sembuluh),-2.736782,112.381269
5436,Kalimantan Tengah,Kabupaten Seruyan,Wisata Alam (Objek Wisata Pantai Sungai Bakau),-3.306014,112.795506
5437,Kalimantan Tengah,Kabupaten Seruyan,Wisata Buatan,-3.291627,112.560196
5438,Kalimantan Tengah,Kabupaten Sukamara,PANTAI ANUGERAH,-6.2297465,106.829518
5439,Kalimantan Tengah,Kabupaten Sukamara,PANTAI CITRA,-6.2297465,106.829518
5440,Kalimantan Tengah,Kabupaten Sukamara,PANTAI TANJUNG NIPAH,-6.2297465,106.829518
5441,Kalimantan Tengah,Kabupaten Sukamara,WISATA ALAM BUKIT JALUNGGA,-6.2297465,106.829518
5442,Kalimantan Tengah,Kota Palangka Raya,Arboretum Nyaru Menteng,-2.037453,113.778752
5443,Kalimantan Tengah,Kota Palangka Raya,Betang Mandala Wisata,-2.20692693,113.91932
5444,Kalimantan Tengah,Kota Palangka Raya,Bukit Karmel/Bukit Doa,-2.004132,113.744174
5445,Kalimantan Tengah,Kota Palangka Raya,Bukit Tangkiling Banturung,-1.977977,113.78544
5446,Kalimantan Tengah,Kota Palangka Raya,Bumi Perkemahan Nyaru Menteng,-2.03352,113.76969
5447,Kalimantan Tengah,Kota Palangka Raya,Bumi Perkemahan Tuah Pahoe,-6.2297465,106.829518
5448,Kalimantan Tengah,Kota Palangka Raya,Central Borneo Souvenir,-2.212133,13.919258
5449,Kalimantan Tengah,Kota Palangka Raya,Danau Hanjalutung,-2.126002,113.866749
5450,Kalimantan Tengah,Kota Palangka Raya,Danau Tahai,-2.028548,113.779741
5451,Kalimantan Tengah,Kota Palangka Raya,Desa Wisata Kanarakan,-1.894263,113.765885
5452,Kalimantan Tengah,Kota Palangka Raya,Desa Wisata Sei Gohong,-1.960908,113.755047
5453,Kalimantan Tengah,Kota Palangka Raya,Hutan Ulin Mungku Baru,-1.648711,113.698485
5454,Kalimantan Tengah,Kota Palangka Raya,Kahui,-1.928577,113.733418
5455,Kalimantan Tengah,Kota Palangka Raya,Kalawa Waterpark,-2.173529,113.870363
5456,Kalimantan Tengah,Kota Palangka Raya,Kawasan Wisata Jembatan Kahayan,-2.20301,113.920063
5457,Kalimantan Tengah,Kota Palangka Raya,Kebun Buah Cipta Rasa Pak Slamet,-2.287443,113.897101
5458,Kalimantan Tengah,Kota Palangka Raya,Kebun Buah Kameloh Misik,-2.29831,114.030087
5459,Kalimantan Tengah,Kota Palangka Raya,Kebun Buah Larosa,-6.2297465,106.829518
5460,Kalimantan Tengah,Kota Palangka Raya,KHDTK MUngku Baru,-1.649739,113.699422
5461,Kalimantan Tengah,Kota Palangka Raya,Kubah Tundai,-2.236963,114.011572
5462,Kalimantan Tengah,Kota Palangka Raya,Lapangan Golf Isen Mulang,-6.2297465,106.829518
5463,Kalimantan Tengah,Kota Palangka Raya,Manasa Agrowisata,-2.004365,113.748988
5464,Kalimantan Tengah,Kota Palangka Raya,Monumen Tugu Soekrano,-2.205096,113.921287
5465,Kalimantan Tengah,Kota Palangka Raya,Museum Balanga,-2.195334,113.90221
5466,Kalimantan Tengah,Kota Palangka Raya,Pemancingan Anugrah,-1.99407,113.747002
5467,Kalimantan Tengah,Kota Palangka Raya,Pesona Alam Lestari,-2.29569,113.882584
5468,Kalimantan Tengah,Kota Palangka Raya,Pulau Kaja,-1.954454,113.76526
5469,Kalimantan Tengah,Kota Palangka Raya,Pura Paseban Batu,-1.989698,113.75572
5470,Kalimantan Tengah,Kota Palangka Raya,Sandung Bawi Kuwu,-1.648836,113.698734
5471,Kalimantan Tengah,Kota Palangka Raya,Sandung Ngabe Sukah,-2.20509,113.938764
5472,Kalimantan Tengah,Kota Palangka Raya,Sei Batu,-1.936093,113.724082
5473,Kalimantan Tengah,Kota Palangka Raya,"Sungai Koran, Taman Nasional Sebangau",-2.293815,113.829823
5474,Kalimantan Tengah,Kota Palangka Raya,Susur Sungai Kahayan,-2.205764,113.927818
5475,Kalimantan Tengah,Kota Palangka Raya,Tajahan Tjilik Riwut,-2164,113.924952
5476,Kalimantan Tengah,Kota Palangka Raya,Taman Pasuk Kameloh,-2.203703,113.920369
5477,Kalimantan Tengah,Kota Palangka Raya,Taman Wisata Alam Tangkiling,-1.99772,113.75342
5478,Kalimantan Tengah,Kota Palangka Raya,Taman Yos Sudarso Tunggal Sangumang ,-2.216571,113.899946
5479,Kalimantan Tengah,Kota Palangka Raya,Wisata Adventure MVP Tanduhan,-2.273456,113.902063
5480,Kalimantan Tengah,Kota Palangka Raya,Wisata Air Hitam Kereng Bangkirai,-2.296333,113.906296
5481,Kalimantan Tengah,Kota Palangka Raya,Wisata Danum Bahandang,-1931,113.731653
5482,Kalimantan Tengah,Kota Palangka Raya,Wisata Kum Kum,-2.197455,113.933478
5483,Kalimantan Tengah,Kota Palangka Raya,Wisata Rawa Rofi,-2.194265,113.946775
5484,Kalimantan Timur,Kabupaten Berau,Ekowisata minat khusus merabu,1.50203,117.27023
5485,Kalimantan Timur,Kabupaten Berau,Pokdarwis Mahligai,2.24905,118.57112
5486,Kalimantan Timur,Kabupaten Berau,wisata alam Tulung Ni'Lenggo,1.41446,118.35129
5487,Kalimantan Timur,Kabupaten Berau,Wisata Bekantan Dan Kaluang Pulau Besing,2.17596,117.74867
5488,Kalimantan Timur,Kabupaten Kutai Barat,BUMI KEMAH BATUQ BURA,-0.1284125,115.4243269
5489,Kalimantan Timur,Kabupaten Kutai Barat,DANAU ACO,-0.166692,115.54447
5490,Kalimantan Timur,Kabupaten Kutai Barat,DANAU BELUQ,-0.3204875,115.5130144
5491,Kalimantan Timur,Kabupaten Kutai Barat,GUNUNG S,-0.1276375,115.4572019
5492,Kalimantan Timur,Kabupaten Kutai Barat,JANTUR MAPAN,-0.1651768,115.6226386
5493,Kalimantan Timur,Kabupaten Kutai Barat,JANTUR TABALAS,-0.17662,115.5172568
5494,Kalimantan Timur,Kabupaten Kutai Barat,SITUS SENTAWAR,-0.2056375,115.7855769
5495,Kalimantan Timur,Kabupaten Kutai Barat,TAMAN BUDAYA SENDAWAR,-0.2251604,115.699099
5496,Kalimantan Timur,Kabupaten Kutai Kartanegara,Batu Dinding,-0.92451,116.97365
5497,Kalimantan Timur,Kabupaten Kutai Kartanegara,LADAYA,-0.39126,116.97802
5498,Kalimantan Timur,Kabupaten Kutai Kartanegara,Pantai ambalat,-1.12486,117.04101
5499,Kalimantan Timur,Kabupaten Kutai Kartanegara,Taman Gubang,-0.35883,117.01437
5500,Kalimantan Timur,Kabupaten Kutai Timur,Rindang Benua,0.489073,117.488565
5501,Kalimantan Timur,Kabupaten Kutai Timur,Wisata Alam Tanjung Perancis,0.405426,117.572808
5502,Kalimantan Timur,Kabupaten Kutai Timur,Wisata Bukit Hijau,0.280901,117.473373
5503,Kalimantan Timur,Kabupaten Paser,KWW,-1.849022,116.146731
5504,Kalimantan Timur,Kabupaten Paser,Museum Sadurengas,-1.966065,116.21398
5505,Kalimantan Timur,Kabupaten Paser,Taka Garden,-1.86421,116.201642
5506,Kalimantan Timur,Kabupaten Penajam Paser Utara,PANTAI ISTANA AMAL,-1.27154,116.7656
5507,Kalimantan Timur,Kota Bontang,Lembah Permai Adventure Park,0.170279,117.458246
5508,Kalimantan Timur,Kota Bontang,Mangrove Edu Park,0.10743,117.486999
5509,Kalimantan Timur,Kota Samarinda,Desa Budaya Pampang,-0.37748,117.23009
5510,Kalimantan Timur,Kota Samarinda,Kolam Renang,-0.43398,117.21089
5511,Kalimantan Timur,Kota Samarinda,Pemandian Serayu Lestari,-43329,117.21088
5512,Kalimantan Timur,Kota Samarinda,Wisata camping penginapan Puncak samarinda,-0.32727,117.20563
5513,Kalimantan Utara,Kabupaten Bulungan,Bahterah Mex WaterPark,2.829601,117.389006
5514,Kalimantan Utara,Kabupaten Bulungan,Batu Tumpuk,3.074546,117.209876
5515,Kalimantan Utara,Kabupaten Bulungan,Pesona Klubir,3.019217,117.272142
5516,Kalimantan Utara,Kabupaten Bulungan,TEMPAT PEMANDIAN,-6.2297465,106.829518
5517,Kalimantan Utara,Kabupaten Bulungan,WAHANA BERMAIN,-6.2297465,106.829518
5518,Kalimantan Utara,Kabupaten Bulungan,Wira Satya Dharma,2.836265,117.3924
5519,Kalimantan Utara,Kabupaten Bulungan,WISATA ALAM,-6.2297465,106.829518
5520,Kalimantan Utara,Kabupaten Bulungan,WISATA ALAM,-6.2297465,106.829518
5521,Kalimantan Utara,Kabupaten Bulungan,Wisata Gunung Putih,2.836597,117.339502
5522,Kalimantan Utara,Kabupaten Bulungan,wisata Hutan Mangrove,3.106587,117.236047
5523,Kalimantan Utara,Kabupaten Malinau,Hutan Desa Setulang,-6.2297465,106.829518
5524,Kalimantan Utara,Kabupaten Malinau,LAMIN ADAT,-6.2297465,106.829518
5525,Kalimantan Utara,Kabupaten Malinau,Obyek Wisata Kabupaten Malinau,-6.2297465,106.829518
5526,Kalimantan Utara,Kabupaten Malinau,Obyek Wisata Kabupaten Malinau,-6.2297465,106.829518
5527,Kalimantan Utara,Kabupaten Malinau,Obyek Wisata Kabupaten Malinau,-6.2297465,106.829518
5528,Kalimantan Utara,Kabupaten Malinau,Obyek Wisata Kabupaten Malinau,-6.2297465,106.829518
5529,Kalimantan Utara,Kabupaten Malinau,Obyek Wisata Kabupaten Malinau,-6.2297465,106.829518
5530,Kalimantan Utara,Kabupaten Malinau,"Obyek Wisata Kabupaten Malinau, Kalimantan Utara",-6.2297465,106.829518
5531,Kalimantan Utara,Kabupaten Nunukan,Air Terjun Binusan,4.08408,117.629578
5532,Kalimantan Utara,Kabupaten Nunukan,Baloi Adat Tidung Kab. Nunukan,4.087002,117.624896
5533,Kalimantan Utara,Kabupaten Nunukan,Ekowisata Terpadu Taman Mangrove Perbatasan ,4.1509445,117.9078327
5534,Kalimantan Utara,Kabupaten Nunukan,Mangrove BelagaOne,4.09788,117.70867
5535,Kalimantan Utara,Kabupaten Nunukan,Mangrove Sungai Fatimah,4.114881,117.617062
5536,Kalimantan Utara,Kabupaten Nunukan,Pantai Ecing,4.09286,117.71449
5537,Kalimantan Utara,Kabupaten Nunukan,Pantai Marina,4.1188305,117.9236348
5538,Kalimantan Utara,Kabupaten Tana Tidung,Air Terjun Gunung Rian,-6.2297465,106.829518
5539,Kalimantan Utara,Kabupaten Tana Tidung,MAHESYA WATERPARK,3.60139,116.908768
5540,Kalimantan Utara,Kota Tarakan,AGROWISATA KARUNGAN,3.27956,117.63267
5541,Kalimantan Utara,Kota Tarakan,Balai Adat Tidung dan Budaya,3.30884,117.61161
5542,Kalimantan Utara,Kota Tarakan,Kawasan Wisata Agro Karungan,3.27797,117.63166
5543,Kalimantan Utara,Kota Tarakan,Kawasan WIsata Embung Persemaian,-6.2297465,106.829518
5544,Kalimantan Utara,Kota Tarakan,KAWASAN WISATA EMBUNG PERSEMAIAN,3.35609,117.56587
5545,Kalimantan Utara,Kota Tarakan,Kawasan Wisata Ladang,3.31266,117.601454
5546,Kalimantan Utara,Kota Tarakan,KAWASAN WISATA LADANG,3.31261,117.6016
5547,Kalimantan Utara,Kota Tarakan,Kawasan Wisata Lingkas Ujung,3.28438,117.59644
5548,Kalimantan Utara,Kota Tarakan,KAWASAN WISATA LINGKAS UJUNG,3.28514,117.59663
5549,Kalimantan Utara,Kota Tarakan,Kawasan Wisata Markoni,3.3037,117.60211
5550,Kalimantan Utara,Kota Tarakan,KAWASAN WISATA MARKONI,3.3034,117.60189
5551,Kalimantan Utara,Kota Tarakan,KAWASAN WISATA PANTAI AMAL,3.2886749,117.6548394
5552,Kalimantan Utara,Kota Tarakan,Kawasan Wisata Ratu Intan Pantai Amal,3.30514,117.65662
5553,Kalimantan Utara,Kota Tarakan,KAWASAN WISATA RATU INTAN PANTAI AMAL,3306,117.65711
5554,Kalimantan Utara,Kota Tarakan,Kawasan Wisata Taman Berkampung,3.30025,117.61936
5555,Kalimantan Utara,Kota Tarakan,Kawasan Wisata Taman Berlabuh,3.28727,117.59277
5556,Kalimantan Utara,Kota Tarakan,KAWASAN WISATA TAMAN BERLABUH,3.28662,117.59196
5557,Kalimantan Utara,Kota Tarakan,Museum Sejarah Tarakan,3.29892,117.62014
5558,Kalimantan Utara,Kota Tarakan,Pemancingan Mersilo,3.38921,117.54592
5559,Kalimantan Utara,Kota Tarakan,TAMAN BERKAMPUNG,3.29969,117.6194
5560,Kalimantan Utara,Kota Tarakan,Taman Langit,3.31965,117.58297
5561,Kalimantan Utara,Kota Tarakan,Taman Rekreasi Keluarga 3R,3.39512,117.54533
5562,Kalimantan Utara,Kota Tarakan,Wahana Persemaian Indah,3.356434,117.571254
5563,Kalimantan Utara,Kota Tarakan,WAHANA PERSEMAIAN INDAH,3.35677,117.57001
5564,Kalimantan Utara,Kota Tarakan,Waterpark Iskandar Family,3.295843,117.650865
5565,Kalimantan Utara,Kota Tarakan,WATERPARK ISKANDAR FAMILY,3.29539,117.65113
5566,Kepulauan Bangka Belitung,Kabupaten Bangka,Padepokan Tri Puri Agung ,-1.8994548570299492,106.1840950797002
5567,Kepulauan Bangka Belitung,Kabupaten Bangka,Pantai Matras,-1.79804,106.11605
5568,Kepulauan Bangka Belitung,Kabupaten Bangka,Pantai Parai ,-1.80408,106.12835
5569,Kepulauan Bangka Belitung,Kabupaten Bangka,Pantai Takari,-1.94445,106.15852
5570,Kepulauan Bangka Belitung,Kabupaten Bangka Barat,Pantai Jerangkat ,-6.2297465,106.829518
5571,Kepulauan Bangka Belitung,Kabupaten Bangka Barat,Wisata Menumbing,-2.01686,105.18015
5572,Kepulauan Bangka Belitung,Kabupaten Bangka Selatan,AIR PANAS DESA NYELANDING,-6.2297465,106.829518
5573,Kepulauan Bangka Belitung,Kabupaten Bangka Selatan,PULAU KELAPAN,-2.84983,106.85163
5574,Kepulauan Bangka Belitung,Kabupaten Belitung,Bukit Batu Baginde,-3.217587,107.623305
5575,Kepulauan Bangka Belitung,Kabupaten Belitung,Bukit Peramun,-2.6171,107.73911
5576,Kepulauan Bangka Belitung,Kabupaten Belitung,Danau Biru Kaolin,-2.441248,107.405378
5577,Kepulauan Bangka Belitung,Kabupaten Belitung,Desa Wisata Kreatif Terong,-2.643305,107.647817
5578,Kepulauan Bangka Belitung,Kabupaten Belitung,Gurok Beraye,-2.780516,107.858681
5579,Kepulauan Bangka Belitung,Kabupaten Belitung,Kolam Renang Dayang Sri Pinai,-2.740592,107.627583
5580,Kepulauan Bangka Belitung,Kabupaten Belitung,Museum Badau,-2.816929,107.782938
5581,Kepulauan Bangka Belitung,Kabupaten Belitung,Museum Pemkab Belitung,-2.739857,107.628286
5582,Kepulauan Bangka Belitung,Kabupaten Belitung,Pantai Batu Bedil,-2.560564,107.9235
5583,Kepulauan Bangka Belitung,Kabupaten Belitung,Pantai Gusong Bugis,-2.76562,107.612057
5584,Kepulauan Bangka Belitung,Kabupaten Belitung,Pantai Tanjung Kelayang,-2.5592858,107.6704479
5585,Kepulauan Bangka Belitung,Kabupaten Belitung,Pantai Tanjung Tinggi,-2.552234,107.713105
5586,Kepulauan Bangka Belitung,Kabupaten Belitung,Pusat Informasi Belitong Geopark,-2.739832,107.626823
5587,Kepulauan Bangka Belitung,Kabupaten Belitung,Rumah Adat Belitung,-2.7419464,107.6532453
5588,Kepulauan Bangka Belitung,Kabupaten Belitung,Taman Hiburan Tanjung Pendam,-2.740972,107.624849
5589,Kepulauan Bangka Belitung,Kabupaten Belitung,Tirta Merudang Indah,-2.654554,107.720107
5590,Kepulauan Bangka Belitung,Kabupaten Belitung,Wisata Alam Batu Mentas,-2.793171,107.83527
5591,Kepulauan Bangka Belitung,Kabupaten Belitung,Wisata Gunung Kubing,-3.05237,107.663272
5592,Kepulauan Bangka Belitung,Kabupaten Belitung Timur,Bendungan Pice,-6.2297465,106.829518
5593,Kepulauan Bangka Belitung,Kabupaten Belitung Timur,Dermaga Kirana,-6.2297465,106.829518
5594,Kepulauan Bangka Belitung,Kabupaten Belitung Timur,DERMAGA KIRANA,-2.96142,108.15205
5595,Kepulauan Bangka Belitung,Kabupaten Belitung Timur,DESA WISATA GUNUNG LUMUT,-3.12069,108.08216
5596,Kepulauan Bangka Belitung,Kabupaten Belitung Timur,Galeri Daun Simpor,-6.2297465,106.829518
5597,Kepulauan Bangka Belitung,Kabupaten Belitung Timur,GEOSITE OPEN PIT NAM SALU,-2.70301,108.07251
5598,Kepulauan Bangka Belitung,Kabupaten Belitung Timur,Geosite Tebat Rasau,-3.058239,107.916181
5599,Kepulauan Bangka Belitung,Kabupaten Belitung Timur,Kampoeng Fifi,-6.2297465,106.829518
5600,Kepulauan Bangka Belitung,Kabupaten Belitung Timur,Kampong Reklamasi Selinsing,-6.2297465,106.829518
5601,Kepulauan Bangka Belitung,Kabupaten Belitung Timur,KELENTENG DEWI KWAN IM,-2.74819,108.24653
5602,Kepulauan Bangka Belitung,Kabupaten Belitung Timur,Kik Danto Garden,-2.915523,108.06909
5603,Kepulauan Bangka Belitung,Kabupaten Belitung Timur,Kolam Renang Lenggang,-6.2297465,106.829518
5604,Kepulauan Bangka Belitung,Kabupaten Belitung Timur,Kubok Tuk Layang,-6.2297465,106.829518
5605,Kepulauan Bangka Belitung,Kabupaten Belitung Timur,Museum Kata Andrea Hirata,-6.2297465,106.829518
5606,Kepulauan Bangka Belitung,Kabupaten Belitung Timur,MUSEUM KATA ANDREA HIRATA,-2.96682,108.16413
5607,Kepulauan Bangka Belitung,Kabupaten Belitung Timur,Objek Wisata Sungai Manggar,-6.2297465,106.829518
5608,Kepulauan Bangka Belitung,Kabupaten Belitung Timur,Open Pit Nam Salu Geopark Site,-6.2297465,106.829518
5609,Kepulauan Bangka Belitung,Kabupaten Belitung Timur,PANTAI BURUNG MANDI,-2.7426503,108.250711
5610,Kepulauan Bangka Belitung,Kabupaten Belitung Timur,Pantai Nyiur Melambai,-6.2297465,106.829518
5611,Kepulauan Bangka Belitung,Kabupaten Belitung Timur,PANTAI NYIUR MELAMBAI,-2.88449,108.28147
5612,Kepulauan Bangka Belitung,Kabupaten Belitung Timur,PANTAI PUNAI,-3.26149,107.97658
5613,Kepulauan Bangka Belitung,Kabupaten Belitung Timur,Pantai Serdang,-6.2297465,106.829518
5614,Kepulauan Bangka Belitung,Kabupaten Belitung Timur,PANTAI SERDANG,-2.8588,108.29671
5615,Kepulauan Bangka Belitung,Kabupaten Belitung Timur,Pusat Informasi Geologi Pulau Belitung,-6.2297465,106.829518
5616,Kepulauan Bangka Belitung,Kabupaten Belitung Timur,Replika SD Laskar Pelangi,-3.134532,108.233979
5617,Kepulauan Bangka Belitung,Kabupaten Belitung Timur,REPLIKA SD LASKAR PELANGI,-2.96361,108.15242
5618,Kepulauan Bangka Belitung,Kabupaten Belitung Timur,Sawah Ex Jepang,-6.2297465,106.829518
5619,Kepulauan Bangka Belitung,Kabupaten Belitung Timur,TEBAT RASAU,-2.90158,108.0623
5620,Kepulauan Bangka Belitung,Kota Pangkal Pinang,Museum Timah Indonesia,-6.2297465,106.829518
5621,Kepulauan Bangka Belitung,Kota Pangkal Pinang,Pantai Pasir Padi,-6.2297465,106.829518
5622,Kepulauan Bangka Belitung,Kota Pangkal Pinang,Pasir Padi Bay,-6.2297465,106.829518
5623,Kepulauan Bangka Belitung,Kota Pangkal Pinang,Rumah Jendela Inspirasi,-6.2297465,106.829518
5624,Kepulauan Bangka Belitung,Kota Pangkal Pinang,Taman Kolong Wisata,-6.2297465,106.829518
5625,Kepulauan Riau,Kabupaten Bintan,Agrowisata Persawahan Poyotomo ,1.09583,104.45694
5626,Kepulauan Riau,Kabupaten Bintan,Pantai Dinda,1.10085,104.22988
5627,Kepulauan Riau,Kabupaten Bintan,Pantai Dugong (KM 52),1.13366,104.59308
5628,Kepulauan Riau,Kabupaten Bintan,Pantai Sejahtera,1.12347,104.60262
5629,Kepulauan Riau,Kabupaten Bintan,Pondok Santai Family,1.1078,104.63301
5630,Kepulauan Riau,Kabupaten Bintan,Safari Lagoi Bintan,1.13198,104.35712
5631,Kepulauan Riau,Kabupaten Bintan,Treasure Bay Bintan,1.15796,104.3285
5632,Kepulauan Riau,Kabupaten Karimun,Air Terjun Pongkar,1.104315,103.375608
5633,Kepulauan Riau,Kabupaten Karimun,Coastal Area,0.716153,103.495056
5634,Kepulauan Riau,Kabupaten Karimun,Kebun Binatang Mini Prayun,0.879344,103.373331
5635,Kepulauan Riau,Kabupaten Karimun,Kolam Air Panas Tanjung Hutan,0.903996,103.441212
5636,Kepulauan Riau,Kabupaten Karimun,Kolam Tamara,1.0898766909017936,103.37557458274895
5637,Kepulauan Riau,Kabupaten Karimun,Kolam Tanjung Tiram,1.089469,103.378139
5638,Kepulauan Riau,Kabupaten Karimun,Kolam Viarama,1.007386,103.426538
5639,Kepulauan Riau,Kabupaten Karimun,Makam Moyang Seraga,0.891359,103.49553
5640,Kepulauan Riau,Kabupaten Karimun,Makam Si Badang,0.902231,103.495658
5641,Kepulauan Riau,Kabupaten Karimun,Mangrove Mengkuse,0.801547,103.350201
5642,Kepulauan Riau,Kabupaten Karimun,Masjid Almubarrak,0.890114,103.495073
5643,Kepulauan Riau,Kabupaten Karimun,Masjid Jami Abdul Gani,0.896851,103.493477
5644,Kepulauan Riau,Kabupaten Karimun,Pantai Ketam,1.090459310174923,103.38100009624145
5645,Kepulauan Riau,Kabupaten Karimun,Pantai Ketapang,0.767218,103.488158
5646,Kepulauan Riau,Kabupaten Karimun,Pantai Lubuk,0.667919,103.397343
5647,Kepulauan Riau,Kabupaten Karimun,Pantai Mukalimus,0.823517,103.352966
5648,Kepulauan Riau,Kabupaten Karimun,Pantai Nanggai,0.680578,103.398399
5649,Kepulauan Riau,Kabupaten Karimun,Pantai Pasir Putih Tulang,0.933925,103.413169
5650,Kepulauan Riau,Kabupaten Karimun,Pantai Pelawan,1.0493531989161489,103.31275285245646
5651,Kepulauan Riau,Kabupaten Karimun,Pantai Pongkar,1.087023,103.379513
5652,Kepulauan Riau,Kabupaten Karimun,Pantai Tanjung Ambat,0.900048,103.48634
5653,Kepulauan Riau,Kabupaten Karimun,Pantai Teluk Laboh,0.530973,103.600189
5654,Kepulauan Riau,Kabupaten Karimun,Pulau Manda,0.87707,103.797165
5655,Kepulauan Riau,Kabupaten Kepulauan Anambas,air terjun neraja,2.92579,105.770814
5656,Kepulauan Riau,Kabupaten Kepulauan Anambas,AIR TERJUN TEMBURUN,3.180589,106.274672
5657,Kepulauan Riau,Kabupaten Kepulauan Anambas,BATU BELAH,3.155117,106.333898
5658,Kepulauan Riau,Kabupaten Kepulauan Anambas,Batu Lepe,3.228353,106.225716
5659,Kepulauan Riau,Kabupaten Kepulauan Anambas,Batu Topak Tiga,3.225545,106.221687
5660,Kepulauan Riau,Kabupaten Kepulauan Anambas,Bumdes 7 Kunci,3.2063059348601444,106.31684396926147
5661,Kepulauan Riau,Kabupaten Kepulauan Anambas,Desa Wisata Belibak,3.3083827340110554,106.30799595920206
5662,Kepulauan Riau,Kabupaten Kepulauan Anambas,GOA IMPOL,3.080995,105.726813
5663,Kepulauan Riau,Kabupaten Kepulauan Anambas,MAKAN TUA KOBANG,2.9128264,105.7044307
5664,Kepulauan Riau,Kabupaten Kepulauan Anambas,Mangrove Genting Pulur,2.903396,105.795122
5665,Kepulauan Riau,Kabupaten Kepulauan Anambas,MANGROVE TEMBURUN,3.18034,106.275113
5666,Kepulauan Riau,Kabupaten Kepulauan Anambas,MUSEUM ARUNG HIJAU,3.209482,106.201168
5667,Kepulauan Riau,Kabupaten Kepulauan Anambas,PANTAI ARUNG HIJAU,3.200795,106.202833
5668,Kepulauan Riau,Kabupaten Kepulauan Anambas,Pantai Padang Melang,2.994331,105.724501
5669,Kepulauan Riau,Kabupaten Kepulauan Anambas,PANTAI PASIR MANANG,3.228544,106.22452
5670,Kepulauan Riau,Kabupaten Kepulauan Anambas,PULAU BERHALA,2.988843,105.697483
5671,Kepulauan Riau,Kabupaten Kepulauan Anambas,Pulau Dayang,2.886069,105.812464
5672,Kepulauan Riau,Kabupaten Kepulauan Anambas,pulau keramat jemaja,2.886359,105.819564
5673,Kepulauan Riau,Kabupaten Kepulauan Anambas,PULAU PANGERAN (BELIBAK),3.312735,106.306017
5674,Kepulauan Riau,Kabupaten Kepulauan Anambas,PULAU PENESAN,2.880696,105.789785
5675,Kepulauan Riau,Kabupaten Kepulauan Anambas,PULAU PIUGUS,3.315984,106.320482
5676,Kepulauan Riau,Kabupaten Kepulauan Anambas,PULAU TEMAWAN,3.153918,106.332865
5677,Kepulauan Riau,Kabupaten Lingga,Air Terjun Resun Lingga,-0.14746998999648067,104.60402119986333
5678,Kepulauan Riau,Kabupaten Lingga,Benteng Pulau Mepar,-6.2297465,106.829518
5679,Kepulauan Riau,Kabupaten Lingga,"Destinasi Wisata ""Sungai Kim""",-6.2297465,106.829518
5680,Kepulauan Riau,Kabupaten Lingga,"Destinasi Wisata ""Tugu Khatulistiwa""",-6.2297465,106.829518
5681,Kepulauan Riau,Kabupaten Lingga,Komplek pemakaman Sultan Kerajaan Riau Lingga di Bukit Cengkeh,-0.21979915864427946,104.60389848134184
5682,Kepulauan Riau,Kabupaten Lingga,Makam Megat Kuning di Daik Lingga,-0.19484087959033988,104.59686701847498
5683,Kepulauan Riau,Kabupaten Lingga,Makam Merah (Makam Raja Muhammad Yusuf yang di Pertuan Muda Riau X),-0.21602030205561099,104.60223603968835
5684,Kepulauan Riau,Kabupaten Lingga,Makam Sultan Riayat Syah III (Pahlawan Nasional),-0.21253206836267574,104.61465452552308
5685,Kepulauan Riau,Kabupaten Lingga,Mangrove Kelumu,-6.2297465,106.829518
5686,Kepulauan Riau,Kabupaten Lingga,Mangrove Sedamai,-6.2297465,106.829518
5687,Kepulauan Riau,Kabupaten Lingga,Masjid Az-zulfa Dabo Singkep,-6.2297465,106.829518
5688,Kepulauan Riau,Kabupaten Lingga,Masjid Sultan Lingga,-0.2127514725042336,104.61493516110093
5689,Kepulauan Riau,Kabupaten Lingga,Museum Timah Singkep,-6.2297465,106.829518
5690,Kepulauan Riau,Kabupaten Lingga,Musium Linggam Cahaya Kabupaten Lingga,-0.2158375520841304,104.60086289668324
5691,Kepulauan Riau,Kabupaten Lingga,Objek wisata Pendakian Gunung Daik ,-0.2028377178131235,104.60710882538606
5692,Kepulauan Riau,Kabupaten Lingga,Pantai 3 Berlian Teluk Rhu/Pantai Jang,-6.2297465,106.829518
5693,Kepulauan Riau,Kabupaten Lingga,Pantai Affa,-6.2297465,106.829518
5694,Kepulauan Riau,Kabupaten Lingga,Pantai Batu Berdaun,-6.2297465,106.829518
5695,Kepulauan Riau,Kabupaten Lingga,Pantai Benan ,0.46928407614286294,104.45498097089549
5696,Kepulauan Riau,Kabupaten Lingga,Pantai Dungun,-6.2297465,106.829518
5697,Kepulauan Riau,Kabupaten Lingga,Pantai Marquez,-6.2297465,106.829518
5698,Kepulauan Riau,Kabupaten Lingga,Pantai Mempanak,-6.2297465,106.829518
5699,Kepulauan Riau,Kabupaten Lingga,Pantai Sergang,-6.2297465,106.829518
5700,Kepulauan Riau,Kabupaten Lingga,Pemandian Air panas Dabo Singkep,-0.4398407545580256,104.52168779986333
5701,Kepulauan Riau,Kabupaten Lingga,Pemandian Air Terjun Batu Ampar Dabo Singkep,-0.47551634527815434,104.47149729945339
5702,Kepulauan Riau,Kabupaten Lingga,Pemandian Homestay Mading,-6.2297465,106.829518
5703,Kepulauan Riau,Kabupaten Lingga,Pemandian Lubuk Muncung,-6.2297465,106.829518
5704,Kepulauan Riau,Kabupaten Lingga,Pemandian Lubuk Papan Daik Lingga,-0.2161285432372069,104.59462918071337
5705,Kepulauan Riau,Kabupaten Lingga,Pendakian Bukit Permata Gunung Sepincan 1001 Mdpl,-6.2297465,106.829518
5706,Kepulauan Riau,Kabupaten Lingga,Pulau Berhala,-6.2297465,106.829518
5707,Kepulauan Riau,Kabupaten Lingga,Rumah Kebun,-6.2297465,106.829518
5708,Kepulauan Riau,Kabupaten Lingga,Situs Asli & Replika Istana Damnah Kesultanan Riau Lingga,-0.21463992330270576,104.5954471831893
5709,Kepulauan Riau,Kabupaten Lingga,"Wisata Agro ""Salak  Madu Paklong""",-6.2297465,106.829518
5710,Kepulauan Riau,Kabupaten Natuna,ADIWANA JELITA SEJUBA NATUNA,3.99395,108.35687
5711,Kepulauan Riau,Kabupaten Natuna,AIR TERJUN GUNUNG RANAI,3.949114,108.367759
5712,Kepulauan Riau,Kabupaten Natuna,ALIF STONE PARK,3.933376,108.383279
5713,Kepulauan Riau,Kabupaten Natuna,ALUN-ALUN PANTAI PIWANG,3.932527,108.382465
5714,Kepulauan Riau,Kabupaten Natuna,Masjid Agung Natuna,3.952703,108.383353
5715,Kepulauan Riau,Kabupaten Natuna,Pantai Batu Kasah,3.804615,108.39047
5716,Kepulauan Riau,Kabupaten Natuna,PANTAI TANJUNG WARUNG PESISIR,4.005939,108.344088
5717,Kepulauan Riau,Kabupaten Natuna,PULAU AKAR,3.780796,108.366109
5718,Kepulauan Riau,Kota B A T A M, Mangrove Pandang Tak Jemu,1.17363,104.07101
5719,Kepulauan Riau,Kota B A T A M,Batam Wide Park,1.16228,104.04499
5720,Kepulauan Riau,Kota B A T A M,Belalang Adventure,1.16123,104.04233
5721,Kepulauan Riau,Kota B A T A M,Bukit Senimna,1.09263,103.94306
5722,Kepulauan Riau,Kota B A T A M,Hutan Wisata Mata Kucing ,1.08506,103.97154
5723,Kepulauan Riau,Kota B A T A M,Jet Ski Adventure ( Harris Resort Watrefront Marina ),1.08247,103.93716
5724,Kepulauan Riau,Kota B A T A M,Jet Sky Adventure  ( Pantai Ciptaland Tiban ),1.13712,103.97747
5725,Kepulauan Riau,Kota B A T A M,Kampung Sawah,1.08358,103.9495
5726,Kepulauan Riau,Kota B A T A M,Kampung Seni,1.11113,104.09435
5727,Kepulauan Riau,Kota B A T A M,Lembah Pelangi,1.11902,103.95421
5728,Kepulauan Riau,Kota B A T A M,Mega Wisata Ocarina,1153,104.05548
5729,Kepulauan Riau,Kota B A T A M,Pantai Bale - Bale,1.17083,104.0699
5730,Kepulauan Riau,Kota B A T A M,Pantai Ketapang,1.14683,104.14184
5731,Kepulauan Riau,Kota B A T A M,Pantai Lagorap,1.148787,104.14074
5732,Kepulauan Riau,Kota B A T A M,Pantai Mak Iyah,1.14766,104.14122
5733,Kepulauan Riau,Kota B A T A M,Pantai Nongsa,1.19578,104.08655
5734,Kepulauan Riau,Kota B A T A M,Pantai Payung,1.14695,104.14183
5735,Kepulauan Riau,Kota B A T A M,Pantai Tanjung Uma,-1.14772,103.99239
5736,Kepulauan Riau,Kota B A T A M,Pantai Terih,1.15639,104.08433
5737,Kepulauan Riau,Kota B A T A M,Pulau Karas,0.75103,104.36662
5738,Kepulauan Riau,Kota B A T A M,Pulau Mubut,0.84577,104.25954
5739,Kepulauan Riau,Kota B A T A M,Puncak Beliung,1.09856,103.94121
5740,Kepulauan Riau,Kota B A T A M,Recball Terih,1.15639,104.08433
5741,Kepulauan Riau,Kota B A T A M,Rumpun Bakau Indah,0.99886,104.07745
5742,Kepulauan Riau,Kota B A T A M,Taman Wisata Alam Muka Kuning,1.07088,104.01291
5743,Kepulauan Riau,Kota B A T A M,Wisata Tangga Seribu,1.14534,103.94827
5744,Kepulauan Riau,Kota Tanjung Pinang,Areca Water Park,0.9040034,104.5047302
5745,Kepulauan Riau,Kota Tanjung Pinang,Balai Adat Indra Perkasa Pulau Penyengat,0.9271205,104.4125221
5746,Kepulauan Riau,Kota Tanjung Pinang,Gedung Gong-gong Laman Boenda,0.9274314,104.4360242
5747,Kepulauan Riau,Kota Tanjung Pinang,Komplek istana kantor,0.9281318,104.386018
5748,Kepulauan Riau,Kota Tanjung Pinang,Komplek makam engku putri,0.9124926,104.2353632
5749,Kepulauan Riau,Kota Tanjung Pinang,Masjid Raya Nur Ilahi,0.8847237,104.4515091
5750,Kepulauan Riau,Kota Tanjung Pinang,Masjid Raya Sultan Riau Penyengat,0.9293997,104.418294
5751,Kepulauan Riau,Kota Tanjung Pinang,Musium sultan sulaiman badrul alamsyah,0.9293028,104.4417663
5752,Kepulauan Riau,Kota Tanjung Pinang,Panglima Bulang Mangrove,0.9250202,104.4741554
5753,Kepulauan Riau,Kota Tanjung Pinang,Pantai Pasir Panjang Tanjung Siambang,0.8718488,104.4238675
5754,Kepulauan Riau,Kota Tanjung Pinang,Situs kota rebah hulu riau,0.9303448,104.4866563
5755,Kepulauan Riau,Kota Tanjung Pinang,Situs Makam Daeng Celak & Daeng Marewa,0.9328556,104.4903666
5756,Kepulauan Riau,Kota Tanjung Pinang,Sun Te Kong Temple,0.9438793,104.4328993
5757,Kepulauan Riau,Kota Tanjung Pinang,Taman Tugu Pensil ,0.9271687,104.3972011
5758,Kepulauan Riau,Kota Tanjung Pinang,Tanjungpinang City Center,0.9250202,104.4741554
5759,Kepulauan Riau,Kota Tanjung Pinang,Trans Studio Garden,0.9150422,104.5160844
5760,Kepulauan Riau,Kota Tanjung Pinang,Vihara Avalokitesvara Graha,0.9452019,104.5121833
5761,Kepulauan Riau,Kota Tanjung Pinang,Vihara ksitigarbha Bodhisatva,0.9045163,104.5381492
5762,Kepulauan Riau,Kota Tanjung Pinang,Vihara Maha Giri Buddha,0.9061975,104.4919194
5763,Kepulauan Riau,Kota Tanjung Pinang,Wisata kota tua Tanjungpinang ,0.9250202,104.4741554
5764,Lampung,Kabupaten Lampung Barat,AIR TERJUN CENGKAAN,-4.9826605,104.4396362
5765,Lampung,Kabupaten Lampung Barat,BUMI PERKEMAHAN SUKARAJA,-5.0416,104.3627
5766,Lampung,Kabupaten Lampung Barat,KAMPUNG KOPI RIGIS JAYA,-5.081034,104.450479
5767,Lampung,Kabupaten Lampung Barat,KEBUN RAYA LIWA,-5.0387,104.0754
5768,Lampung,Kabupaten Lampung Barat,KOLAM RENANG WAY SINDA,-5.0503,"104,068"
5769,Lampung,Kabupaten Lampung Barat,PINUS ECO PARK,-4.9828952,104.4952798
5770,Lampung,Kabupaten Lampung Barat,Puncak jaya Manggala ,-5.0185753,104.2311562
5771,Lampung,Kabupaten Lampung Barat,REENDJANA PARK,5.05547598,104.31499241
5772,Lampung,Kabupaten Lampung Barat,REST AREA PUNCAK SUMBER JAYA,-5027,104.4473
5773,Lampung,Kabupaten Lampung Barat,Sekolah kopi,-5.0270762,104.4267729
5774,Lampung,Kabupaten Lampung Barat,WATERBOOM USAHA MUDA,-5.0015783,104.4914294
5775,Lampung,Kabupaten Lampung Barat,WAY BESAI RAFTING,-5.0268045,104.4233953
5776,Lampung,Kabupaten Lampung Barat,Wisata alam batu langit,5.0196442,104.46323338
5777,Lampung,Kabupaten Lampung Barat,WISATA CAI KAHURIPAN,-5.0311,104.4164
5778,Lampung,Kabupaten Lampung Selatan,AIR TERJUN KHAJA SAKA,-6.2297465,106.829518
5779,Lampung,Kabupaten Lampung Selatan,ARANG GRILL & BEACH,-5.727019,105.604706
5780,Lampung,Kabupaten Lampung Selatan,BUKIT PEMATANG SUNRISE,-6.2297465,106.829518
5781,Lampung,Kabupaten Lampung Selatan,DAYN WATERBOOM,-5.716088,105.599213
5782,Lampung,Kabupaten Lampung Selatan,Kunjir Souvenir,-6.2297465,106.829518
5783,Lampung,Kabupaten Lampung Selatan,MBeach,-6.2297465,106.829518
5784,Lampung,Kabupaten Lampung Selatan,PANTAI ARANG ? RESTA,-6.2297465,106.829518
5785,Lampung,Kabupaten Lampung Selatan,PANTAI ARUNA,-5.724372,105.594749
5786,Lampung,Kabupaten Lampung Selatan,PANTAI CEMARA,-6.2297465,106.829518
5787,Lampung,Kabupaten Lampung Selatan,PANTAI M. BEACH,-6.2297465,106.829518
5788,Lampung,Kabupaten Lampung Selatan,PANTAI MARINA,-5.192159,105.040283
5789,Lampung,Kabupaten Lampung Selatan,PANTAI MARINA,-6.2297465,106.829518
5790,Lampung,Kabupaten Lampung Selatan,PANTAI MINANG RUA,-5.851661,105.720792
5791,Lampung,Kabupaten Lampung Selatan,PANTAI SEPENAN,-6.2297465,106.829518
5792,Lampung,Kabupaten Lampung Selatan,Pantai Serambi Krakatau,-5.83554,105.64619
5793,Lampung,Kabupaten Lampung Selatan,Pantai WWG Sikop,-5.83554,105.64196
5794,Lampung,Kabupaten Lampung Selatan,SENJA,-6.2297465,106.829518
5795,Lampung,Kabupaten Lampung Selatan,SIGER PARK BAKAUHENI HARBOUR CITY,-6.2297465,106.829518
5796,Lampung,Kabupaten Lampung Selatan,Way Tebing Ceppa,-5.751222,105.6562847
5797,Lampung,Kabupaten Lampung Selatan,Wisata Bahari Citra Usaha Laut II,-5.49,105.4
5798,Lampung,Kabupaten Lampung Tengah,BATU TUMPANG ,-6.2297465,106.829518
5799,Lampung,Kabupaten Lampung Tengah,BETAN SUBING,-6.2297465,106.829518
5800,Lampung,Kabupaten Lampung Tengah,CURUG LESTARI,-6.2297465,106.829518
5801,Lampung,Kabupaten Lampung Tengah,CURUG TUJUH,-6.2297465,106.829518
5802,Lampung,Kabupaten Lampung Tengah,DANAU BEKRI,-6.2297465,106.829518
5803,Lampung,Kabupaten Lampung Tengah,EMBUNG TANJUNG ANOM,-6.2297465,106.829518
5804,Lampung,Kabupaten Lampung Tengah,KARYA TAMA,-6.2297465,106.829518
5805,Lampung,Kabupaten Lampung Tengah,KEBUN GAHARU,-4.48759,105.50859
5806,Lampung,Kabupaten Lampung Tengah,KOPIAH EMAS,-6.2297465,106.829518
5807,Lampung,Kabupaten Lampung Tengah,Legok Ringgit,-5.169091,104.89605355
5808,Lampung,Kabupaten Lampung Tengah,Makan Tuan Penghulu,-4.8817013,105.2223905
5809,Lampung,Kabupaten Lampung Tengah,Pak Minak,-4.88022876,105.22090306
5810,Lampung,Kabupaten Lampung Tengah,PESONA WAY SEPUTIH,-4.95037,105.22763354
5811,Lampung,Kabupaten Lampung Tengah,POKDARWIS PELANGI,-6.2297465,106.829518
5812,Lampung,Kabupaten Lampung Tengah,PONDOK WISATA AGRO,-4.959007,105.313819
5813,Lampung,Kabupaten Lampung Tengah,Puncak BB (Bukit Batubara),-5.0492691,104.7783001
5814,Lampung,Kabupaten Lampung Tengah,Rumah Adat Betan Subing,-4.8817013,105.2223905
5815,Lampung,Kabupaten Lampung Tengah,SEGAR ASRI,-4.94848,105.85125
5816,Lampung,Kabupaten Lampung Tengah,SEMENANJUNG BADRAN,-6.2297465,106.829518
5817,Lampung,Kabupaten Lampung Tengah,Taman Cerry Glompong,-4.9411835,105.2107329
5818,Lampung,Kabupaten Lampung Tengah,Taman Gajah Siwo Mergo,-5.002881,105.2086582
5819,Lampung,Kabupaten Lampung Tengah,TELAGA REJO,-6.2297465,106.829518
5820,Lampung,Kabupaten Lampung Tengah,TIRTA GANGGA,-6.2297465,106.829518
5821,Lampung,Kabupaten Lampung Tengah,Tugu Canang,-4.976052,105.21222685
5822,Lampung,Kabupaten Lampung Tengah,Tugu Kopiah Emas,-4.9754133,105.2131424
5823,Lampung,Kabupaten Lampung Tengah,WISAMBA,-6.2297465,106.829518
5824,Lampung,Kabupaten Lampung Tengah,Wisata Danau Telogo Rejo,-5.166481,104.8377969
5825,Lampung,Kabupaten Lampung Timur,Agrowisata Islamic Centre,-5.01622,105.534153
5826,Lampung,Kabupaten Lampung Timur,bendungan danau way jepara ,-5.213528,105.714074
5827,Lampung,Kabupaten Lampung Timur,danau  BBkan ,-5.584081,105.789284
5828,Lampung,Kabupaten Lampung Timur,DESA WANA ,-5.337327,105.70828
5829,Lampung,Kabupaten Lampung Timur,embung nibung kalijodo ,-5.378346,6945.776572
5830,Lampung,Kabupaten Lampung Timur,Gedung Sesat Agung,-5.066873,105.550785
5831,Lampung,Kabupaten Lampung Timur,GERYA KEBUN,-5.112433,105.342963
5832,Lampung,Kabupaten Lampung Timur,Kolam Pemandian Tiara Mas,-5.13915,105.7095
5833,Lampung,Kabupaten Lampung Timur,Kolam Renang DMC Lestari,-5.108539,105.477991
5834,Lampung,Kabupaten Lampung Timur,KOLAM RENANG INTANA,-5.129402,105434819
5835,Lampung,Kabupaten Lampung Timur,KOLAM RENANG PITALOKA,-6.2297465,106.829518
5836,Lampung,Kabupaten Lampung Timur,Kolam Renang Tirto Golden,-5.137909,105.375496
5837,Lampung,Kabupaten Lampung Timur,Kolam Renang Z.S Berkah Mandiri,-5.12098,105.402553
5838,Lampung,Kabupaten Lampung Timur,koprasi dwi rasa ,-5.066536,105.659191
5839,Lampung,Kabupaten Lampung Timur,koprasi jawis angsana ,-5.175854,105.786784
5840,Lampung,Kabupaten Lampung Timur,koprasi ratu karang sari ,-5.134821,105.679311
5841,Lampung,Kabupaten Lampung Timur,KR. Bonetan,-5.129009,105.444925
5842,Lampung,Kabupaten Lampung Timur,magruf sriminosari ,-5.515632,105.799643
5843,Lampung,Kabupaten Lampung Timur,makam al habib husain bin usman  alaidrus,-5.328333,105.784722
5844,Lampung,Kabupaten Lampung Timur,MANGRUF PANDAN ALAS ,-5.288101,105.813299
5845,Lampung,Kabupaten Lampung Timur,pantai cemara,-5.362964,105.813668
5846,Lampung,Kabupaten Lampung Timur,pantai mutiara baru,-5.434635,105.810656
5847,Lampung,Kabupaten Lampung Timur,pemancingan  rawa gangeng ,-5.260752,105.678787
5848,Lampung,Kabupaten Lampung Timur,Pemancingan Garuda,-5.056023,103.401003
5849,Lampung,Kabupaten Lampung Timur,Pemancingan Mas Edi,-5.097948,105.37405
5850,Lampung,Kabupaten Lampung Timur,pokdarwis leman seto,-5.139374,105.714435
5851,Lampung,Kabupaten Lampung Timur,RANDU MAS,-6.2297465,106.829518
5852,Lampung,Kabupaten Lampung Timur,reast  area  way kambas,-5.142793,105.717552
5853,Lampung,Kabupaten Lampung Timur,Rumah Informasi Kencana Lepus,-5.065211,105.552172
5854,Lampung,Kabupaten Lampung Timur,SUMUR 7,-5.216307,105.496241
5855,Lampung,Kabupaten Lampung Timur,Taman Kreasi Langgeng Tirto,-5.0685539,105.4082927
5856,Lampung,Kabupaten Lampung Timur,TAMAN PURBAKALA PUGUNG RAHARJO,-6.2297465,106.829518
5857,Lampung,Kabupaten Lampung Timur,Taman Santap Mbak Dwi,-5.071879,105.382947
5858,Lampung,Kabupaten Lampung Timur,Taman Wisata Beringin Indah,-5.068751,105.515302
5859,Lampung,Kabupaten Lampung Timur,Waterboom Tirta Kencana,-5.302687,105.746012
5860,Lampung,Kabupaten Lampung Timur,wisata  marga indah ,-5.255965,105.679785
5861,Lampung,Kabupaten Lampung Timur,Wisata Alam Kali Aro,-5.296883,105.736633
5862,Lampung,Kabupaten Lampung Timur,Wisata Danau Kemuning,-5.305023,105.734223
5863,Lampung,Kabupaten Lampung Timur,Wisata Kuliner Islamic Centre,-5.018802,105.534892
5864,Lampung,Kabupaten Lampung Timur,Wisata Terapi Ikan Kali Medek,-5.298656,105.731725
5865,Lampung,Kabupaten Lampung Utara,AGROWISATA KEBUN JERUK,-6.2297465,106.829518
5866,Lampung,Kabupaten Lampung Utara,AIR TERJUN GUNING GINJUL,-6.2297465,106.829518
5867,Lampung,Kabupaten Lampung Utara,Bendungan Way Tulung Mas,-4.787222222,104.7733333
5868,Lampung,Kabupaten Lampung Utara,Curup Selampung,-4.807777778,104.6958333
5869,Lampung,Kabupaten Lampung Utara,Curup Sri Ratu Klawas,-4.9631065,104.73458
5870,Lampung,Kabupaten Lampung Utara,Green Bambo,-4.91,104.7286111
5871,Lampung,Kabupaten Lampung Utara,Green Belt,-4.851944444,104.7369444
5872,Lampung,Kabupaten Lampung Utara,islamik Center,-4.842599,104.870165
5873,Lampung,Kabupaten Lampung Utara,Klontongan,-4.4404,104.5123
5874,Lampung,Kabupaten Lampung Utara,Kolam pemancingan Sis Kumis,-4.833611111,104.8883333
5875,Lampung,Kabupaten Lampung Utara,Kolam Pemancingan Wahyu TMII,-4.76,104.9152778
5876,Lampung,Kabupaten Lampung Utara,Kolam Renang Satria Fortuna,-4.855555556,104.6125
5877,Lampung,Kabupaten Lampung Utara,Kolam Renang Sri Lestari,-4.508611111,104.8983333
5878,Lampung,Kabupaten Lampung Utara,Kolam Renang Tirta Intan Kencana,-4.826111111,104.9155556
5879,Lampung,Kabupaten Lampung Utara,Kolam Seribu Ban,-4.563786,104.959524
5880,Lampung,Kabupaten Lampung Utara,Lembah Bambu Kuning,-4.840555556,104.9330556
5881,Lampung,Kabupaten Lampung Utara,Makam Istri Puyang Minah Trio Deso,-4.885555556,104.5980556
5882,Lampung,Kabupaten Lampung Utara,Makam Keramat Radin Jawa Dilampung,-4.59639,104.959827
5883,Lampung,Kabupaten Lampung Utara,Makam Minah Trio Deso,-4.884166667,104.5786111
5884,Lampung,Kabupaten Lampung Utara,Makam Sayid Abu Bakar Bin Husen Alatas ,-4.874682,104.966141
5885,Lampung,Kabupaten Lampung Utara,Masjid Agung Al Jamik,-4.822222222,104.88
5886,Lampung,Kabupaten Lampung Utara,MUSEUM MINI LAMPUNG UTARA,-6.2297465,106.829518
5887,Lampung,Kabupaten Lampung Utara,Situs Keramat Teluk,-4.902886,104.992339
5888,Lampung,Kabupaten Lampung Utara,Stadion Sukung Kotabumi,-4.842959,104.897592
5889,Lampung,Kabupaten Lampung Utara,Taman Gading,-4.841197,104.870722
5890,Lampung,Kabupaten Lampung Utara,TAMAN KOLEKTIF SUBIK,-6.2297465,106.829518
5891,Lampung,Kabupaten Lampung Utara,Taman Monlee,-4.666692,105.00617
5892,Lampung,Kabupaten Lampung Utara,Taman Olah Seni,-4.823888889,104.8822222
5893,Lampung,Kabupaten Lampung Utara,Taman Sahabat,-4.824722222,104.8833333
5894,Lampung,Kabupaten Lampung Utara,Taman Wisata Bening Indah,-4.950277778,104.78
5895,Lampung,Kabupaten Lampung Utara,Taman Wisata Way Rarem,-4.931388889,104.7925
5896,Lampung,Kabupaten Lampung Utara,Tirta Sinta indah,-4.734166667,104.8538889
5897,Lampung,Kabupaten Lampung Utara,Tugu Payan Mas,-4.834767,104.89724
5898,Lampung,Kabupaten Lampung Utara,Way Tebabeng,-4.922777778,104.9875
5899,Lampung,Kabupaten Lampung Utara,Wisata alam air terjun kenju,-4.966388889,104.7341667
5900,Lampung,Kabupaten Lampung Utara,Wisata Makam Apung,-4.921548,104.984358
5901,Lampung,Kabupaten Mesuji,ALUN - ALUN HADI MULYO,-6.2297465,106.829518
5902,Lampung,Kabupaten Mesuji,ALUN - ALUN MULYA AGUNG,-4.025752,105.138049
5903,Lampung,Kabupaten Mesuji,ALUN-ALUN SIMPANG PEMATANG ,-4.018552,105.247587
5904,Lampung,Kabupaten Mesuji,BENDUNGAN ALBARET,-4.01064,105.25338
5905,Lampung,Kabupaten Mesuji,BENDUNGAN BENIL,-3.9378,105.3733
5906,Lampung,Kabupaten Mesuji,BENDUNGAN BRABASAN,-3.9868,105.3358
5907,Lampung,Kabupaten Mesuji,DANAU ASRI BUKO POSO,-4183,105.1637
5908,Lampung,Kabupaten Mesuji,DANAU ASRI BUKOPOSO,-6.2297465,106.829518
5909,Lampung,Kabupaten Mesuji,DERMAGA WIRALAGA MESUJI,-6.2297465,106.829518
5910,Lampung,Kabupaten Mesuji,EMBUNG BUMI HARAPAN,-4.2118,105.1279
5911,Lampung,Kabupaten Mesuji,EMBUNG PANCA WARNA,-6.2297465,106.829518
5912,Lampung,Kabupaten Mesuji,EMBUNG SUKA AGUNG,-4.0383,105.1834
5913,Lampung,Kabupaten Mesuji,GALATAMA FISHING SRIKANDI,-4.0135,105.2501
5914,Lampung,Kabupaten Mesuji,JEMBATAN EMBUNG SIMPANG PEMATANG,-4.010721,105.253663
5915,Lampung,Kabupaten Mesuji,PEMANCINGAN SANTAI,-4029,105.2478
5916,Lampung,Kabupaten Mesuji,QARIRA GAREDEN,-4.206404,105.12756
5917,Lampung,Kabupaten Mesuji,REST AREA 234,-4.081213,105.159211
5918,Lampung,Kabupaten Mesuji,REST AREA AGUNG BATIN,-4.025085,105.137877
5919,Lampung,Kabupaten Mesuji,TAMAN KEHATI SUNGAI CAMBAI,-6.2297465,106.829518
5920,Lampung,Kabupaten Mesuji,TAMAN KEHATI WATERPARK,-3.95421,105.3251
5921,Lampung,Kabupaten Mesuji,TAMAN NUSA INDAH BRABASAN,-6.2297465,106.829518
5922,Lampung,Kabupaten Mesuji,TUGU KEANEKARAGAMAN HAYATI,-3.9537,105.3248
5923,Lampung,Kabupaten Mesuji,WATERBOOM RAYA TIRTA MULYA,-4.0286,105.1381
5924,Lampung,Kabupaten Mesuji,WISATA ASIK WIRALAGA ,-6.2297465,106.829518
5925,Lampung,Kabupaten Mesuji,WISATA RELIGI ( ISLAMIC CENTER ),-6.2297465,106.829518
5926,Lampung,Kabupaten Mesuji,WISATA SUNGAI KABUNG,-6.2297465,106.829518
5927,Lampung,Kabupaten Mesuji,WISATA SUSUR SUNGAI,-4.38447,105.4889
5928,Lampung,Kabupaten Mesuji,WISATA TUGU SEPUJANG PENGANTIN,-4.0262,105.2477
5929,Lampung,Kabupaten Mesuji,WISATA TUGU TANI MESUJI,-4.1752,105.2116
5930,Lampung,Kabupaten Mesuji,YUKIKU GARDEN,-3.9619,105.3642
5931,Lampung,Kabupaten Pesawaran,AGRO WISATA ABANG FAREL,-5.240922,105.165253
5932,Lampung,Kabupaten Pesawaran,Air Terjun Anglo Kaliawi,-5.535555556,105.0697222
5933,Lampung,Kabupaten Pesawaran,AIR TERJUN GUNUNG BETUNG,-5.372818,105.130641
5934,Lampung,Kabupaten Pesawaran,Air Terjun Kembar Rindu Alam,-5.582222222,105.0588889
5935,Lampung,Kabupaten Pesawaran,AIR TERJUN SENTUL JAYA,-5.586637,105.079707
5936,Lampung,Kabupaten Pesawaran,AIR TERJUN SINAR TIGA,-5.591891,105.072625
5937,Lampung,Kabupaten Pesawaran,AMANDADI RIVERSIDE,-5.416167,105.096999
5938,Lampung,Kabupaten Pesawaran,Bensam Beach,-5.5775,105.2005556
5939,Lampung,Kabupaten Pesawaran,BUKIT PERKEMAHAN BUKIT CENDANA,-5.591891,105.072625
5940,Lampung,Kabupaten Pesawaran,BUKIT TALANG MULYA (AGRO WISATA),-5.460281,105.191761
5941,Lampung,Kabupaten Pesawaran,ECO-MANGROVE CUKU NYI-NYI,-5.562325,105.244168
5942,Lampung,Kabupaten Pesawaran,Embung Purworejo,-5.355277778,105.0755556
5943,Lampung,Kabupaten Pesawaran,Hutan Mangrove Petengoran,-6.2297465,106.829518
5944,Lampung,Kabupaten Pesawaran,JEJAMA KHAM TAPIS,-5.348298,105.088521
5945,Lampung,Kabupaten Pesawaran,KOLAM RENANG LEMBAH DAMAI,-5.43968,105.096856
5946,Lampung,Kabupaten Pesawaran,Kolam Renang Pesawaran City,-5.396944444,105.0791667
5947,Lampung,Kabupaten Pesawaran,KOLAM RENANG SUNJOYO,-5.380885,105.135528
5948,Lampung,Kabupaten Pesawaran,KOLAM RENANG TIRTA GARDEN,-5.482065,105.016272
5949,Lampung,Kabupaten Pesawaran,KOLAM RENANG TIRTO SANTOSO,-5.367565,105.165118
5950,Lampung,Kabupaten Pesawaran,Kolam Renang WLC,-5.443055556,105.0338889
5951,Lampung,Kabupaten Pesawaran,MS Town Pantai Mutun,-5.514166667,105.2627778
5952,Lampung,Kabupaten Pesawaran,MUNCAK TEROPONG LAUT,-5.488237,105.244203
5953,Lampung,Kabupaten Pesawaran,Museum Transmigrasi,-5.37749,105.10675
5954,Lampung,Kabupaten Pesawaran,PANTAI D'RAJASH,-5.548217,105.250997
5955,Lampung,Kabupaten Pesawaran,Pantai Dewi Mandapa,-5.572222222,105.2447222
5956,Lampung,Kabupaten Pesawaran,PANTAI KETAPANG BAHARI,-5.579308,105.198169
5957,Lampung,Kabupaten Pesawaran,Pantai Klara 2,-5.583055556,105.2180556
5958,Lampung,Kabupaten Pesawaran,Pantai Klara I,-6.2297465,106.829518
5959,Lampung,Kabupaten Pesawaran,Pantai Pulau Tembikil,-5.517777778,105.2569444
5960,Lampung,Kabupaten Pesawaran,Pantai Putri Distian Mutun,-5.513333333,105.2611111
5961,Lampung,Kabupaten Pesawaran,Pantai Sari Ringgung,-5.556944444,105.2513889
5962,Lampung,Kabupaten Pesawaran,Saung Djunjungan,-5.358055556,105.1838889
5963,Lampung,Kabupaten Pesawaran,Sungai Kali Bronjong,-5.421111111,105.0686111
5964,Lampung,Kabupaten Pesawaran,Tabura Pelayangan,-5.334722222,105.0619444
5965,Lampung,Kabupaten Pesawaran,TENUN SULAM JELUJUR,-5.367565,105.165118
5966,Lampung,Kabupaten Pesawaran,WATERBOOM W&W,-5.588932,105.070281
5967,Lampung,Kabupaten Pesawaran,WISATA ALAM PUNGGUNG NAGA,-5.591891,105.072625
5968,Lampung,Kabupaten Pesawaran,WISATA ALAM WAY MIOS,-5.439365,105.096959
5969,Lampung,Kabupaten Pesawaran,Youth Camp Tahura,-5.516666667,105.2266667
5970,Lampung,Kabupaten Pesisir Barat,Kawasan Wisata Labuhan Jukung,-5.191083,103.931425
5971,Lampung,Kabupaten Pesisir Barat,Kedai Ram,-5.3158,103.9947
5972,Lampung,Kabupaten Pesisir Barat,Objek WIsata Goa Matu,-5.113636,103.890405
5973,Lampung,Kabupaten Pesisir Barat,Pantai Batu Mirau,-4.96841,"103,718"
5974,Lampung,Kabupaten Pesisir Barat,Pantai Batu Tihang,-5.0508,103.8152
5975,Lampung,Kabupaten Pesisir Barat,Pantai Harapan,-5315,"103,994"
5976,Lampung,Kabupaten Pesisir Barat,Pantai Penaga Resort,-5.3124,103.9934
5977,Lampung,Kabupaten Pesisir Barat,WISATA PANTAI LABUHAN JUKUNG,-6.2297465,106.829518
5978,Lampung,Kabupaten Pringsewu,BMJ,-5.381085,105.053537
5979,Lampung,Kabupaten Pringsewu,BMJ,-5.380972,105.05358
5980,Lampung,Kabupaten Pringsewu,Bukit Tursina,-5.345212,104.940391
5981,Lampung,Kabupaten Pringsewu,Cakra Pesona,-5.342799,104.90797
5982,Lampung,Kabupaten Pringsewu,CekDam Fajar Agung,-5.36313,10.97083
5983,Lampung,Kabupaten Pringsewu,Eco Taman Sari,-5.381388,104.902484
5984,Lampung,Kabupaten Pringsewu,Goa Maria Padang Bulan,-5.350322,104.950371
5985,Lampung,Kabupaten Pringsewu,Gunung Gede Kawitan,-5.06525,104.936164
5986,Lampung,Kabupaten Pringsewu,Jembatan Talang Bumi Ratu,-5.38137,104.94452
5987,Lampung,Kabupaten Pringsewu,Lanakila Lake,-5.342302,104.909165
5988,Lampung,Kabupaten Pringsewu,Lembah Akasia,-5.330936,104.965128
5989,Lampung,Kabupaten Pringsewu,Ndoro Putri,-5.344571,104.884678
5990,Lampung,Kabupaten Pringsewu,PRINCHSTO,-5.364725,104.96917
5991,Lampung,Kabupaten Pringsewu,REST Area Pringsewu,-5.37239,105.01216
5992,Lampung,Kabupaten Pringsewu,Saung Cempedak,-5.311771,104.92338
5993,Lampung,Kabupaten Pringsewu,Sentral Industri Tahu,-5.37459,105.06919
5994,Lampung,Kabupaten Pringsewu,Talang Indah Pajar Esuk,-5.35453,104.946349
5995,Lampung,Kabupaten Pringsewu,Taman Geswood,-5.37289,105.05152
5996,Lampung,Kabupaten Pringsewu,Taman Jomblo,-5.300221,104.919595
5997,Lampung,Kabupaten Pringsewu,Taman Lantana,-5.37558,105.075591
5998,Lampung,Kabupaten Pringsewu,Taman Sabah Fajar Agung,-5.36298,104.952818
5999,Lampung,Kabupaten Pringsewu,Taman Sabin,-5.382352,105.055206
6000,Lampung,Kabupaten Pringsewu,Taman Senja  Wisata,-5.344054,104.884907
6001,Lampung,Kabupaten Pringsewu,Taman Tirta Asri,-5.301219,104.925222
6002,Lampung,Kabupaten Pringsewu,Taman Wisata Watu Kelir,-5.402194,104.93942
6003,Lampung,Kabupaten Pringsewu,Tanjung Rusia,-5.364725,104.96917
6004,Lampung,Kabupaten Pringsewu,Telaga Emas Ngundi Rukun,-5.316796,104.965801
6005,Lampung,Kabupaten Pringsewu,Telaga Gupit,-5.3374,105.060584
6006,Lampung,Kabupaten Pringsewu,Teluk Kenyo,-5.344056,104.892574
6007,Lampung,Kabupaten Pringsewu,Tugu Pringsewu,-5.36559,105.00715
6008,Lampung,Kabupaten Pringsewu,Wisata Taman Sabin,-5.382761,105.055431
6009,Lampung,Kabupaten Tanggamus,Agrowisata Jambu Kristal,-5.393319,104.760951
6010,Lampung,Kabupaten Tanggamus,Air terjun lamuran,-5.450455,104.626132
6011,Lampung,Kabupaten Tanggamus,Air Terjun Lembah Pelangi,-5.334128,104.54768
6012,Lampung,Kabupaten Tanggamus,Air terjun Way kerap,-5.478497,104.461672
6013,Lampung,Kabupaten Tanggamus,Bendungan Way Nyampur,-5.434734,104.62544
6014,Lampung,Kabupaten Tanggamus,Bukit Idaman,-5.431832,104.727658
6015,Lampung,Kabupaten Tanggamus,Butterfly,-5.443611,104.72848
6016,Lampung,Kabupaten Tanggamus,Cemarah beach,-5.509102,104.562675
6017,Lampung,Kabupaten Tanggamus,Danau hijau (Air Panas),-5.323898,104.576595
6018,Lampung,Kabupaten Tanggamus,Dermaga Batu balai,-6.2297465,106.829518
6019,Lampung,Kabupaten Tanggamus,Laguna Gayau,-5.780952,104.107776
6020,Lampung,Kabupaten Tanggamus,Lentana Garden,-5.443955,104.725117
6021,Lampung,Kabupaten Tanggamus,Margo Tirto,-6.2297465,106.829518
6022,Lampung,Kabupaten Tanggamus,Mata Air Simpang Kanan,-5.38965,104.714056
6023,Lampung,Kabupaten Tanggamus,Mata Air Sumber Agung,-5.37107,104.678321
6024,Lampung,Kabupaten Tanggamus,Mata Air Sumber Agung,-6.2297465,106.829518
6025,Lampung,Kabupaten Tanggamus,Pantai  digoel,-6.2297465,106.829518
6026,Lampung,Kabupaten Tanggamus,Pantai bahari,-5.511877,104.561464
6027,Lampung,Kabupaten Tanggamus,Pantai Batu Kebau II,-6.2297465,106.829518
6028,Lampung,Kabupaten Tanggamus,Pantai Batu Kebau tua,-6.2297465,106.829518
6029,Lampung,Kabupaten Tanggamus,Pantai Bunga digoel,-6.2297465,106.829518
6030,Lampung,Kabupaten Tanggamus,Pantai karang Indah,-5.532372,104.717504
6031,Lampung,Kabupaten Tanggamus,Pantai Losari,-6.2297465,106.829518
6032,Lampung,Kabupaten Tanggamus,Pantai Seadanan,-5.569397,104.55085
6033,Lampung,Kabupaten Tanggamus,Pantai Tanjung palapa,-5.515593,104.556101
6034,Lampung,Kabupaten Tanggamus,pantai tulung kelom,-5.502872,104.62964
6035,Lampung,Kabupaten Tanggamus,Pantai Wisata kekhamat butuah,-5.570986,104.55169
6036,Lampung,Kabupaten Tanggamus,Pulau Kiluan / Pulau Kelapa,-5.78142,104.0936551
6037,Lampung,Kabupaten Tanggamus,Rekreasi pihabung karang,-6.2297465,106.829518
6038,Lampung,Kabupaten Tanggamus,Rest Area Gisting,-5.423014,104.31564
6039,Lampung,Kabupaten Tanggamus,Sidokaton,-5.416444,104.709462
6040,Lampung,Kabupaten Tanggamus,Sumber Mulyo Sailing,-5.365408,104.710838
6041,Lampung,Kabupaten Tanggamus,Taman Wisata Muara Indah,-5.498068,104.618367
6042,Lampung,Kabupaten Tanggamus,Vila Voda,-5.454111,104.707583
6043,Lampung,Kabupaten Tanggamus,Water dam,-5.421105,104.724547
6044,Lampung,Kabupaten Tanggamus,Way Lalaan,-5.485055,104.689285
6045,Lampung,Kabupaten Tanggamus,Way Tahili,-6.2297465,106.829518
6046,Lampung,Kabupaten Tanggamus,Wisata batu Balai,-6.2297465,106.829518
6047,Lampung,Kabupaten Tanggamus,wisata Batu Beragh,-6.2297465,106.829518
6048,Lampung,Kabupaten Tanggamus,Wisata Bukit idaman,-5.431333,104.73058
6049,Lampung,Kabupaten Tanggamus,Wisata Bukit Neba,-6.2297465,106.829518
6050,Lampung,Kabupaten Tanggamus,Wisata Gigi Hiu,-5.781462,104.09369
6051,Lampung,Kabupaten Tanggamus,Wisata Muara Burnai,-6.2297465,106.829518
6052,Lampung,Kabupaten Tanggamus,Wisata pantai Bunga tanjung,-6.2297465,106.829518
6053,Lampung,Kabupaten Tanggamus,Wisata Pantai Pesesekh Khikit,-5.562161,104.548832
6054,Lampung,Kabupaten Tanggamus,Wisata pantai terbaya,-5.507631,104.644578
6055,Lampung,Kabupaten Tanggamus,Wisata Pulau Biru,-5.450455,104.616518
6056,Lampung,Kabupaten Tanggamus,Wisata Teluk Kiluan,-5.780224,105.107636
6057,Lampung,Kabupaten Tulang Bawang Barat,AGRO WISATA,-4.56339,105.11045
6058,Lampung,Kabupaten Tulang Bawang Barat,KEBUN ANGGUR MINI KURNIA GRAPE,-4.49683,105.14405
6059,Lampung,Kabupaten Tulang Bawang Barat,KERAMAT GEMOL,-4.485277777777,105.048611111
6060,Lampung,Kabupaten Tulang Bawang Barat,KOLAM RENANG BANG ARI,-4.52083,105.07747
6061,Lampung,Kabupaten Tulang Bawang Barat,KOLAM RENANG WAHANA BANYU BIRU,-6.2297465,106.829518
6062,Lampung,Kabupaten Tulang Bawang Barat,KOLAM RENANG WAY HANDAK,-4.63245,105.13857
6063,Lampung,Kabupaten Tulang Bawang Barat,KOMPLEK ISLAMIK CENTER,-6.2297465,106.829518
6064,Lampung,Kabupaten Tulang Bawang Barat,LAS SENGOK,-6.2297465,106.829518
6065,Lampung,Kabupaten Tulang Bawang Barat,LEMBAH TURE,-4.51818,105.08123
6066,Lampung,Kabupaten Tulang Bawang Barat,MAKAM TUBAGUS MUSTOFA,-4.59495,105.131511
6067,Lampung,Kabupaten Tulang Bawang Barat,PELANGI WATER BOOM,-4.58821,105.10105
6068,Lampung,Kabupaten Tulang Bawang Barat,PEMANCINGAN ( TOKO ),-4.63545,105.15414
6069,Lampung,Kabupaten Tulang Bawang Barat,PEMANCINGAN ARWANA,-4.59693,105.10979
6070,Lampung,Kabupaten Tulang Bawang Barat,PEMANCINGAN CHINA,-4.58773,105.08711
6071,Lampung,Kabupaten Tulang Bawang Barat,PEMANCINGAN IWAN,-4.62713,105.15234
6072,Lampung,Kabupaten Tulang Bawang Barat,PEMANCINGAN JAURI,-4.54276,105.09565
6073,Lampung,Kabupaten Tulang Bawang Barat,PEMANCINGAN JOKO,-4.63284,105.16638
6074,Lampung,Kabupaten Tulang Bawang Barat,PEMANCINGAN LELE,-4.6293,105.08454
6075,Lampung,Kabupaten Tulang Bawang Barat,PEMANCINGAN LELE PAK HARYONO,-4.60152,105.1383
6076,Lampung,Kabupaten Tulang Bawang Barat,PEMANCINGAN LELE SURAT,-4.63095,105.08225
6077,Lampung,Kabupaten Tulang Bawang Barat,PEMANCINGAN MBAH AYUB,-4.60622,105.13574
6078,Lampung,Kabupaten Tulang Bawang Barat,PEMANCINGAN MBAH KADEK,-5.68705,112.474631
6079,Lampung,Kabupaten Tulang Bawang Barat,PEMANCINGAN MBAH YATIMAN,-4.62952,105.08691
6080,Lampung,Kabupaten Tulang Bawang Barat,PEMANCINGAN PENDE,-4.63672,105.16824
6081,Lampung,Kabupaten Tulang Bawang Barat,PEMANCINGAN PINGGIR RAWA ( ARIFUDIN ),-4.63658,105.15339
6082,Lampung,Kabupaten Tulang Bawang Barat,PEMANCINGAN SAMUDRA,-4.63624,105.13415
6083,Lampung,Kabupaten Tulang Bawang Barat,PEMANCINGAN SEPAKAT ( RAWA KEBO ),-4.5374,105.0876
6084,Lampung,Kabupaten Tulang Bawang Barat,PEMANCINGAN YANTO,-4.60036,105.14571
6085,Lampung,Kabupaten Tulang Bawang Barat,TAMAN BERMAIN SEHATI IBU DAN ANAK,-4.5167,105.08991
6086,Lampung,Kabupaten Tulang Bawang Barat,"TAMAN EDUKASI 3k 1w ( Kolam,Kandang,Kebun dan WIsata)",-4.54618,105.04554
6087,Lampung,Kabupaten Tulang Bawang Barat,TAMAN FAIZ,-4.63145,105.02012
6088,Lampung,Kabupaten Tulang Bawang Barat,TAMAN FAIZ,-4.63145,105.02012
6089,Lampung,Kabupaten Tulang Bawang Barat,TAMAN KULINER,-6.2297465,106.829518
6090,Lampung,Kabupaten Tulang Bawang Barat,TAMAN KURA - KURA,-4.56325,105.11098
6091,Lampung,Kabupaten Tulang Bawang Barat,TAMAN SEHATI IBU DAN ANAK,-4.5903,105.10383
6092,Lampung,Kabupaten Tulang Bawang Barat,TAMAN UMBUL KAPUK,-4.62732,105.07993
6093,Lampung,Kabupaten Tulang Bawang Barat,TUGU EMPAT MARGA,-4.48785,105.10612
6094,Lampung,Kabupaten Tulang Bawang Barat,TUGU RATO,-4.53982,105.0873
6095,Lampung,Kabupaten Tulang Bawang Barat,ULUAN NUGRIK,-4.53271,"105,085"
6096,Lampung,Kabupaten Tulang Bawang Barat,WATER PARK KALI MIRING ,-4.62622,105.12692
6097,Lampung,Kabupaten Tulang Bawang Barat,WISATA  KERAJINAN TIKAR ATEW GERA,-4.4703199662933795,105.01809754647425
6098,Lampung,Kabupaten Tulang Bawang Barat,WISATA TELUSUR SUNGAI GEDUNG RATU,-4.4906109682091335,105.0294134230415
6099,Lampung,Kabupaten Tulang Bawang Barat,WISATA TIKAR GEDUNG RATU,-4.4685,105.018418
6100,Lampung,Kabupaten Tulangbawang,CAKAT RAYA,-4.250551,105.059823
6101,Lampung,Kabupaten Tulangbawang,GEDUNG PERWAATIN,-4.4717656,105.24013156
6102,Lampung,Kabupaten Tulangbawang,KOLAM RENANG DWI PUSPA,-4.169061,105.224099
6103,Lampung,Kabupaten Tulangbawang,KOLAM RENANG TAMAN BAHAGIA,-4.237969,105.451906
6104,Lampung,Kabupaten Tulangbawang,KOLAM RENANG TAMAN TRIJI,-4.162897,105.76308
6105,Lampung,Kabupaten Tulangbawang,KOLAM RENANG TIRTA JAYA,-4.235829,105.412635
6106,Lampung,Kabupaten Tulangbawang,KOLAM RENANG UMBUL LEKOU,-4.323474,105.456315
6107,Lampung,Kabupaten Tulangbawang,MAKAM MENAK NGEGULUNG SAKTI,-4.298483,105.484488
6108,Lampung,Kabupaten Tulangbawang,MAKAM MENAK SENGAJI,-4.294375,105.543464
6109,Lampung,Kabupaten Tulangbawang,MAKAM MENAK SERAPAH,-6.2297465,106.829518
6110,Lampung,Kabupaten Tulangbawang,MASJID AGUNG MENGGALA,-4.468237,105.2533575
6111,Lampung,Kabupaten Tulangbawang,PANTAI LAUT AGUNG,-4.16461,105.48388
6112,Lampung,Kabupaten Tulangbawang,PARIS KIDS LAND,-4.169061,105.465704
6113,Lampung,Kabupaten Tulangbawang,PELANGI ALAM MESIR,-4.136189,105.443842
6114,Lampung,Kabupaten Tulangbawang,PEMANCINGAN KAMTU,-4.552989,105.221913
6115,Lampung,Kabupaten Tulangbawang,PEMANCINGAN MAHARO SEPANG,-4.496791,105.286037
6116,Lampung,Kabupaten Tulangbawang,PEMANCINGAN NURUL QODRI,-4.535231,105.235034
6117,Lampung,Kabupaten Tulangbawang,RUMAH ADAT - WARGANEGARA,-4.289581,105.531109
6118,Lampung,Kabupaten Tulangbawang,SESAT AGUNG DAN NOWO ADAT MEGOWPAK,-4.289581,105.4875
6119,Lampung,Kabupaten Tulangbawang,Taman Ikan Jelabat,-4.461789,105.257897
6120,Lampung,Kabupaten Tulangbawang,TAMAN IKATAN CINTA  DAN KERUKUNAN,-4.147146,105.465616
6121,Lampung,Kabupaten Tulangbawang,TAMAN MERAH PUTIH,-4.188921,105.308596
6122,Lampung,Kabupaten Tulangbawang,TAMAN TERAPI IKAN ,-4.131737,105.565969
6123,Lampung,Kabupaten Tulangbawang,TANGGA RAJA MENGGALA,-4.282905,105.470655
6124,Lampung,Kabupaten Tulangbawang,TELAGA LUMUT WANGI,-4.147146,105.498724
6125,Lampung,Kabupaten Tulangbawang,WATER BOOM TIRTA GARDEN,-4.167006,105.506284
6126,Lampung,Kabupaten Tulangbawang,WISATA ALAM 21,-4.137216,105.483897
6127,Lampung,Kabupaten Tulangbawang,WISATA PULAU DAGING DAN KAPAL CHINA,-4.47285,105.237558
6128,Lampung,Kabupaten Tulangbawang,WISATA SAWAH KAPE,-4.158104,105.531799
6129,Lampung,Kabupaten Tulangbawang,WISATA ZIARAH MAKAM TUBAGUS MAK ALI,-4.475325,105.249877
6130,Lampung,Kabupaten Tulangbawang,WISATA ZIARAH PEPADUN BATU,-4.470313,105.252454
6131,Lampung,Kabupaten Tulangbawang,YAYASAN TUAN RATU SEPAHIT LIDAH,-4.278626,105.509484
6132,Lampung,Kabupaten Way Kanan,Bendungan Meriam,-4.59375,104.640201
6133,Lampung,Kabupaten Way Kanan,bendungan Way Umpu,-4.858418,104.474291
6134,Lampung,Kabupaten Way Kanan,Curup  Semarang,-4.703936,104.557154
6135,Lampung,Kabupaten Way Kanan,Curup anggal,-4.75852,104.597106
6136,Lampung,Kabupaten Way Kanan,Curup Cangkah Kidau,-4.72492,104.446881
6137,Lampung,Kabupaten Way Kanan,Curup Jepun,-4.593507,104.490318
6138,Lampung,Kabupaten Way Kanan,Curup Kenangan,-4.862683,104.396112
6139,Lampung,Kabupaten Way Kanan,Curup Layang Layang,-4.609332,104.422883
6140,Lampung,Kabupaten Way Kanan,curup pematang rindu,-4.767346,104.37912
6141,Lampung,Kabupaten Way Kanan,Curup Penyandingan,-4.605385,104.463054
6142,Lampung,Kabupaten Way Kanan,Curup Pinang Indah,-4.66588,104.358848
6143,Lampung,Kabupaten Way Kanan,Kampung Bali sadar,-4.746021,104.504925
6144,Lampung,Kabupaten Way Kanan,KIDS ZONE,-4.715562,104.56308
6145,Lampung,Kabupaten Way Kanan,KUKUP RAFTING,-6.2297465,106.829518
6146,Lampung,Kabupaten Way Kanan,Pesona Bukit Punggur,-4.713859,104.404691
6147,Lampung,Kabupaten Way Kanan,Puncak Sari Wangi,-4.892126,104.546018
6148,Lampung,Kabupaten Way Kanan,Water Byuur,-4.691629,104.56811
6149,Lampung,Kabupaten Way Kanan,Water fal ,-4.68717,104.562968
6150,Lampung,Kabupaten Way Kanan,Waterfal Rizky,-4.693051,104.600589
6151,Lampung,Kabupaten Way Kanan,ZOWTAA GARDEN ,-4.42966,104.7493
6152,Lampung,Kota Bandar Lampung,Air Terjun Batu Putu,-5.4312246,105.2134473
6153,Lampung,Kota Bandar Lampung,Bukit Sakura,-5.571065703,105.2227432
6154,Lampung,Kota Bandar Lampung,CAMP 91 KEDAUNG OUTBOND,-5.411143,105.21099
6155,Lampung,Kota Bandar Lampung,CRB CAMP RESTU BUMI,-5.435418399137772,105.19004195225452
6156,Lampung,Kota Bandar Lampung,FARM DAY,-5.440948,105.214909
6157,Lampung,Kota Bandar Lampung,Jukung Vietnam,-5.415728689,105.1939684
6158,Lampung,Kota Bandar Lampung,Kampoeng Vietnam,-5.415819883,105.1933944
6159,Lampung,Kota Bandar Lampung,Kampung Pelangi Bandar Lampung,-5.438824698,105.2386795
6160,Lampung,Kota Bandar Lampung,Kedatun Keagungan,-5.371546327,105.0457995
6161,Lampung,Kota Bandar Lampung,LEMBAH BKP,-5.378302,105.208498
6162,Lampung,Kota Bandar Lampung,LEMBAH DURIAN FARM AND STABLE,-5.419547,105.19717
6163,Lampung,Kota Bandar Lampung,Lengkung Langit Dua,-5.417783261,440.2036111
6164,Lampung,Kota Bandar Lampung,Lengkung Langit Lampung,-5.3980913,105.1918269
6165,Lampung,Kota Bandar Lampung,MASJID AL ANWAR,-5.446749295593386,105.26250185459868
6166,Lampung,Kota Bandar Lampung,MENZA TIRTA SWIMMING POOL,-5.366942,105.264249
6167,Lampung,Kota Bandar Lampung,Museum Lampung Rua Jurai,-5.372368097,105.2415562
6168,Lampung,Kota Bandar Lampung,Pantai Puri Gading,-5.420853447,105.249871
6169,Lampung,Kota Bandar Lampung,Pantai Tirtayasa,-5.48676,105.2503827
6170,Lampung,Kota Bandar Lampung,PASAR KREATIF DAN SENI,-5.37646,105.278577
6171,Lampung,Kota Bandar Lampung,PEMANCINGAN IKAN PESONA ALAM,-5.370529,105.25609
6172,Lampung,Kota Bandar Lampung,Penangkaran Rusa Tahura Wan Abdul Rachman,-5.420159,105.185749
6173,Lampung,Kota Bandar Lampung,PENANGKARAN RUSA TAHURA WAR,-5.420129,105.185727
6174,Lampung,Kota Bandar Lampung,PESONA ALAM CIBIAH,-5.436311205297704,105.21217755595794
6175,Lampung,Kota Bandar Lampung,Pintu Langit Dua,-5.4685892,105.2423037
6176,Lampung,Kota Bandar Lampung,Pulau Pasaran,-5.4627956,105.2648612
6177,Lampung,Kota Bandar Lampung,Puncak Mas Lampung,-5.4203099,105.22829
6178,Lampung,Kota Bandar Lampung,PUNCAK NIRWANA LAMPUNG,-5.443407,105.215121
6179,Lampung,Kota Bandar Lampung,RAINBOW SLIDE KEMILING ,-5.413749,105.196215
6180,Lampung,Kota Bandar Lampung,SKY GARDEN KEMILING,-5.399705,105.223841
6181,Lampung,Kota Bandar Lampung,TAMAN BETUNG LAMPUNG,-5.421312,105.188093
6182,Lampung,Kota Bandar Lampung,TAMAN KUPU KUPU GITA PERSADA,-5.420819,105.188612
6183,Lampung,Kota Bandar Lampung,Taman Rekreasi Pantai Duta Wisata,-6.2297465,106.829518
6184,Lampung,Kota Bandar Lampung,Taman Wisata Agripark,-5.390253056,105.2170998
6185,Lampung,Kota Bandar Lampung,TAMAN WISATA ALAM DUTA GS,-5.399894964061551,105.22354072526986
6186,Lampung,Kota Bandar Lampung,Taman Wisata Alam Wira Garden,-5.436059833,105.229159
6187,Lampung,Kota Bandar Lampung,Taman Wisata dan Taman Satwa Lembah Hijau,-5.414441228,105.2319431
6188,Lampung,Kota Bandar Lampung,TEROPONG KOTA,-5.404433502008361,105.25346422712157
6189,Lampung,Kota Bandar Lampung,UMBUL HELAU LAMPUNG,-5.421466,105.192801
6190,Lampung,Kota Bandar Lampung,VIHARA THAY HIN BIO,-5.448416,105.263029
6191,Lampung,Kota Bandar Lampung,Wisata Air Panas,-5.438742111,105.2469787
6192,Lampung,Kota Bandar Lampung,Wisata Air Panas,-5.438742111,105.2469787
6193,Lampung,Kota Bandar Lampung,Wisata Bendungan Sumur Putri,-5.4406269,105.2451512
6194,Lampung,Kota Metro,CAGAR BUDAYA SANTA MARIA METRO,-6.2297465,106.829518
6195,Lampung,Kota Metro,DESTINASI WISATA DEWI AMOR,-6.2297465,106.829518
6196,Lampung,Kota Metro,DOKTER SWONING RUMAH INFORMASI SEJARAH,-6.2297465,106.829518
6197,Lampung,Kota Metro,KOLAM RENANG STADION,-5.088892,105.059265
6198,Lampung,Kota Metro,LEMBAH LONDON,-6.2297465,106.829518
6199,Lampung,Kota Metro,MASJID TAQWA KOTA METRO,-6.2297465,106.829518
6200,Lampung,Kota Metro,PALEM INDAH,-6.2297465,106.829518
6201,Lampung,Kota Metro,PARUK MAS,-5.601806,105.542226
6202,Lampung,Kota Metro,PASAR GROJOK,-5.09539,105.440051
6203,Lampung,Kota Metro,PASAR KREATIF JAMUR SAWAH,-5.008354,105.141264
6204,Lampung,Kota Metro,PASAR KREATIF PAK TEJO,-6.2297465,106.829518
6205,Lampung,Kota Metro,PASAR KREATIP REJOMULYO TANGGUH,-6.2297465,106.829518
6206,Lampung,Kota Metro,PASAR SATELIT,-6.2297465,106.829518
6207,Lampung,Kota Metro,PT CAHAYA BANGSA JAYA,-6.2297465,106.829518
6208,Lampung,Kota Metro,SAMBER  PARK,-5.079488,105.292366
6209,Lampung,Kota Metro,STAR ONE KAROKE,-6.2297465,106.829518
6210,Lampung,Kota Metro,TAMAN BUNGA,-5.143605,105.356194
6211,Lampung,Kota Metro,TAMAN EDUKASI METRO,-5.068032,105.2039
6212,Lampung,Kota Metro,TAMAN MERDEKA,-5.607786,105.499541
6213,Lampung,Kota Metro,WISATA ALAM CAPIT URANG,-6.2297465,106.829518
6214,Lampung,Kota Metro,WISATA SUMBERSARI,-5.106846,105.333614
6215,Lampung,Kota Metro,YAYASAN SMART PAYUNGI MADANI,-6.2297465,106.829518
6216,Maluku,Kabupaten Buru,AIR TERJUN AIR BATANG TK. 3,-6.2297465,106.829518
6217,Maluku,Kabupaten Buru,AIR TERJUN AIR BATANG TK. 4,-6.2297465,106.829518
6218,Maluku,Kabupaten Buru,AIR TERJUN AIR CABANG TK. 1,-6.2297465,106.829518
6219,Maluku,Kabupaten Buru,AIR TERJUN AIR CABANG TK. 2,-6.2297465,106.829518
6220,Maluku,Kabupaten Buru,Kolam Renang Waekasar,-3.343651,126.98
6221,Maluku,Kabupaten Buru,PANTAI PAL 8 UBUNG,-3.18859,127.06312
6222,Maluku,Kabupaten Buru,PANTAI WISATA BAIKOLET,-3.17244,127.02668
6223,Maluku,Kabupaten Buru,PANTAI WISATA JIKUMERASA,-3.16873,127.02652
6224,Maluku,Kabupaten Buru,PANTAI WISATA PASIR PUTIH,-3.17002,127.02635
6225,Maluku,Kabupaten Buru,PANTAI WISATA TALAGA BEACH NAMETEK,-3.27968,127.11688
6226,Maluku,Kabupaten Buru,WISATA PANTAI AKO,-3.16707,127.02555
6227,Maluku,Kabupaten Buru Selatan,Desa Wisata Namrinat,-3.81006,126.69962
6228,Maluku,Kabupaten Buru Selatan,Desa Wisata Waifusi,-3.85277,126.70128
6229,Maluku,Kabupaten Buru Selatan,Destinasi Pantai Masnana,-3.83511,126.75621
6230,Maluku,Kabupaten Buru Selatan,Destinasi Pantai Tanjung Waio,-3.82483,126.77673
6231,Maluku,Kabupaten Buru Selatan,Destinasi Pantai Wali,-3.83281,126.76259
6232,Maluku,Kabupaten Buru Selatan,Destinasi Wamsoba,-382337,126.77835
6233,Maluku,Kabupaten Buru Selatan,Wisata Mangrove Wamsisi,-3.771551,126.952492
6234,Maluku,Kabupaten Buru Selatan,Wisata Pulau Oki,-3.803413333333333,126.84170166666667
6235,Maluku,Kabupaten Buru Selatan,Wisata Pulau Tomahu,-3.2369244,126.0069137
6236,Maluku,Kabupaten Buru Selatan,Wisata Tanjung Waio,-3.789897,126.891486
6237,Maluku,Kabupaten Buru Selatan,Wisata Teluk Tifu,-3.715088,126.401192
6238,Maluku,Kabupaten Kepulauan Aru,Jargaria water Park,-5.818705,134.238277
6239,Maluku,Kabupaten Kepulauan Aru,Pantai Kora Evar,-5.778873,134.192444
6240,Maluku,Kabupaten Kepulauan Aru,PAPALISERAN,-5.805652,134.240334
6241,Maluku,Kabupaten Kepulauan Aru,Tempat Wisata,-5.81871,134.23776
6242,Maluku,Kabupaten Kepulauan Aru,Tempat Wisata,-5.76421,134.19317
6243,Maluku,Kabupaten Kepulauan Aru,Tempat Wisata,-5.76421,134.19317
6244,Maluku,Kabupaten Kepulauan Tanimbar,amal moli,-6.2297465,106.829518
6245,Maluku,Kabupaten Kepulauan Tanimbar,DANAU MURU,-7.84218,131.34828
6246,Maluku,Kabupaten Kepulauan Tanimbar,GEREJA TUA,-7.85187,131.37961
6247,Maluku,Kabupaten Kepulauan Tanimbar,KOLAM RENANG IMPIAN BUNDA,-7.85779,131.33415
6248,Maluku,Kabupaten Kepulauan Tanimbar,LARITMAS,-7.506718,131.648723
6249,Maluku,Kabupaten Kepulauan Tanimbar,malela,-7.117734,131.847029
6250,Maluku,Kabupaten Kepulauan Tanimbar,MONUMEN KRISTUS RAJA,-8.01297,131.30302
6251,Maluku,Kabupaten Kepulauan Tanimbar,MONUMEN PEMBAPTISAN,-7.99105,131.33069
6252,Maluku,Kabupaten Kepulauan Tanimbar,MONUMEN PENDARATAN PERTAMA MISIONARIS WETOLE,-7962,131.30783
6253,Maluku,Kabupaten Kepulauan Tanimbar,"P.MAURICIUS. LORU, MSC",-7.845907,131.3859
6254,Maluku,Kabupaten Kepulauan Tanimbar,PANTAI KELYAAR,-7.99864,131.28896
6255,Maluku,Kabupaten Kepulauan Tanimbar,PANTAI MBUMBUL,-7.60467,-131.63014
6256,Maluku,Kabupaten Kepulauan Tanimbar,PANTAI TUTUN,-7.85229,131.38028
6257,Maluku,Kabupaten Kepulauan Tanimbar,PANTAI WEBOK,-7.86885,131.36643
6258,Maluku,Kabupaten Kepulauan Tanimbar,PANTAI WELUAN,-8.0126,131.31157
6259,Maluku,Kabupaten Kepulauan Tanimbar,PATUNG PATER MATIAS NEYENS,-8.01394,131.30833
6260,Maluku,Kabupaten Kepulauan Tanimbar,PENINGGALAN JANGKAR DAN RANTAI KAPAL PORTUGIS,-7.90794,131.35804
6261,Maluku,Kabupaten Kepulauan Tanimbar,PENINGGALAN MERIAM TUA,-7.93586,131.32615
6262,Maluku,Kabupaten Kepulauan Tanimbar,RUMAH ADAT,-7.85233,131.37916
6263,Maluku,Kabupaten Maluku Barat Daya, Pantai Enyliyau,-8.199117,127.622014
6264,Maluku,Kabupaten Maluku Barat Daya,Desa Wisata Welora,-7.716897,129.992687
6265,Maluku,Kabupaten Maluku Barat Daya,Dewala Desa Tua Sera,-8.20661,128.17769666
6266,Maluku,Kabupaten Maluku Barat Daya,Dewala Kapal Lolotuara,-8.276486,128.1996483
6267,Maluku,Kabupaten Maluku Barat Daya,Gereja Tua Patti,-8.20752,127.853622
6268,Maluku,Kabupaten Maluku Barat Daya,Goa Luhulely,-8.181281,127.720067
6269,Maluku,Kabupaten Maluku Barat Daya,Gunung Kerbau,-8.15888,127.0075
6270,Maluku,Kabupaten Maluku Barat Daya,Pantai Agari Wakarleli,-8.16657,1207.78728
6271,Maluku,Kabupaten Maluku Barat Daya,Pantai Batu Payung,-8.240225,128.22702333
6272,Maluku,Kabupaten Maluku Barat Daya,Pantai Gerdarsi,-8.253442,127.994083
6273,Maluku,Kabupaten Maluku Barat Daya,Pantai Ilmarang,-7.737692,130.002236
6274,Maluku,Kabupaten Maluku Barat Daya,Pantai Laitutun,-8.180114,127.748142
6275,Maluku,Kabupaten Maluku Barat Daya,Pantai Liai,-8.2181016,127.72824
6276,Maluku,Kabupaten Maluku Barat Daya,Pantai Liuketi,-8.11819,127.8523
6277,Maluku,Kabupaten Maluku Barat Daya,Pantai Seradona,-8.139588,128.073147
6278,Maluku,Kabupaten Maluku Barat Daya,Pantai Sila,-8.215255,128.095403
6279,Maluku,Kabupaten Maluku Barat Daya,Pantai Syota,-8.1436,127.93995
6280,Maluku,Kabupaten Maluku Barat Daya,Pantai Tuinweru,-8.20028933,128.07117
6281,Maluku,Kabupaten Maluku Barat Daya,Pantai Tutuweni,-8.20653,128.09266
6282,Maluku,Kabupaten Maluku Barat Daya,Pantai Weet/Gerlawne,-8.141588333,127.98907
6283,Maluku,Kabupaten Maluku Barat Daya,Pusat Desa Luhulely,-8.212578,127.72146
6284,Maluku,Kabupaten Maluku Barat Daya,Rumah Tua Rehiara,-8.18451,127.640795
6285,Maluku,Kabupaten Maluku Tengah,Air Belanda,-2.968577,129.127804
6286,Maluku,Kabupaten Maluku Tengah,AIR KAWA,-3.33555,128.93087
6287,Maluku,Kabupaten Maluku Tengah,Air Panas Hatuasa,-3.593431,128.308626
6288,Maluku,Kabupaten Maluku Tengah,Air Waiselaka (Morea),-3.564423,128.319402
6289,Maluku,Kabupaten Maluku Tengah,ART GARDEN,-3.33033,128.94443
6290,Maluku,Kabupaten Maluku Tengah,Bebay Indah Beach,-3.631419,128.319404
6291,Maluku,Kabupaten Maluku Tengah,Benteng Amsterdam,-3.582688,128.083127
6292,Maluku,Kabupaten Maluku Tengah,DTW PANTAI HUNIMUA,-6.2297465,106.829518
6293,Maluku,Kabupaten Maluku Tengah,Halasi Beach,-3.514154,128.230323
6294,Maluku,Kabupaten Maluku Tengah,Huluwa Beach,-3.774074,127.943788
6295,Maluku,Kabupaten Maluku Tengah,Ina Marina Beach  (Dulang Patita),-3.298841,128.953228
6296,Maluku,Kabupaten Maluku Tengah,Kali Wailela (Kolam Morea),-3.749202,127.934829
6297,Maluku,Kabupaten Maluku Tengah,Keramba Cinta,-2.92765,129.169904
6298,Maluku,Kabupaten Maluku Tengah,Mangrove Amahei,-3338,128.92783
6299,Maluku,Kabupaten Maluku Tengah,Museum Pamahanunusa,-3.312747,128.953214
6300,Maluku,Kabupaten Maluku Tengah,Nitang Hahai (NH),-3.516968,128.227828
6301,Maluku,Kabupaten Maluku Tengah,Ora Beach,-2.960169,129.138988
6302,Maluku,Kabupaten Maluku Tengah,Pantai Batu Kuda Tulehu,-3.598622,128.353697
6303,Maluku,Kabupaten Maluku Tengah,PANTAI KUAKO,-3.3317391,128.9123776
6304,Maluku,Kabupaten Maluku Tengah,Pantai Lubang Buaya Morella,-3.518758,128.223384
6305,Maluku,Kabupaten Maluku Tengah,Pantai Natsepa,-3.621576,128.291478
6306,Maluku,Kabupaten Maluku Tengah,Pulau 7 (Pulau Isau),-2.786392,129.060948
6307,Maluku,Kabupaten Maluku Tengah,Rumah Pohon Waai,-3.555473,128.296267
6308,Maluku,Kabupaten Maluku Tengah,Telaga Tihu,-3.612934,128.304392
6309,Maluku,Kabupaten Maluku Tengah,WAILAPO,-3.33195,128.93957
6310,Maluku,Kabupaten Maluku Tengah,WIsata Batu Kapal,-3.742813,128.03341
6311,Maluku,Kabupaten Maluku Tenggara,AI MOUN NI OHOI,-5.593769,133.029046
6312,Maluku,Kabupaten Maluku Tenggara,BUKIT MASBAIT ,-5.644571,132.676063
6313,Maluku,Kabupaten Maluku Tenggara,BUMDES NGURSARNADAN,-5.65085,132.63847
6314,Maluku,Kabupaten Maluku Tenggara,BUMDES OHOIDERTAWUN,-5.63063,132.66672
6315,Maluku,Kabupaten Maluku Tenggara,DWP,-5.7445,132.69094
6316,Maluku,Kabupaten Maluku Tenggara,HOAT TAMNGIL,-5.743799,132.687479
6317,Maluku,Kabupaten Maluku Tenggara,LIAN HAWANG (GUA SETAN),-5.75826,132.70224
6318,Maluku,Kabupaten Maluku Tenggara,LUTUR KOVAK (BENTENG SEJARAH),-5.593485,133.028302
6319,Maluku,Kabupaten Maluku Tenggara,MAKAM NEN DIT SAKMAS,-5.820149,132.771807
6320,Maluku,Kabupaten Maluku Tenggara,MAKAM RAJA OHOIVUR,-5.764004,132.700897
6321,Maluku,Kabupaten Maluku Tenggara,MONUMEN KAREL SADSUITUBUN,-5.748419,132.692664
6322,Maluku,Kabupaten Maluku Tenggara,NGUR KWAHAN,-6.2297465,106.829518
6323,Maluku,Kabupaten Maluku Tenggara,NGURBLOAT,-5665,132.63763
6324,Maluku,Kabupaten Maluku Tenggara,NGURVATNAMSIR,-5.80347,"132,687"
6325,Maluku,Kabupaten Maluku Tenggara,PANTAI DISUK,-5.779061,132.7864
6326,Maluku,Kabupaten Maluku Tenggara,Pantai Elomel,-5.725612,132.750995
6327,Maluku,Kabupaten Maluku Tenggara,PANTAI LER OHOILIM,-5.657629,132.970458
6328,Maluku,Kabupaten Maluku Tenggara,PANTAI NADIUN,-5.632051,132.665552
6329,Maluku,Kabupaten Maluku Tenggara,Pantai Ngir Warat,-5.631217,132.666742
6330,Maluku,Kabupaten Maluku Tenggara,Pantai Ohoimel,-5.652621,132.640246
6331,Maluku,Kabupaten Maluku Tenggara,PANTAI YANROA,-6.2297465,106.829518
6332,Maluku,Kabupaten Maluku Tenggara,PURA CIWA JAGAT PATU,-5.706108,132.68057
6333,Maluku,Kabupaten Maluku Tenggara,SIRAN SIRIEN ,-5.925488,132.785193
6334,Maluku,Kabupaten Maluku Tenggara,TAMAN ZIARA LANGGUR,-5.66398,132.733829
6335,Maluku,Kabupaten Maluku Tenggara,TAMAN ZIARAH BUKIT INDAH BOMBAY ,-5.593079,133.031396
6336,Maluku,Kabupaten Maluku Tenggara,WEAR MAS IL,-5.79998,132.70397
6337,Maluku,Kabupaten Maluku Tenggara,WISATA PULAU KARODI,-5.5932,133.027443
6338,Maluku,Kabupaten Seram Bagian Barat,AIR KAPITAN JONGKER,-3.324116,127.556934
6339,Maluku,Kabupaten Seram Bagian Barat,AIR PANAS WAIKOCUA,-3.2961516666666664,128.74486333333334
6340,Maluku,Kabupaten Seram Bagian Barat,AIR PUTRI,-2.92006,128.14035833333335
6341,Maluku,Kabupaten Seram Bagian Barat,AIR TERJUN SUPE,-3.217773,127.884542
6342,Maluku,Kabupaten Seram Bagian Barat,AIR TERJUN TELPIPI,-3.087318,128.252574
6343,Maluku,Kabupaten Seram Bagian Barat,AIR TERJUN TONA,-2.872749,128.386484
6344,Maluku,Kabupaten Seram Bagian Barat,AIR TERJUN WAIRERA,-2.8746783333333337,128.36463666666666
6345,Maluku,Kabupaten Seram Bagian Barat,AIR TERJUN WASIA,-3.4344166666666665,128.53645166666666
6346,Maluku,Kabupaten Seram Bagian Barat,BENTENG WANTHROW,-3.338543,127.555223
6347,Maluku,Kabupaten Seram Bagian Barat,D'Luku,-3.31346,128.3675
6348,Maluku,Kabupaten Seram Bagian Barat,DANAU HALONG,-3.113943,127.953636
6349,Maluku,Kabupaten Seram Bagian Barat,Ekowisata pulau Osi,-6.2297465,106.829518
6350,Maluku,Kabupaten Seram Bagian Barat,HATUHURAN,-3.33109,12833508
6351,Maluku,Kabupaten Seram Bagian Barat,HATUSUA BEACH,-3.31115,128.32911
6352,Maluku,Kabupaten Seram Bagian Barat,KAIRATU BEACH,-3.35403,12835606
6353,Maluku,Kabupaten Seram Bagian Barat,KOLAM PEMANCINGAN AIR TAWAR,-3.274079,128.347218
6354,Maluku,Kabupaten Seram Bagian Barat,MAKAM JARI KAPITAN JONGKER,-3.333554,127.554367
6355,Maluku,Kabupaten Seram Bagian Barat,PANTAI LANTAUNI,-3.108265,127.958742
6356,Maluku,Kabupaten Seram Bagian Barat,PANTAI LEUN,-3.347323,127.591775
6357,Maluku,Kabupaten Seram Bagian Barat,PULAU HOTMAN,-3.11704669999999,127.93899333333333
6358,Maluku,Kabupaten Seram Bagian Barat,PULAU KASUMBA,-3.099186,127.945611
6359,Maluku,Kabupaten Seram Bagian Barat,PULAU LATUNAE,-3.101435,127.93105
6360,Maluku,Kabupaten Seram Bagian Barat,PULAU PASIR,-3.091662,127.954564
6361,Maluku,Kabupaten Seram Bagian Barat,PULAU TIKUS,-3.076339,128.024256
6362,Maluku,Kabupaten Seram Bagian Barat,PULAU TUBAN,-3.3553550000000003,127.59008166666666
6363,Maluku,Kabupaten Seram Bagian Barat,PUNCAK PELISTALAI,-6.2297465,106.829518
6364,Maluku,Kabupaten Seram Bagian Barat,SPOT KELAPA DUA,-3.36626,128.375638
6365,Maluku,Kabupaten Seram Bagian Timur,Air Panas Nif ,-3.152785673,130.3145708
6366,Maluku,Kabupaten Seram Bagian Timur,Englas,-3.3146923,130.26345063
6367,Maluku,Kabupaten Seram Bagian Timur,Pantai Gumumae,-3.06794,130.47141
6368,Maluku,Kota Ambon,Air Lilinita,-3.70313,128.267463
6369,Maluku,Kota Ambon,Amahusu Beach,-3.723458,128.145634
6370,Maluku,Kota Ambon,AMBON DIVE EXPLORE,-6.2297465,106.829518
6371,Maluku,Kota Ambon,AMBON DIVE EXPLORE,-6.2297465,106.829518
6372,Maluku,Kota Ambon,BUKIT PARALAYANG,-6.2297465,106.829518
6373,Maluku,Kota Ambon,Gereja Katedral St. Fransiskus Xaverius Ambon,-3.697504,128.185731
6374,Maluku,Kota Ambon,GOA PAYER,-6.2297465,106.829518
6375,Maluku,Kota Ambon,Gong perdamaian dunia,-6.2297465,106.829518
6376,Maluku,Kota Ambon,Hutan Sagu Negeri Rutong,-3.704856,128.2696
6377,Maluku,Kota Ambon,Hutan Wisata Sound Of Green,-3.738078,128.134784
6378,Maluku,Kota Ambon,KOLAM BELANDA,-6.2297465,106.829518
6379,Maluku,Kota Ambon,KOLAM BELANDA,-6.2297465,106.829518
6380,Maluku,Kota Ambon,KOLAM BELANDA,-6.2297465,106.829518
6381,Maluku,Kota Ambon,Laha Dive Packer,-3.706871,128.102947
6382,Maluku,Kota Ambon,Mesjid Jami Ambon,-3.697614,128.177595
6383,Maluku,Kota Ambon,Monument Georgii Everardii Rumphii,-3.69761,128.186061
6384,Maluku,Kota Ambon,Pantai Namalatu,-6.2297465,106.829518
6385,Maluku,Kota Ambon,PANTE HUKURILA,-6.2297465,106.829518
6386,Maluku,Kota Ambon,PINTU KOTA,-6.2297465,106.829518
6387,Maluku,Kota Ambon,RONAWISKA BEACH,-6.2297465,106.829518
6388,Maluku,Kota Ambon,Sanggar Boiratan,-3.727768,128.142243
6389,Maluku,Kota Ambon,SIWANG HUK,-6.2297465,106.829518
6390,Maluku,Kota Ambon,TAMAN MAKAM AUSTRALIA,-6.2297465,106.829518
6391,Maluku,Kota Ambon,UPTD MUSEUM SIWALIMA,-6.2297465,106.829518
6392,Maluku,Kota Tual,Abdul Kadir Renleew,-6.2297465,106.829518
6393,Maluku,Kota Tual,Bumdes,-6.2297465,106.829518
6394,Maluku,Kota Tual,Bumdes ,-6.2297465,106.829518
6395,Maluku,Kota Tual,Danau Maren,-6.2297465,106.829518
6396,Maluku,Kota Tual,Habiba  Rentua,-6.2297465,106.829518
6397,Maluku,Kota Tual,Jamaludin Taurubun,-6.2297465,106.829518
6398,Maluku,Kota Tual,Juwahir Renleew,-6.2297465,106.829518
6399,Maluku,Kota Tual,Kolam Renang ,-5.58304,132.76322
6400,Maluku,Kota Tual,Wisata Pantai ,-5.54413,132.79835
6401,Maluku Utara,Kabupaten Halmahera Barat,Destinasi Wisata Rappa Pelangi,1.050467,127.444285
6402,Maluku Utara,Kabupaten Halmahera Barat,Pantai Lapasi ,1.180114,127.412747
6403,Maluku Utara,Kabupaten Halmahera Barat,Pantai Lapasi,1.143704,127.432233
6404,Maluku Utara,Kabupaten Halmahera Barat,Pemandian Air Panas dan Mangrove Gamtala,1.11134,127.434937
6405,Maluku Utara,Kabupaten Halmahera Barat,Rappa Pelangi,1.051633,127.447861
6406,Maluku Utara,Kabupaten Halmahera Tengah,EKOWISATA NUSLIKO PARK,0.296466,127.8763
6407,Maluku Utara,Kabupaten Halmahera Tengah,HUTAN MANGROVE KACEPI,-0.161415,129.512029
6408,Maluku Utara,Kabupaten Halmahera Tengah,HUTAN MANGROVE KACEPI,-838056,1294342664
6409,Maluku Utara,Kabupaten Halmahera Tengah,KAWASAN EKOWISATA,-2987840,1278770832
6410,Maluku Utara,Kabupaten Halmahera Tengah,Pantai Bramahima dan Mtu Mya,-3932262,1283035064
6411,Maluku Utara,Kabupaten Halmahera Tengah,WISATA ALAM DAN SUSUR GOA,-4909271,1281011861
6412,Maluku Utara,Kabupaten Halmahera Tengah,WISATA ALAM GOA BOKI MARURU,0.473555,1281011888.100715
6413,Maluku Utara,Kabupaten Halmahera Tengah,WISATA Pantai,0.397723,128.295711
6414,Maluku Utara,Kabupaten Halmahera Tengah,WISATA PANTAI UMERA,-0.197002,129.562197
6415,Maluku Utara,Kabupaten Halmahera Tengah,WISATA PULAU MOOR,0.176784,128.959901
6416,Maluku Utara,Kabupaten Kepulauan Sula,Wisata Pantai  Zazira Beach,-2.11947,125.958473
6417,Maluku Utara,Kabupaten Kepulauan Sula,ZASIRAH BEACH,-2.143924,125.95678
6418,Maluku Utara,Kabupaten Pulau Morotai,Pulau Dodola,2.090093,128.190773
6419,Maluku Utara,Kabupaten Pulau Taliabu,Ratahaya,-6.2297465,106.829518
6420,Maluku Utara,Kabupaten Pulau Taliabu,Tanjung Merah,-6.2297465,106.829518
6421,Maluku Utara,Kota Ternate,DANAU TOLIRE BESAR ,-6.2297465,106.829518
6422,Maluku Utara,Kota Ternate,GEOWISATA BATU ANGUS,-6.2297465,106.829518
6423,Maluku Utara,Kota Ternate,PANTAI SULAMADAHA,0.849781,127.328042
6424,Maluku Utara,Kota Tidore Kepulauan,benteng tahula,0.652814,127.446076
6425,Maluku Utara,Kota Tidore Kepulauan,Benteng Torre,0.654368,127.443012
6426,Maluku Utara,Kota Tidore Kepulauan,hutan magrove danau gurua marasai guraping,0.750659,127.662273
6427,Maluku Utara,Kota Tidore Kepulauan,Hutan Mangrove Danau Gurua Marasai Guraping,0.755042,127.656892
6428,Maluku Utara,Kota Tidore Kepulauan,Kadato Kie Kesultanan Tidore,0.651694,127.443312
6429,Maluku Utara,Kota Tidore Kepulauan,Kadaton Kie Kesultanan Tidore,0.651705,127.44289
6430,Maluku Utara,Kota Tidore Kepulauan,kolam air lei lei desa oba,0.655839,127.57782
6431,Maluku Utara,Kota Tidore Kepulauan,Mangrove ngusu lenge,0.729397,127.378114
6432,Maluku Utara,Kota Tidore Kepulauan,Museum sonyine malige,0.650714,127.444255
6433,Maluku Utara,Kota Tidore Kepulauan,Obyek Wisata Pantai Akesahu,0.727154,127.454592
6434,Maluku Utara,Kota Tidore Kepulauan,Pantai Akesahu,0.726751,127.454682
6435,Maluku Utara,Kota Tidore Kepulauan,pantai cobo,0.75023,127.412981
6436,Maluku Utara,Kota Tidore Kepulauan,Pantai Cobo,0.751046,127.416982
6437,Maluku Utara,Kota Tidore Kepulauan,pantai doe masure desa balbar,0.653216,127.544019
6438,Maluku Utara,Kota Tidore Kepulauan,Pantai Maitara Utara,0.739701,127.374496
6439,Maluku Utara,Kota Tidore Kepulauan,Pantai Maitara Utara,0.740287,127.37392
6440,Maluku Utara,Kota Tidore Kepulauan,pantai tugulufa,0.689176,127.455898
6441,Maluku Utara,Kota Tidore Kepulauan,Pantai Tugulufa,0.669918,127.45476
6442,Maluku Utara,Kota Tidore Kepulauan,Pantai wisata akebay ,0.73652,127.377106
6443,Maluku Utara,Kota Tidore Kepulauan,pulau failonga,0.752062,127.476489
6444,Maluku Utara,Kota Tidore Kepulauan,Pulau Failonga,0.729705,127.457764
6445,Maluku Utara,Kota Tidore Kepulauan,pulau mare,0.575745,127.401826
6446,Maluku Utara,Kota Tidore Kepulauan,Pulau Mare,0.57275,127.393903
6447,Maluku Utara,Kota Tidore Kepulauan,Suaka Paruh Bengkok,0.604366,127.715625
6448,Maluku Utara,Kota Tidore Kepulauan,Suaka Paruh Bengkok,0.6548,127.581048
6449,Maluku Utara,Kota Tidore Kepulauan,taman nasional aketajawe lolobata,0.573339,127.740334
6450,Maluku Utara,Kota Tidore Kepulauan,Taman Nasional Aketajawe Lolobata,0.604626,127.743032
6451,Maluku Utara,Kota Tidore Kepulauan,wisata air terjun sigela,0.323538,127.758609
6452,Maluku Utara,Kota Tidore Kepulauan,Wisata Air Terjun Sigela,0.205747,127.746875
6453,Maluku Utara,Kota Tidore Kepulauan,Wisata Benteng Tahula,0.64815,127.442079
6454,Maluku Utara,Kota Tidore Kepulauan,Wisata Benteng Tahula,0.64815,127.442079
6455,Maluku Utara,Kota Tidore Kepulauan,Wisata Benteng Tahula,0.64815,127.442079
6456,Maluku Utara,Kota Tidore Kepulauan,Wisata Benteng Torre,0.654126,127.44269
6457,Nusa Tenggara Barat,Kabupaten Bima,BENDUNGAN PELA PARADO,-8.718957,118.611748
6458,Nusa Tenggara Barat,Kabupaten Bima,KOLAM RENANG BUAH NAGA,-8.591308,118.69488
6459,Nusa Tenggara Barat,Kabupaten Bima,KOLAM RENANG FARZADIT FAMILY,-8.524266,118.56521
6460,Nusa Tenggara Barat,Kabupaten Bima,Pantai Lariti,83552,119212
6461,Nusa Tenggara Barat,Kabupaten Bima,Pesanggrahan oi wobo Wawo,83118,1185031
6462,Nusa Tenggara Barat,Kabupaten Bima,TAMAN KALAKI,-8.516385,118.695091
6463,Nusa Tenggara Barat,Kabupaten Bima,TAMAN PANDA,-8.50692,118.706359
6464,Nusa Tenggara Barat,Kabupaten Bima,Uma Lengge,83128,1185044
6465,Nusa Tenggara Barat,Kabupaten Bima,Water boom wong solo 2,-83344,1183943
6466,Nusa Tenggara Barat,Kabupaten Dompu,Bot nangatoi,-8.18415,118.235356
6467,Nusa Tenggara Barat,Kabupaten Dompu,DAM RABABAKA,-6.2297465,106.829518
6468,Nusa Tenggara Barat,Kabupaten Dompu,Iyan,-8.1842,118.23515
6469,Nusa Tenggara Barat,Kabupaten Dompu,KOLAM MADAPRAMA,-8.541269,118.369813
6470,Nusa Tenggara Barat,Kabupaten Dompu,LABU BARAT,8.91,117.44149
6471,Nusa Tenggara Barat,Kabupaten Dompu,PANTAI LAKEY,-8.8058833,118.381995
6472,Nusa Tenggara Barat,Kabupaten Dompu,Pasir putih,-8.1805,118.24385
6473,Nusa Tenggara Barat,Kabupaten Dompu,Situs nangasia,-8.7577933,118.410475
6474,Nusa Tenggara Barat,Kabupaten Dompu,Wadu ntanda rahi,-8.761075,118.4020133
6475,Nusa Tenggara Barat,Kabupaten Lombok Barat,AIR TERJUN SEGENTER,-8.3113,116.1659
6476,Nusa Tenggara Barat,Kabupaten Lombok Barat,BUKIT LEDU,-8.7106,116.1649
6477,Nusa Tenggara Barat,Kabupaten Lombok Barat,GILI KEDIS,-8.7305,116.025617
6478,Nusa Tenggara Barat,Kabupaten Lombok Barat,GUNUNG BATU IDUNG,-8709,116.1067
6479,Nusa Tenggara Barat,Kabupaten Lombok Barat,GUNUNG SASAK,-8.697747,116.16239
6480,Nusa Tenggara Barat,Kabupaten Lombok Barat,KOLAM DULANG KENCANA,-8.4147,116.62034
6481,Nusa Tenggara Barat,Kabupaten Lombok Barat,KOLAM PELANGI,-8.6675,116.1477
6482,Nusa Tenggara Barat,Kabupaten Lombok Barat,KOLAM RENANG 2000,-8.3652,116.91567
6483,Nusa Tenggara Barat,Kabupaten Lombok Barat,MANGROVE BAGEK KEMBAR,-8.766193,116.052091
6484,Nusa Tenggara Barat,Kabupaten Lombok Barat,PANTAI CEMARA NAPAK TILAS,-8.729894,116.056189
6485,Nusa Tenggara Barat,Kabupaten Lombok Barat,PANTAI KEMOS BATU KIJUK,-8747,116.0184
6486,Nusa Tenggara Barat,Kabupaten Lombok Barat,PUREKMAS SESAOT,-8.3223,"116,144"
6487,Nusa Tenggara Barat,Kabupaten Lombok Barat,TAMAN WISATA AIK NYET,-8323,116.14213
6488,Nusa Tenggara Barat,Kabupaten Lombok Barat,TAMAN WISATA KEBON MELON,-8.6933,116.104521
6489,Nusa Tenggara Barat,Kabupaten Lombok Barat,WISATA ALAM GUNUNG JAE,-8.547403,116.277482
6490,Nusa Tenggara Barat,Kabupaten Lombok Tengah,AIR TERJUN GUNUNG JANGGOT,8563835,116357308
6491,Nusa Tenggara Barat,Kabupaten Lombok Tengah,BAD CAVE BANGKANG ,-8.90932,116.343178
6492,Nusa Tenggara Barat,Kabupaten Lombok Tengah,D'Gonggres,-8.619189,116.187755
6493,Nusa Tenggara Barat,Kabupaten Lombok Tengah,DESA ADAT ENDE,-8.821123,116.293974
6494,Nusa Tenggara Barat,Kabupaten Lombok Tengah,DESA ADAT SADE,-8.838989,116.291364
6495,Nusa Tenggara Barat,Kabupaten Lombok Tengah,Desa Wisata Bonjeruk,-8.641665,116.224743
6496,Nusa Tenggara Barat,Kabupaten Lombok Tengah,GERUPUK BEACH,-8.909315,116.343173
6497,Nusa Tenggara Barat,Kabupaten Lombok Tengah,Kolam Renang Mertakmi,-8.75876,116.228925
6498,Nusa Tenggara Barat,Kabupaten Lombok Tengah,Kria Tenun,-8.695281,116.225597
6499,Nusa Tenggara Barat,Kabupaten Lombok Tengah,Longtun Waterpark,-8.63407,116.357621
6500,Nusa Tenggara Barat,Kabupaten Lombok Tengah,Taman Bermain Winner-K,-8.729451,116.250351
6501,Nusa Tenggara Barat,Kabupaten Lombok Tengah,Taman Wisata Aiq Bukak,-8.576296,116.344017
6502,Nusa Tenggara Barat,Kabupaten Lombok Tengah,TAMAN WISATA ALAM GUNUNG TUNAK,-8.911025,116.380937
6503,Nusa Tenggara Barat,Kabupaten Lombok Tengah,Wisata Air Terjun Babak Pelangi,-8.544496,116.331852
6504,Nusa Tenggara Barat,Kabupaten Lombok Tengah,Wisata Air Terjun Benang Stokel dan Benang Kelambu,-8.534899,116.342793
6505,Nusa Tenggara Barat,Kabupaten Lombok Tengah,Wisata Air Terjun Elong Tune,-8.551317,116.32597
6506,Nusa Tenggara Barat,Kabupaten Lombok Tengah,Wisata Danau Biru,-8.544877,116.317847
6507,Nusa Tenggara Barat,Kabupaten Lombok Tengah,Wisata Edukasi Jabal Rahmah,-8.694557,116.414853
6508,Nusa Tenggara Barat,Kabupaten Lombok Tengah,Wisata Kebun Jeruk,-8.563848,116.357301
6509,Nusa Tenggara Barat,Kabupaten Lombok Tengah,Wisata Tereng Kuning Aik Bone,-8.570772,116.347836
6510,Nusa Tenggara Barat,Kabupaten Lombok Timur,Aik Leong,-8.518070071326655,116.46286775241705
6511,Nusa Tenggara Barat,Kabupaten Lombok Timur,Air Terjun Jeruk Manis,-8.515435,116.424297
6512,Nusa Tenggara Barat,Kabupaten Lombok Timur,Air Terjun Sarang Walet,-8.546889,116.425683
6513,Nusa Tenggara Barat,Kabupaten Lombok Timur,Air Terjun Tereng Wilis ,-8.542422,116.384554
6514,Nusa Tenggara Barat,Kabupaten Lombok Timur,BSL (Beach Sepolong Labuhan Haji),-8.713141,116.561469
6515,Nusa Tenggara Barat,Kabupaten Lombok Timur,bukit selong,-8.364206,116.540023
6516,Nusa Tenggara Barat,Kabupaten Lombok Timur,Denda Seruni,-8.495808,116.659203
6517,Nusa Tenggara Barat,Kabupaten Lombok Timur,Destinasi wisata bukit kayangan,-8.500619,116.676554
6518,Nusa Tenggara Barat,Kabupaten Lombok Timur,Gili Lampu,-8.41452,116.710189
6519,Nusa Tenggara Barat,Kabupaten Lombok Timur,Gumbang Ganang,-8.266651,116.550411
6520,Nusa Tenggara Barat,Kabupaten Lombok Timur,Kolam Belimbing Asri,-8.583969908193783,116.48862001484909
6521,Nusa Tenggara Barat,Kabupaten Lombok Timur,Kolam Pemandian Odang,-8.58453298423212,116.41939899474829
6522,Nusa Tenggara Barat,Kabupaten Lombok Timur,Kolam Renang Aiklisung,-8.540700592909893,116.54253923707749
6523,Nusa Tenggara Barat,Kabupaten Lombok Timur,Kolam Renang Ambung,-8.61164601029443,116.48555572358379
6524,Nusa Tenggara Barat,Kabupaten Lombok Timur,Kolam Renang Anak,-8.610267741050931,116.42845548125364
6525,Nusa Tenggara Barat,Kabupaten Lombok Timur,Kolam Renang Jobong,-8.66814483423028,116.54580135057479
6526,Nusa Tenggara Barat,Kabupaten Lombok Timur,Kolam Renang Lingsar Tirta Rinjani,-8.567072790992272,116.50907824494362
6527,Nusa Tenggara Barat,Kabupaten Lombok Timur,Kolam Renang Madu,-8.609006259627787,116.48071725653936
6528,Nusa Tenggara Barat,Kabupaten Lombok Timur,Kolam Renang Pelangi,-8.666254286642,116.54589427325931
6529,Nusa Tenggara Barat,Kabupaten Lombok Timur,Kolam Renang Reban Bela,-8.56265490656261,116.50526000639803
6530,Nusa Tenggara Barat,Kabupaten Lombok Timur,Kolam Taman Sari,-8.676569545733404,116.56053944816477
6531,Nusa Tenggara Barat,Kabupaten Lombok Timur,LM Cafe,-8.713031,116.561599
6532,Nusa Tenggara Barat,Kabupaten Lombok Timur,Otak Kokok Joben,-8.534478,116.398892
6533,Nusa Tenggara Barat,Kabupaten Lombok Timur,pancor datok,-8.602703,116.470998
6534,Nusa Tenggara Barat,Kabupaten Lombok Timur,Pantai Kura-Kura,-8.920395,116.445799
6535,Nusa Tenggara Barat,Kabupaten Lombok Timur,Pantai Maik Anyir,-8.651003,116.602405
6536,Nusa Tenggara Barat,Kabupaten Lombok Timur,PANTAI PIDANA,-8.47279,116.677024
6537,Nusa Tenggara Barat,Kabupaten Lombok Timur,Pantai Pink,-8.859526,116.5800847
6538,Nusa Tenggara Barat,Kabupaten Lombok Timur,Pantai Tanjung Menangis,-8.55083,116.661658
6539,Nusa Tenggara Barat,Kabupaten Lombok Timur,Pemandian Dewa Dewi,-8.597602579626813,116.46851547649615
6540,Nusa Tenggara Barat,Kabupaten Lombok Timur,Pemandian Pengempok,-8.672566,116.553091
6541,Nusa Tenggara Barat,Kabupaten Lombok Timur,Pinaran,-8.564472961619703,116.41864179474793
6542,Nusa Tenggara Barat,Kabupaten Lombok Timur,pohon purba lian,-8.472785,116.675525
6543,Nusa Tenggara Barat,Kabupaten Lombok Timur,Rinjani Waterpark,-8.654118,116.515798
6544,Nusa Tenggara Barat,Kabupaten Lombok Timur,Sunrise Land Lombok,-8.708826678354892,116.56486238134313
6545,Nusa Tenggara Barat,Kabupaten Lombok Timur,Taman Pantai Suryawangi ,-8.67062,116.58463
6546,Nusa Tenggara Barat,Kabupaten Lombok Timur,taman wisata pusuk sembalun,-8.415144,116.538252
6547,Nusa Tenggara Barat,Kabupaten Lombok Timur,Timbe Changing,-8.601908179594803,116.46586372173866
6548,Nusa Tenggara Barat,Kabupaten Lombok Timur,Tirta Maani Jobong,-8.667802,116.545919
6549,Nusa Tenggara Barat,Kabupaten Lombok Timur,WISATA KOLAM ALAM TETEBATU,-8.547097,116.424528
6550,Nusa Tenggara Barat,Kabupaten Lombok Utara,Air Terjun Kertagangga,82052449,1161335685
6551,Nusa Tenggara Barat,Kabupaten Lombok Utara,Bagek Momot,82551,11652260
6552,Nusa Tenggara Barat,Kabupaten Lombok Utara,DESA WISATA TAMAN FANTASI,82440,11655454
6553,Nusa Tenggara Barat,Kabupaten Lombok Utara,Kampung Cokelat Senara,-8.34932,116.23678
6554,Nusa Tenggara Barat,Kabupaten Lombok Utara,Kerujuk Lestari,844112,11609614
6555,Nusa Tenggara Barat,Kabupaten Lombok Utara,Kolam Mandala,81635,1.16253E+13
6556,Nusa Tenggara Barat,Kabupaten Lombok Utara,LOMBOK WILDLIFE PARK,82353,116735
6557,Nusa Tenggara Barat,Kabupaten Lombok Utara,Masjid Kuno Gumantar,-8.28418,116.29929
6558,Nusa Tenggara Barat,Kabupaten Lombok Utara,Mata Air Medjet Kakong,-8.3728,116.23188
6559,Nusa Tenggara Barat,Kabupaten Lombok Utara,Pantai 3 Setangi,82657,116215435
6560,Nusa Tenggara Barat,Kabupaten Lombok Utara,Pantai Beraringan,81547,116144142
6561,Nusa Tenggara Barat,Kabupaten Lombok Utara,Pantai Bintang,-8.36201,116.13598
6562,Nusa Tenggara Barat,Kabupaten Lombok Utara,Pantai Impos,82136,1168945
6563,Nusa Tenggara Barat,Kabupaten Lombok Utara,Pantai Kecinan,82423,116332
6564,Nusa Tenggara Barat,Kabupaten Lombok Utara,Pantai Montong Pal,8295530,116209347
6565,Nusa Tenggara Barat,Kabupaten Lombok Utara,PANTAI PANDANAN,82511,116256
6566,Nusa Tenggara Barat,Kabupaten Lombok Utara,Rumah Pohon Gangga Murmas,-8.35198,116.23846
6567,Nusa Tenggara Barat,Kabupaten Lombok Utara,Teluk Sedayu,82024552,1161042935
6568,Nusa Tenggara Barat,Kabupaten Lombok Utara,Tiu Bangket,82129161,116106284
6569,Nusa Tenggara Barat,Kabupaten Lombok Utara,TIU KELEP DAN SENDANG GILA,8186273,1162427502
6570,Nusa Tenggara Barat,Kabupaten Lombok Utara,Tiu Pituq,82026433,1161313717
6571,Nusa Tenggara Barat,Kabupaten Lombok Utara,Tiu Teja,81924928,1161735629
6572,Nusa Tenggara Barat,Kabupaten Lombok Utara,Warna Warni,-6.2297465,106.829518
6573,Nusa Tenggara Barat,Kabupaten Lombok Utara,Wisata Batu Lante,81840402,1161723066
6574,Nusa Tenggara Barat,Kabupaten Lombok Utara,Wisata Bawah Ketapang,82146632,116732418
6575,Nusa Tenggara Barat,Kabupaten Sumbawa,AI LEMAK,-82424,1172610
6576,Nusa Tenggara Barat,Kabupaten Sumbawa,AI LOANG ,-82449,1172716
6577,Nusa Tenggara Barat,Kabupaten Sumbawa,BATU GONG,-8276,1172043
6578,Nusa Tenggara Barat,Kabupaten Sumbawa,ISTANA BALA KUNING,-6.2297465,106.829518
6579,Nusa Tenggara Barat,Kabupaten Sumbawa,MAKAM DATU PUTI GETI,-6.2297465,106.829518
6580,Nusa Tenggara Barat,Kabupaten Sumbawa,MATA JITU,-621193,117.51948
6581,Nusa Tenggara Barat,Kabupaten Sumbawa,PANTAI BARU,-82815,1172348
6582,Nusa Tenggara Barat,Kabupaten Sumbawa,SALIPER  ATE,-82825,1172338
6583,Nusa Tenggara Barat,Kabupaten Sumbawa,SEMONGKAT,-6.2297465,106.829518
6584,Nusa Tenggara Barat,Kabupaten Sumbawa,TANJUNG PASIR,-6.2297465,106.829518
6585,Nusa Tenggara Barat,Kabupaten Sumbawa,WATERPARK SEMONGKAT,-83251,1172128
6586,Nusa Tenggara Barat,Kabupaten Sumbawa Barat,AIR TERJUN KALELA,-8.846254,116.837136
6587,Nusa Tenggara Barat,Kabupaten Sumbawa Barat,BATU TILAM,-8.756207,116.944658
6588,Nusa Tenggara Barat,Kabupaten Sumbawa Barat,BUIN BANYU,-8.771487,116.882053
6589,Nusa Tenggara Barat,Kabupaten Sumbawa Barat,BUKIT OLAT SARE,-8.564355,116.835488
6590,Nusa Tenggara Barat,Kabupaten Sumbawa Barat,DANAU LEBO TALIWANG,-8.708146,116.510888
6591,Nusa Tenggara Barat,Kabupaten Sumbawa Barat,DESA WISATA KERTASARI,-8.708039,116.782694
6592,Nusa Tenggara Barat,Kabupaten Sumbawa Barat,DESA WISATA MANTAR,-8.608588,116.828092
6593,Nusa Tenggara Barat,Kabupaten Sumbawa Barat,DESA WISATA POTO TANO,-8.53386,116.83674
6594,Nusa Tenggara Barat,Kabupaten Sumbawa Barat,MAKAM DATU SERAN,-6.2297465,106.829518
6595,Nusa Tenggara Barat,Kabupaten Sumbawa Barat,PANTAI BALAD,-8.76516,116.78967
6596,Nusa Tenggara Barat,Kabupaten Sumbawa Barat,Pantai Balat,-8.76503,116.789617
6597,Nusa Tenggara Barat,Kabupaten Sumbawa Barat,PANTAI BALONA,-8.704647,116.778723
6598,Nusa Tenggara Barat,Kabupaten Sumbawa Barat,PANTAI BENETE,-8.8933398,116.752557
6599,Nusa Tenggara Barat,Kabupaten Sumbawa Barat,PANTAI GELAMPAR,-8.68885,116.77566
6600,Nusa Tenggara Barat,Kabupaten Sumbawa Barat,Pantai Kertasari,-8.695924,116.777669
6601,Nusa Tenggara Barat,Kabupaten Sumbawa Barat,PANTAI POTO BATU,-8.79397,116.81277
6602,Nusa Tenggara Barat,Kabupaten Sumbawa Barat,PANTAI POTO POYANG,-8.826028,116.804333
6603,Nusa Tenggara Barat,Kabupaten Sumbawa Barat,PULAU KAMBING,-8.524814,116.790883
6604,Nusa Tenggara Barat,Kabupaten Sumbawa Barat,PULAU KENAWA,-8.50064,116.83524
6605,Nusa Tenggara Barat,Kabupaten Sumbawa Barat,PULAU PASERANG,-8.515806,116.790245
6606,Nusa Tenggara Barat,Kabupaten Sumbawa Barat,RISMA POLAMATA,-8.880967,116.796621
6607,Nusa Tenggara Barat,Kabupaten Sumbawa Barat,ROEMA AI BUA,-8.63952,116.85494
6608,Nusa Tenggara Barat,Kota Bima,KOLAM  RENANG BIMA TIRTA,-8.2297465,118.829518
6609,Nusa Tenggara Barat,Kota Bima,KOLAM RENANG AREMA,-8.4673822,118.7630069
6610,Nusa Tenggara Barat,Kota Bima,MUSEUM ASI MBOJO,-8.4539207,118.7231996
6611,Nusa Tenggara Barat,Kota Bima,PANTAI KOLO,-8.3854954,118.7048822
6612,Nusa Tenggara Barat,Kota Bima,PANTAI LAWATA,-8.4716292,118.7023176
6613,Nusa Tenggara Barat,Kota Mataram,AGRO WISATA BUAH MAS ARI,-8.3352,"116,652"
6614,Nusa Tenggara Barat,Kota Mataram,Happy family,-8.3538,"116,616"
6615,Nusa Tenggara Barat,Kota Mataram,islamic center,-8.3445,116.63
6616,Nusa Tenggara Barat,Kota Mataram,Kolam madani,-6.2297465,106.829518
6617,Nusa Tenggara Barat,Kota Mataram,Kolam pemancingan jamak-jamak,-8.3431,"116,659"
6618,Nusa Tenggara Barat,Kota Mataram,Kolam Pemancingan Kamasan,-8.3431,"-116,652"
6619,Nusa Tenggara Barat,Kota Mataram,KOLAM PEMANCINGAN PAK GANI,-8.3353,"116,736"
6620,Nusa Tenggara Barat,Kota Mataram,Kolam Pemancingan Udayana,-83351,116623
6621,Nusa Tenggara Barat,Kota Mataram,Kolam renang 5000,-8.3429,"116,517"
6622,Nusa Tenggara Barat,Kota Mataram,Kolam Renang Al-Husna,-8.3613,116.525419
6623,Nusa Tenggara Barat,Kota Mataram,KOLAM RENANG CANTIKA,-8597,"116,152"
6624,Nusa Tenggara Barat,Kota Mataram,Kolam Renang Hj. Nandong,-8.3457,116.44758
6625,Nusa Tenggara Barat,Kota Mataram,Kura-kura family entertaiment,-8.3539,"116,658"
6626,Nusa Tenggara Barat,Kota Mataram,Loang balok,-8.3611,116.428361
6627,Nusa Tenggara Barat,Kota Mataram,Lombok epicentrum mall,-8.593152,116.105177
6628,Nusa Tenggara Barat,Kota Mataram,MAKAM SYEKH AHMAD TRETETET,-8.3435,"-116,623"
6629,Nusa Tenggara Barat,Kota Mataram,Mapak indah ,-6.2297465,106.829518
6630,Nusa Tenggara Barat,Kota Mataram,Musium,-8356,116.59458
6631,Nusa Tenggara Barat,Kota Mataram,Nirwana Waterpark,-8.3358,"-116,725"
6632,Nusa Tenggara Barat,Kota Mataram,Pantai Ampenan ,-8348,"116,432"
6633,Nusa Tenggara Barat,Kota Mataram,Pantai batas senja ,83721,116438431
6634,Nusa Tenggara Barat,Kota Mataram,Pantai Gading ,-8376,116.431456
6635,Nusa Tenggara Barat,Kota Mataram,Pantai sembalun,83627,116430379
6636,Nusa Tenggara Barat,Kota Mataram,PASAR SENI SAYANG SAYANG,-8.3358,"166,736"
6637,Nusa Tenggara Barat,Kota Mataram,pemancingan pada girang,-8.3355,"116,726"
6638,Nusa Tenggara Barat,Kota Mataram,Skip Beach ,-8.3517,116.437356
6639,Nusa Tenggara Barat,Kota Mataram,STUDIO ALAM TV 9,-8594,"116,169"
6640,Nusa Tenggara Barat,Kota Mataram,Sunset land ,-8.3639,116.432608
6641,Nusa Tenggara Barat,Kota Mataram,TAMAN MAYURA,-6.2297465,106.829518
6642,Nusa Tenggara Barat,Kota Mataram,TAMAN UDAYANA,-8.3426,116.67
6643,Nusa Tenggara Barat,Kota Mataram,Tanjung Karang ,-8364,116.424436
6644,Nusa Tenggara Barat,Kota Mataram,TRANS STUDIO MINI MATARAM,-8.59,"116,146"
6645,Nusa Tenggara Barat,Kota Mataram,UFC swimming pool,-8341,"116,611"
6646,Nusa Tenggara Timur,Kabupaten Sabu Raijua,,-6.2297465,106.829518
6647,Nusa Tenggara Timur,Kabupaten Sikka,Desa Wisata Koja doi,-8.496502,122.398671
6648,Nusa Tenggara Timur,Kabupaten Sumba Tengah,Agrowisata Lokurata,-6.2297465,106.829518
6649,Nusa Tenggara Timur,Kabupaten Sumba Tengah,Air  Terjun Ta Urang,-6.2297465,106.829518
6650,Nusa Tenggara Timur,Kabupaten Sumba Tengah,Air Terjun Harangi,-6.2297465,106.829518
6651,Nusa Tenggara Timur,Kabupaten Sumba Tengah,Air Terjun Matanyangu,-6.2297465,106.829518
6652,Nusa Tenggara Timur,Kabupaten Sumba Tengah,Air Terjun Mbola,-6.2297465,106.829518
6653,Nusa Tenggara Timur,Kabupaten Sumba Tengah,Air Terjun Praikalala,-6.2297465,106.829518
6654,Nusa Tenggara Timur,Kabupaten Sumba Tengah,Air Terjun Waikapori,-6.2297465,106.829518
6655,Nusa Tenggara Timur,Kabupaten Sumba Tengah,Danau Kalita Wawi,-6.2297465,106.829518
6656,Nusa Tenggara Timur,Kabupaten Sumba Tengah,Embung Loku Jangi,-6.2297465,106.829518
6657,Nusa Tenggara Timur,Kabupaten Sumba Tengah,Gua  Alam Rati Maka Dewa,-6.2297465,106.829518
6658,Nusa Tenggara Timur,Kabupaten Sumba Tengah,Gua Alam Liangu Marapu,-6.2297465,106.829518
6659,Nusa Tenggara Timur,Kabupaten Sumba Tengah,Gua Alam Liangu Paniki  ,-6.2297465,106.829518
6660,Nusa Tenggara Timur,Kabupaten Sumba Tengah,Gua Alam Palaiju Ni Toda,-6.2297465,106.829518
6661,Nusa Tenggara Timur,Kabupaten Sumba Tengah,Kampung Adat  Galubakul,-6.2297465,106.829518
6662,Nusa Tenggara Timur,Kabupaten Sumba Tengah,Kampung Adat Anakalang,-6.2297465,106.829518
6663,Nusa Tenggara Timur,Kabupaten Sumba Tengah,Kampung Adat Deri Kambajawa,-6.2297465,106.829518
6664,Nusa Tenggara Timur,Kabupaten Sumba Tengah,Kampung Adat Kabonduk,-6.2297465,106.829518
6665,Nusa Tenggara Timur,Kabupaten Sumba Tengah,Kampung Adat Laitarung,-6.2297465,106.829518
6666,Nusa Tenggara Timur,Kabupaten Sumba Tengah,Kampung Adat Manua Kalada,-6.2297465,106.829518
6667,Nusa Tenggara Timur,Kabupaten Sumba Tengah,Kampung Adat Pasunga,-9.606998,119.603252
6668,Nusa Tenggara Timur,Kabupaten Sumba Tengah,Kampung Adat Praimarada,-6.2297465,106.829518
6669,Nusa Tenggara Timur,Kabupaten Sumba Tengah,Kampung Adat Praiwola,-6.2297465,106.829518
6670,Nusa Tenggara Timur,Kabupaten Sumba Tengah,Kampung Adat Wawarongu,-6.2297465,106.829518
6671,Nusa Tenggara Timur,Kabupaten Sumba Tengah,Kampung Padabar,-6.2297465,106.829518
6672,Nusa Tenggara Timur,Kabupaten Sumba Tengah,Landscape Cendana Hills,-6.2297465,106.829518
6673,Nusa Tenggara Timur,Kabupaten Sumba Tengah,Makam Umbu Tipuk Marisi,-6.2297465,106.829518
6674,Nusa Tenggara Timur,Kabupaten Sumba Tengah,Pantai Aili,-6.2297465,106.829518
6675,Nusa Tenggara Timur,Kabupaten Sumba Tengah,Pantai Kapulit,-6.2297465,106.829518
6676,Nusa Tenggara Timur,Kabupaten Sumba Tengah,Pantai Karendi,-6.2297465,106.829518
6677,Nusa Tenggara Timur,Kabupaten Sumba Tengah,Pantai Konda,-6.2297465,106.829518
6678,Nusa Tenggara Timur,Kabupaten Sumba Tengah,Pantai Maloba,-6.2297465,106.829518
6679,Nusa Tenggara Timur,Kabupaten Sumba Tengah,Pantai Mananga,-6.2297465,106.829518
6680,Nusa Tenggara Timur,Kabupaten Sumba Tengah,Pantai Pahar - Lenang,-6.2297465,106.829518
6681,Nusa Tenggara Timur,Kabupaten Sumba Tengah,Pantai Pasir Besi,-6.2297465,106.829518
6682,Nusa Tenggara Timur,Kabupaten Sumba Tengah,Pantai Tangairi,-6.2297465,106.829518
6683,Nusa Tenggara Timur,Kabupaten Sumba Tengah,Pantai Tarapa,-6.2297465,106.829518
6684,Nusa Tenggara Timur,Kabupaten Sumba Tengah,Pantai Taria,-6.2297465,106.829518
6685,Nusa Tenggara Timur,Kabupaten Sumba Tengah,Pantai Wene,-6.2297465,106.829518
6686,Nusa Tenggara Timur,Kabupaten Sumba Tengah,Pantai Wewawi,-6.2297465,106.829518
6687,Nusa Tenggara Timur,Kabupaten Sumba Tengah,Rest Area Langgaliru,-6.2297465,106.829518
6688,Nusa Tenggara Timur,Kabupaten Sumba Tengah,Tebing Batu  Paledi Anakara,-6.2297465,106.829518
6689,Nusa Tenggara Timur,Kabupaten Sumba Tengah,View Point Hutan Pinus,-6.2297465,106.829518
6690,Papua,Kabupaten Asmat,Dapurcem,5.55028833,138.1265983
6691,Papua,Kabupaten Asmat,Museum Kebudayaan dan Kemajuan Asmat,5.54164345,138.1348013
6692,Papua,Kabupaten Biak Numfor,Pantai Segara Indah,4.4,136.2369783
6693,Papua,Kabupaten Biak Numfor,Tanjung Serweri,25.8,135.97789
6694,Papua,Kabupaten Biak Numfor,UPTD Taman Burung Papua,20.9,136.1761483
6695,Papua,Kabupaten Biak Numfor,Wisata Goa Binsari,56.3,136.1066083
6696,Papua,Kabupaten Boven Digoel,Gua Maria Bunda Hati Kudus Yesus,6.1070633333333335,140.31407333333334
6697,Papua,Kabupaten Boven Digoel,Oude Haven ,-6.098156,140.2954316
6698,Papua,Kabupaten Boven Digoel,Tugu Monumen Bung Hatta ,-6.096484,140.298585
6699,Papua,Kabupaten Deiyai,Danau Tigi,4.08702756,136.2578475
6700,Papua,Kabupaten Dogiyai,Wisata Budaya,4.00151019,136.0342499
6701,Papua,Kabupaten Jayapura,Badan Usaha Milik Kampung,2.6134,140.5032
6702,Papua,Kabupaten Jayapura,Cyclop Waterpark,2.55142,140.49652
6703,Papua,Kabupaten Jayapura,Situs Sejarah,2.5635,140.5432
6704,Papua,Kabupaten Jayapura,Tungku Wiri,2.57146,140.4555
6705,Papua,Kabupaten Keerom,Kebun Buah Naga,2.7957,140.1616
6706,Papua,Kabupaten Keerom,Kolam Renang Waisamba,2.7834,140.5979
6707,Papua,Kabupaten Keerom,Sanggar Sekar Tanjung,-6.2297465,106.829518
6708,Papua,Kabupaten Keerom,Wisata Rohani Sandurun,2.8131,140.7804
6709,Papua,Kabupaten Kepulauan Yapen,Karopai Private Bay,2.3,136.193256
6710,Papua,Kabupaten Kepulauan Yapen,Karopai Private Bay,2.3,136.193256
6711,Papua,Kabupaten Kepulauan Yapen,Kelompok Tani Kitun Ambaidiru,682.2,136.1806433
6712,Papua,Kabupaten Kepulauan Yapen,Pantai Manuri,0.3,136.215345
6713,Papua,Kabupaten Kepulauan Yapen,Sanggar Warowen,-6.2297465,106.829518
6714,Papua,Kabupaten Merauke,Mahuze Mandiri,-8.518625,140.559228
6715,Papua,Kabupaten Merauke,Muzeum Felix Marturbongs,-8.503521,140.397618
6716,Papua,Kabupaten Merauke,Taman Anggrek Bualas Community,-8.524033,140.520691
6717,Papua,Kabupaten Merauke,Waterpark Kepala Gading,-8.507036,140.386726
6718,Papua,Kabupaten Mimika,International Swimming Pool,4.542895,136.883375
6719,Papua,Kabupaten Mimika,Waterboom Karang Senang,-6.2297465,106.829518
6720,Papua,Kabupaten Nabire,Pantai,3.30282136,135.55615243
6721,Papua,Kabupaten Paniai,Wisata Tirta,3.9569654,136.48540846
6722,Papua,Kabupaten Pegunungan Bintang,Bukit Bintang,-4.89568,140.639485
6723,Papua,Kabupaten Sarmi,Situs Peninggalan Perang Dunia  Ke II,1.995763,138.8439
6724,Papua,Kabupaten Sarmi,Tafarewar Beach,1.85302,138.73681
6725,Papua,Kabupaten Supiori,Jembatan Wisata Sanori,1.3,135.4446
6726,Papua,Kabupaten Tolikara,Bukit Talapago,-6.2297465,106.829518
6727,Papua,Kabupaten Waropen,Pantai Ronggaiwa,8.1,136.2438
6728,Papua,Kabupaten Waropen,Pantai Sibiru,-3.9,136.36577
6729,Papua,Kota Jayapura,Bukit Jokowi,2.5884,140.6887
6730,Papua,Kota Jayapura,Pantai Base -G,2.5178,140.74
6731,Papua,Kota Jayapura,PT. Hotel Tirta Mandala Cenderawasih,2534,"140,725"
6732,Papua,Kota Jayapura,UPT Museum Uncen Lokal Budaya,2.6105,140.6606
6733,Papua Barat,Kabupaten Fakfak,Pantai pasir putih,-2.5712,132.2042
6734,Papua Barat,Kabupaten Fakfak,Pantai wartutin,-6.2297465,106.829518
6735,Papua Barat,Kabupaten Kaimana,Muzaka Beach,-3.67281,133.69867
6736,Papua Barat,Kabupaten Kaimana,Pantai Kedai Atap,-3.67253,133.69966
6737,Papua Barat,Kabupaten Kaimana,Wisata Kuliner ,-3.6474,133.73817
6738,Papua Barat,Kabupaten Manokwari,KAMPUNG WISATA KWAU,-1.1810119161903327,133.91245696565994
6739,Papua Barat,Kabupaten Manokwari,KAS BEDERI,-0.735556574079563,133.59416730120108
6740,Papua Barat,Kabupaten Manokwari,PANTAI AMBAN,-0.814999439146242,134.07946792547892
6741,Papua Barat,Kabupaten Manokwari,PANTAI SIDEY,-0.7206854786272263,133.5751472180724
6742,Papua Barat,Kabupaten Manokwari,PANTAI YENKEBA PASIR PUTIH,-0.8693541193832391,134.1075179924426
6743,Papua Barat,Kabupaten Raja Ampat,Afu Dive resort,-0.438156,130.768844
6744,Papua Barat,Kabupaten Raja Ampat,Putras beach Resort,-0.440899,130.745877
6745,Papua Barat,Kabupaten Raja Ampat,Saleo beach 2,-0.44139,130.761579
6746,Papua Barat,Kabupaten Sorong,ABIMANYU,-6.2297465,106.829518
6747,Papua Barat,Kabupaten Sorong,KOLAM RENANG TIRTA ISTIANAH INDAH,-6.2297465,106.829518
6748,Papua Barat,Kabupaten Sorong,LESEHAN WADUK,-6.2297465,106.829518
6749,Papua Barat,Kabupaten Sorong Selatan,Hutan Manggrove Seribau,-1.422924,131.989234
6750,Papua Barat,Kabupaten Sorong Selatan,Kali Sembra,-1.410957,131.987194
6751,Papua Barat,Kabupaten Teluk Bintuni,Kolam Renang SP 1,-2.090596,133.468008
6752,Papua Barat,Kabupaten Teluk Bintuni,Pemancingan Nirwana,-2.092773,133.669734
6753,Papua Barat,Kota Sorong,Moi park,-0.812188,-19308.732729
6754,Papua Barat,Kota Sorong,Tampa garam beach resort,-0.838697,131.24083
6755,Riau,Kabupaten Bengkalis,Agrowisata Mentayan,-6.2297465,106.829518
6756,Riau,Kabupaten Bengkalis,Arboretum Gambut Sungai Pakning,1.347533,102.12424
6757,Riau,Kabupaten Bengkalis,Cagar Biosfer Giam-Siak Kecil Bukit Batu,1.405625,101.906907
6758,Riau,Kabupaten Bengkalis,Car Free Night,1.4691263195426087,102.10764742598266
6759,Riau,Kabupaten Bengkalis,Ekowisata Desa Pangkalan Nyirih,-6.2297465,106.829518
6760,Riau,Kabupaten Bengkalis,Festival Durian,1.5170260427253486,102.28201216029129
6761,Riau,Kabupaten Bengkalis,Festival Lampu Colok,-6.2297465,106.829518
6762,Riau,Kabupaten Bengkalis,Festival Mandi Safar,-6.2297465,106.829518
6763,Riau,Kabupaten Bengkalis,Habitat Dugong Muara Sungai Simpur - Desa Suka Damai,-6.2297465,106.829518
6764,Riau,Kabupaten Bengkalis,Jail Belanda,1.4679811265101288,102.1126791826268
6765,Riau,Kabupaten Bengkalis,Kelenteng Cin Bu Kiong Rupat,2.030944,101.580721
6766,Riau,Kabupaten Bengkalis,Kenduri Durian,-6.2297465,106.829518
6767,Riau,Kabupaten Bengkalis,Komplek Situs Datuk Laksamana Raja Dilaut,1.457182,101.986767
6768,Riau,Kabupaten Bengkalis,Makam Putri Sembilan Rupat Utara,2.076269,101.710511
6769,Riau,Kabupaten Bengkalis,Menara Mercusuar,-6.2297465,106.829518
6770,Riau,Kabupaten Bengkalis,Pantai Budung,1.5508599172707411,102.32270351132688
6771,Riau,Kabupaten Bengkalis,Pantai Indah Selatbaru,1.557981,102.242244
6772,Riau,Kabupaten Bengkalis,Pantai Ketapang Rupat,-6.2297465,106.829518
6773,Riau,Kabupaten Bengkalis,Pantai Penampar,1.5691367444718083,102.18640050063294
6774,Riau,Kabupaten Bengkalis,Pantai Perapat Tunggal,1.5714895192479186,102.01206182414
6775,Riau,Kabupaten Bengkalis,Pantai Perepat Tunggal,-6.2297465,106.829518
6776,Riau,Kabupaten Bengkalis,Pantai Pesona,-6.2297465,106.829518
6777,Riau,Kabupaten Bengkalis,Pantai Raja Kecik,1.532065,102.416365
6778,Riau,Kabupaten Bengkalis,Pantai Sepahat,-6.2297465,106.829518
6779,Riau,Kabupaten Bengkalis,Pantai Tenggayun,-6.2297465,106.829518
6780,Riau,Kabupaten Bengkalis,Penjara Huis Van Behauring Netherland,-6.2297465,106.829518
6781,Riau,Kabupaten Bengkalis,Pulau Beruk,2.1176101090585715,101.63316156497935
6782,Riau,Kabupaten Bengkalis,Pulau Beruk,-6.2297465,106.829518
6783,Riau,Kabupaten Bengkalis,Pusat Pelatihan Gajah Balai Raja,0.7230732,101.4097228
6784,Riau,Kabupaten Bengkalis,Rumah Adat Suku Akit,-6.2297465,106.829518
6785,Riau,Kabupaten Bengkalis,Rumah dan Hutan Adat Suku Sakai,1.4534482,101.2306381
6786,Riau,Kabupaten Bengkalis,Tepian Batang Mandau,-6.2297465,106.829518
6787,Riau,Kabupaten Indragiri Hilir,"AIR TERJUN 86, KEMUNING",-0.937185,102.59805
6788,Riau,Kabupaten Indragiri Hilir,"AIR TERJUN SELENSEN SALAK, KEMUNING",-1.0021669536285256,102.7661078650046
6789,Riau,Kabupaten Indragiri Hilir,"AIR TERJUN TEMBULUN RUSO, KEMUNING",-6.2297465,106.829518
6790,Riau,Kabupaten Indragiri Hilir,"BATU BESAR, SUNGAI KIBUL, KEMUNING",0.08748381138324257,103.18618460535818
6791,Riau,Kabupaten Indragiri Hilir,Bukit Pendam ,-1.020739,102.683319
6792,Riau,Kabupaten Indragiri Hilir,"BUKIT PENDAM, KEMUNING",-1.0206137209151793,102.68320383901595
6793,Riau,Kabupaten Indragiri Hilir,EKOWISATA MANGROVE ANAK BATANG SAPAT,-0.39566861379444307,103.59878592620689
6794,Riau,Kabupaten Indragiri Hilir,EKOWISATA MANGROVE PANTAI SOLOP,-0.075104,103.579877
6795,Riau,Kabupaten Indragiri Hilir,Festival Menongkah,-0.320833,103.138779
6796,Riau,Kabupaten Indragiri Hilir,Festival Sampan Leper,-0.309847,103.158178
6797,Riau,Kabupaten Indragiri Hilir,Festival Teater Klasik,-0.319846,103.156622
6798,Riau,Kabupaten Indragiri Hilir,"GEMA MUHARRAM, TEMBILAHAN",-0.312851,103.157125
6799,Riau,Kabupaten Indragiri Hilir,Gowes Jelajah Inhil,-0.3041823976073018,103.11422136910322
6800,Riau,Kabupaten Indragiri Hilir,"KAMPUNG KHAIRIAH, MANDAH",0.024072686289828185,103.49514048612663
6801,Riau,Kabupaten Indragiri Hilir,"KOLAM RENANG TUAH BERLAYAR, KEMPAS",-0.5624100048873456,102.95323229668466
6802,Riau,Kabupaten Indragiri Hilir,MAKAM TUAN GURU ABDURRAHMAN YAQUB KERITANG,-0.7493853456636139,102.90111591202688
6803,Riau,Kabupaten Indragiri Hilir,Makam Tuan Guru Syeikh Abdurrahman Siddik,-0.30199,103.303324
6804,Riau,Kabupaten Indragiri Hilir,Pacu Pompong,-0.6035227809013968,103.38200238593292
6805,Riau,Kabupaten Indragiri Hilir,Pantai Mutiara,-0.291145,103.127175
6806,Riau,Kabupaten Indragiri Hilir,PANTAI TERUMBU MABLUE,-6.2297465,106.829518
6807,Riau,Kabupaten Indragiri Hilir,PASAR  JONGKOK TEMBILAHAN,-0.3264579545613179,103.15747691271673
6808,Riau,Kabupaten Indragiri Hilir,Taman sri gemilang,-0.31589862319772594,103.15855413137076
6809,Riau,Kabupaten Indragiri Hulu,AGROWISATA KEBUN JERUK,-0.493529,102.426579
6810,Riau,Kabupaten Indragiri Hulu,AGROWISATA LESTARI KEL. PEMATANG REBA,-0.391688,102.449906
6811,Riau,Kabupaten Indragiri Hulu,Air Terjun Aseng,-0.7313142561330686,102.42934472357085
6812,Riau,Kabupaten Indragiri Hulu,Air Terjun Denalo,-0.8561778491733126,102.2432942565153
6813,Riau,Kabupaten Indragiri Hulu,AIR TERJUN DENALO,-0.85693,102.24345
6814,Riau,Kabupaten Indragiri Hulu,AIR TERJUN GRANIT,-0.828049,102.527614
6815,Riau,Kabupaten Indragiri Hulu,Air Terjun kinutan,-0.6270628354936475,102.40452102171932
6816,Riau,Kabupaten Indragiri Hulu,Air Terjun Papunawan,-0.7326891723333194,102.45847596775008
6817,Riau,Kabupaten Indragiri Hulu,Air Terjun Sintanau,-6.2297465,106.829518
6818,Riau,Kabupaten Indragiri Hulu,Air Terjun Sultan Limpoyang,-1.0113242741917459,102.55126053706476
6819,Riau,Kabupaten Indragiri Hulu,Air Terjun Tembulun Berasap,-0.7036137947987643,102.35220535240653
6820,Riau,Kabupaten Indragiri Hulu,AIR TERJUN TEMBULUN BERASAP,-0.703646,102.352221
6821,Riau,Kabupaten Indragiri Hulu,Arung Jeram Simpang,-0.81970483404936,102.28913205633371
6822,Riau,Kabupaten Indragiri Hulu,Bukit Cinta Rantau Langsat,-0.7692134543837061,102.45633926514944
6823,Riau,Kabupaten Indragiri Hulu,CITRA WATERPARK,-0.398778,102.194609
6824,Riau,Kabupaten Indragiri Hulu,Danau Biru,-0.6100800807798026,102.40456495055508
6825,Riau,Kabupaten Indragiri Hulu,Danau Kembar,-0.6770239515709628,102.43191547092565
6826,Riau,Kabupaten Indragiri Hulu,DANAU KEMBAR,-0.669635,102.434382
6827,Riau,Kabupaten Indragiri Hulu,Danau Meduyan,-0.3492740982721889,102.39272765240474
6828,Riau,Kabupaten Indragiri Hulu,DANAU MEDUYAN,-0.349336,102.392759
6829,Riau,Kabupaten Indragiri Hulu,DANAU RAJA,-0.368195,102.526165
6830,Riau,Kabupaten Indragiri Hulu,Danau Raja Rengat,-0.3457685230679799,102.52640291633996
6831,Riau,Kabupaten Indragiri Hulu,DESA RANTAU LANGSAT,-0.776978,102.459054
6832,Riau,Kabupaten Indragiri Hulu,FESTIVAL RENTAK INDRAGIRI (RENTAK BULIAN),-6.2297465,106.829518
6833,Riau,Kabupaten Indragiri Hulu,GEDUNG KESENIAN RENGAT,-0.373243,102.548676
6834,Riau,Kabupaten Indragiri Hulu,INHU PARK,-0.387776,102.438471
6835,Riau,Kabupaten Indragiri Hulu,Istana Water Park,-0.37899186388583245,102.54067815767172
6836,Riau,Kabupaten Indragiri Hulu,"JEMBATAN TRIO AMANAH INDRAGIRI, RENGAT",-0.372623,102.548327
6837,Riau,Kabupaten Indragiri Hulu,KAWASAN TAMAN NASIONAL BUKIT TIGA PULUH,-0.805701,102.520379
6838,Riau,Kabupaten Indragiri Hulu,KELENTENG VIHARA PARAMITA RENGAT,-0.3721,102.545868
6839,Riau,Kabupaten Indragiri Hulu,KOMPLEK MAKAM KESULTANAN KEL. KOTA BESAR RENGAT,-0.367851,102.541631
6840,Riau,Kabupaten Indragiri Hulu,Komplek Makam Raja Indragiri Kota Lama,-0.34837871187947345,102.39538742171784
6841,Riau,Kabupaten Indragiri Hulu,KOMPLEK MAKAM RAJA INDRAGIRI KOTA LAMA,-0.34858,102.395435
6842,Riau,Kabupaten Indragiri Hulu,MAKAM MOTAH DESA SIPANG KEC. BATANG CENAKU,-6.2297465,106.829518
6843,Riau,Kabupaten Indragiri Hulu,Masjid Raya Ar-Rahman Rengat,-0.36721102586351223,102.54131369259599
6844,Riau,Kabupaten Indragiri Hulu,Masjid Raya Kenegerian Baturijal,-0.5256477439997723,101.93830332356971
6845,Riau,Kabupaten Indragiri Hulu,"MESJID RAYA AR-RAHMAN, RENGAT",-0.367693,102.541678
6846,Riau,Kabupaten Indragiri Hulu,"MESJID RAYA PAUH RANAP, KEC. PERANAP",-0.539982,101.977324
6847,Riau,Kabupaten Indragiri Hulu,NAPALSUKEY,-0.593577,102.352785
6848,Riau,Kabupaten Indragiri Hulu,PEMANDIAN AIR PANAS SENCANO,-6.2297465,106.829518
6849,Riau,Kabupaten Indragiri Hulu,Pemandian Sungai Sesirih,-0.7374607608407895,102.50379857939159
6850,Riau,Kabupaten Indragiri Hulu,PERKAMPUNGAN SUKU TALANG MAMAK,-0.808691,102.448396
6851,Riau,Kabupaten Indragiri Hulu,Replika Istana Sultan Isa Indragiri,-0.36609221281850385,102.52559219473311
6852,Riau,Kabupaten Indragiri Hulu,RUMAH TINGGI,-0.367903,102.54082
6853,Riau,Kabupaten Indragiri Hulu,SUNGAI BATANG GANGSAL,-0.928021,102.454437
6854,Riau,Kabupaten Indragiri Hulu,Taman MCR,-0.42193050012220884,102.4529442370617
6855,Riau,Kabupaten Indragiri Hulu,TAMAN MCR,-0.422075,102.452968
6856,Riau,Kabupaten Indragiri Hulu,TAMAN PANORAMA,-0.507661,102.423539
6857,Riau,Kabupaten Indragiri Hulu,TAMAN WISATA YUKI DREAM,-0.416718,102.447946
6858,Riau,Kabupaten Indragiri Hulu,TUGU PERINGATAN AGRESI BELANDA,-0.377163,102.55129
6859,Riau,Kabupaten Indragiri Hulu,WATERPARK ALIF ADAM,-0.530963,102.424094
6860,Riau,Kabupaten Indragiri Hulu,WISATA ALAM  LIRIK,-0.303482,102.301941
6861,Riau,Kabupaten Kampar,Aghi Ayo Onam,0.355516,101.003376
6862,Riau,Kabupaten Kampar,Air Terjun Batu Dinding,-0.17969968519964996,101.07830473068687
6863,Riau,Kabupaten Kampar,"AIR TERJUN BATU DINDING,",-6.2297465,106.829518
6864,Riau,Kabupaten Kampar,Air Terjun Batu Tilam,-0.05492232054788424,100.77671983068686
6865,Riau,Kabupaten Kampar,Air Terjun Panisan,0.2589195704955558,100.6218256073947
6866,Riau,Kabupaten Kampar,DANAU BOKUOK,0.36687917863072916,101.26625019065014
6867,Riau,Kabupaten Kampar,Danau Rusa,0.324832535782008,100.77109261534343
6868,Riau,Kabupaten Kampar,Festival Subayang,-0.13128527345220561,101.08374798126984
6869,Riau,Kabupaten Kampar,Henferd Land,0.3360325531149866,100.71311236147744
6870,Riau,Kabupaten Kampar,Hutan Adat Imbo Putui,0.5433624847846387,101.06610536931393
6871,Riau,Kabupaten Kampar,Hutan Adat Kenagarian Kampa,0.3306570556424375,101.13559384811211
6872,Riau,Kabupaten Kampar,Hutan Pinus Bukit Cadika,0.3244264601914164,101.02100458182518
6873,Riau,Kabupaten Kampar,HUTAN PINUS BUKIT CANDIKA,-6.2297465,106.829518
6874,Riau,Kabupaten Kampar,Kawasan Candi Muara Takus,0.39580915293543883,100.64657281604939
6875,Riau,Kabupaten Kampar,Kawasan Istana Gunung Sahilan,0.0906176540651461,101.2869335244741
6876,Riau,Kabupaten Kampar,Kawasan Kesultanan Kampa,0.3568655462859132,101.20930114761453
6877,Riau,Kabupaten Kampar,KAWASAN PLTA KOTO PANJANG,0.2910321522068351,100.88144092699216
6878,Riau,Kabupaten Kampar,Limau Kasai ,0.3688285146848766,101.05833568123761
6879,Riau,Kabupaten Kampar,Makam Mahmud Marzuki,0.3440476298000813,101.03693056589425
6880,Riau,Kabupaten Kampar,"MAKAM SYECH BURHANUDDIN, KUNTU",-0.07585723512099068,101.14358726650322
6881,Riau,Kabupaten Kampar,MASJID JAMI' AIR TIRIS,0.3733618287565071,101.0940349524595
6882,Riau,Kabupaten Kampar,PUNCAK KOMPE,0.2991483757075602,100.85350858480327
6883,Riau,Kabupaten Kampar,PUNCAK KOMPE,-6.2297465,106.829518
6884,Riau,Kabupaten Kampar,RUMAH LONTIOK,0.33619021008666955,100.95727340794394
6885,Riau,Kabupaten Kampar,STANUM,0.3324227473469831,101.00934020392341
6886,Riau,Kabupaten Kampar,SUAKA MARGASATWA BUKIT RIMBANG - BUKIT BALING,-0.18326319709825156,100.93557129755317
6887,Riau,Kabupaten Kampar,SUNGAI GULAMO,0.315603896757747,100.7786577223587
6888,Riau,Kabupaten Kampar,SUNGAI HIJAU,0.29298177478450793,101.00010646914308
6889,Riau,Kabupaten Kampar,SUNGAI KOPU / SUNGAI KAPUR,0.30030358507748234,100.58022742815511
6890,Riau,Kabupaten Kampar,TAMAN WISATA ALAM BULUH CINA,0.37433984291643774,101.52847762171484
6891,Riau,Kabupaten Kampar,TEPIAN MAHLIGAI,0.3077841954114446,100.82884573705853
6892,Riau,Kabupaten Kampar,Tugu Khatulistiwa,-0.0003273079280048335,101.20543492356727
6893,Riau,Kabupaten Kampar,Ulu Kasok,0.29598815984846505,100.85668336477634
6894,Riau,Kabupaten Kepulauan Meranti,AGROWISATA KOPI LIBERIKA DESA KEDABU RAPAT,-6.2297465,106.829518
6895,Riau,Kabupaten Kepulauan Meranti,AGROWISATA SAGU SUNGAI TOHOR,-6.2297465,106.829518
6896,Riau,Kabupaten Kepulauan Meranti,ARENA WISATA R COMMUNITY,-6.2297465,106.829518
6897,Riau,Kabupaten Kepulauan Meranti,EKOWISATA CINTA MANGROVE DESA ANAK SETATAH,-6.2297465,106.829518
6898,Riau,Kabupaten Kepulauan Meranti,Ekowisata Mangrove Sungai Merambai,1.0549089595729306,102.4433705447306
6899,Riau,Kabupaten Kepulauan Meranti,FESTIVAL CAP GOMEH,-6.2297465,106.829518
6900,Riau,Kabupaten Kepulauan Meranti,Festival Gasing,0.9833784787108075,102.70097177296373
6901,Riau,Kabupaten Kepulauan Meranti,Festival Jung Titis,1.1248304074814532,102.54267115266646
6902,Riau,Kabupaten Kepulauan Meranti,Festival Lampu Colok,1.00103299737364,102.72645645081694
6903,Riau,Kabupaten Kepulauan Meranti,Festival Layang-layang,1.1248411342490896,102.54260677996338
6904,Riau,Kabupaten Kepulauan Meranti,FESTIVAL PERANG AIR,-6.2297465,106.829518
6905,Riau,Kabupaten Kepulauan Meranti,Festival Sampan Layar,1.240290424485289,102.46190436585944
6906,Riau,Kabupaten Kepulauan Meranti,HUTAN MANGROVE BANGLAS DAN JEMBATAN PELANGI,-6.2297465,106.829518
6907,Riau,Kabupaten Kepulauan Meranti,HUTAN MANGROVE BOKOR,-6.2297465,106.829518
6908,Riau,Kabupaten Kepulauan Meranti,JEMBATAN SAKA RAJA,-6.2297465,106.829518
6909,Riau,Kabupaten Kepulauan Meranti,KAWASAN PARIWISATA EDUKASI SAGU,-6.2297465,106.829518
6910,Riau,Kabupaten Kepulauan Meranti,Lari di atas Tual Sagu,1.0502962195401133,102.75622862709503
6911,Riau,Kabupaten Kepulauan Meranti,MAKAM DATOK SETIA INDERA,-6.2297465,106.829518
6912,Riau,Kabupaten Kepulauan Meranti,MAKAM TENGKU SOELONG TJANTIK SAIJET ALWI TENGKOE TEMENGGOENG MARHORM BOENTAT,-6.2297465,106.829518
6913,Riau,Kabupaten Kepulauan Meranti,Mandi Safar,0.9240605122153972,102.64376824039412
6914,Riau,Kabupaten Kepulauan Meranti,MASJID AL MUJAHIDIN (TEBING TINGGI BARAT),-6.2297465,106.829518
6915,Riau,Kabupaten Kepulauan Meranti,PANTAI BATU GERONJONG DESA KEDABU RAPAT,-6.2297465,106.829518
6916,Riau,Kabupaten Kepulauan Meranti,Pantai Beting Beras,1.1247875004075747,102.54268188150215
6917,Riau,Kabupaten Kepulauan Meranti,PANTAI BETING BERAS,-6.2297465,106.829518
6918,Riau,Kabupaten Kepulauan Meranti,Pantai Dorak,1.0075952697155737,102.74896610848823
6919,Riau,Kabupaten Kepulauan Meranti,Pantai Motong,1.0207825733635165,102.63190782649706
6920,Riau,Kabupaten Kepulauan Meranti,PESTA SUNGAI BOKOR,-6.2297465,106.829518
6921,Riau,Kabupaten Kepulauan Meranti,Tasik Air Merah,0.9221661382237855,102.95759497965287
6922,Riau,Kabupaten Kepulauan Meranti,Tasik Air Putih,0.9338109569399319,103.04615401033827
6923,Riau,Kabupaten Kepulauan Meranti,TASIK AIR PUTIH,-6.2297465,106.829518
6924,Riau,Kabupaten Kepulauan Meranti,TASIK NAMBUS,-6.2297465,106.829518
6925,Riau,Kabupaten Kepulauan Meranti,TELAGA AIR MERAH,-6.2297465,106.829518
6926,Riau,Kabupaten Kepulauan Meranti,Telaga Bening (Kolam),1.013141969325415,102.70820239499535
6927,Riau,Kabupaten Kepulauan Meranti,VIHARA SEJAHTERA SAKTI,-6.2297465,106.829518
6928,Riau,Kabupaten Kuantan Singingi,Agrowisata Pematang Kanca,-0.6079669629770098,101.51266372518536
6929,Riau,Kabupaten Kuantan Singingi,Air Terjun Dangku,-0.7868644072287877,101.64838583068119
6930,Riau,Kabupaten Kuantan Singingi,AIR TERJUN HULU LEMBU,-6.2297465,106.829518
6931,Riau,Kabupaten Kuantan Singingi,Air Terjun Tepian Batu,-0.7328536714025763,101.4396569142285
6932,Riau,Kabupaten Kuantan Singingi,Air Terjun Tujuh Tingkat Batang Koban,-0.6166316121849198,101.32248981534093
6933,Riau,Kabupaten Kuantan Singingi,Bendungan Pasar Baru Pangean,-0.41232938674533304,101.6773948846579
6934,Riau,Kabupaten Kuantan Singingi,Bendungan Tesso Nilo Marsawa,-0.37489368869398976,101.51359322425006
6935,Riau,Kabupaten Kuantan Singingi,Cagar Budaya Padang Candi,-0.6629435183480169,101.47770310148137
6936,Riau,Kabupaten Kuantan Singingi,Danau Rawang Udang,-0.4941335682357763,101.63213133068118
6937,Riau,Kabupaten Kuantan Singingi,DANAU SUNGAI SORIAK BASERAH,-6.2297465,106.829518
6938,Riau,Kabupaten Kuantan Singingi,Danau Sungai Sorik,-0.46116496401176715,101.74228762329705
6939,Riau,Kabupaten Kuantan Singingi,FESTIVAL BUDAYA PERAHU BAGANDUANG,-6.2297465,106.829518
6940,Riau,Kabupaten Kuantan Singingi,FESTIVAL PACU JALUR TRADISIONAL TEPIAN NAROSA,-6.2297465,106.829518
6941,Riau,Kabupaten Kuantan Singingi,Festival Sepak Rago Tinggi,-0.5201900018300467,101.60229264522036
6942,Riau,Kabupaten Kuantan Singingi,HUTAN ADAT SENTAJO,-6.2297465,106.829518
6943,Riau,Kabupaten Kuantan Singingi,ISTANA KOTO RAJO,-6.2297465,106.829518
6944,Riau,Kabupaten Kuantan Singingi,Jalur Car Free Night,-0.5323042482779848,101.57130152518508
6945,Riau,Kabupaten Kuantan Singingi,Kawasan Cagar Budaya Kenegerian Sentajo,-0.49287932431612774,1.60011646841099
6946,Riau,Kabupaten Kuantan Singingi,KAWASAN PANGKALAN INDARUNG,-6.2297465,106.829518
6947,Riau,Kabupaten Kuantan Singingi,Kawasan Rumah Adat Koto Benai,-0.4973266361583582,101.62836935281587
6948,Riau,Kabupaten Kuantan Singingi,LAMAN SILEK PANGEAN,-6.2297465,106.829518
6949,Riau,Kabupaten Kuantan Singingi,Lubuk Oguang,-0.4056767929145736,101.3274896153421
6950,Riau,Kabupaten Kuantan Singingi,MASJID JAMI' INUMAN,-6.2297465,106.829518
6951,Riau,Kabupaten Kuantan Singingi,MASJID JAMI' KOTO PANGEAN,-6.2297465,106.829518
6952,Riau,Kabupaten Kuantan Singingi,MASJID JAMI' RAUDHATUL JANNAH KOTO SENTAJO,-6.2297465,106.829518
6953,Riau,Kabupaten Kuantan Singingi,MASJID KOTO TUO BASERAH,-6.2297465,106.829518
6954,Riau,Kabupaten Kuantan Singingi,Panorama Bukik Cokiak,-0.3812543830401273,101.34647701534058
6955,Riau,Kabupaten Kuantan Singingi,PANORAMA DANAU KEBUN NOPI,-6.2297465,106.829518
6956,Riau,Kabupaten Kuantan Singingi,Panorama Danau Pisang Berebus,-0.5588666030477705,101.50494845264222
6957,Riau,Kabupaten Kuantan Singingi,Panorama Hutan Pulau Bungin ,-0.5361144261267546,101.56862929549065
6958,Riau,Kabupaten Kuantan Singingi,PANTAI JAI - JAI RAOK,-6.2297465,106.829518
6959,Riau,Kabupaten Kuantan Singingi,Pelangi Water Park,-0.5295328190799262,101.56056307670295
6960,Riau,Kabupaten Kuantan Singingi,Pemandian Napagh Kuning,-0.6920431080017592,101.49207635145721
6961,Riau,Kabupaten Kuantan Singingi,Pemandian Panguen,-0.16299152626111435,101.29925217478123
6962,Riau,Kabupaten Kuantan Singingi,PEMANDIAN PUALIN PARK,-6.2297465,106.829518
6963,Riau,Kabupaten Kuantan Singingi,PEMANDIAN TABIJO SUNGAI TAPI,-6.2297465,106.829518
6964,Riau,Kabupaten Kuantan Singingi,PENINGGALAN SEJARAH KERETA API PERANG DUNIA II,-6.2297465,106.829518
6965,Riau,Kabupaten Kuantan Singingi,RUMAH ADAT KENEGERIAN TALUK ,-6.2297465,106.829518
6966,Riau,Kabupaten Kuantan Singingi,Rumah Adat Koto Gunung,-0.5888671276139041,101.45013591357433
6967,Riau,Kabupaten Kuantan Singingi,RUMAH ADAT KOTO SENTAJO,-6.2297465,106.829518
6968,Riau,Kabupaten Kuantan Singingi,Suaka Margasatwa Bukit Rimbang - Bukit Baling,-0.1833065446834316,100.93554803957572
6969,Riau,Kabupaten Kuantan Singingi,SUAKA MARGASATWA RIMBANG - BUKIT BALING,-6.2297465,106.829518
6970,Riau,Kabupaten Kuantan Singingi,Taman Wisata Surya Fam¡¯s,-0.5136424671878659,101.57946038375164
6971,Riau,Kabupaten Kuantan Singingi,Telaga Dapur Umum,-0.288466687461053,101.52942447670296
6972,Riau,Kabupaten Kuantan Singingi,TOBEK PABOUN,-6.2297465,106.829518
6973,Riau,Kabupaten Kuantan Singingi,WISATA SUNGAI KELELAWAR,-6.2297465,106.829518
6974,Riau,Kabupaten Pelalawan,Air Panas Pangkalan Lesung,-6.2297465,106.829518
6975,Riau,Kabupaten Pelalawan,"Belimau Potang Mogang, Belimau Sultan",-6.2297465,106.829518
6976,Riau,Kabupaten Pelalawan,Bumi Perkemahan (Bukit Sagaria),0.289679,102.142248
6977,Riau,Kabupaten Pelalawan,Danau Betung,0.10224442632593785,101.96921746069347
6978,Riau,Kabupaten Pelalawan,Danau Betung,0.10048612,101.969045
6979,Riau,Kabupaten Pelalawan,Danau Tajwid,0.27084958447615193,101.70849765396973
6980,Riau,Kabupaten Pelalawan,Danau Tajwid,0.269884,101.70643377
6981,Riau,Kabupaten Pelalawan,Hutan Kota Pangkalan Kerinci,0.3849956748156477,101.84330496931312
6982,Riau,Kabupaten Pelalawan,Hutan Kota Pangkalan Kerinci,0.3834293,101.8433908
6983,Riau,Kabupaten Pelalawan,Istana Raja Pelalawan,0.4455607,101.092396
6984,Riau,Kabupaten Pelalawan,Istana Sayap,0.4458336697850681,102.09487877938626
6985,Riau,Kabupaten Pelalawan,Istana Sayap,0.677445,102.121323
6986,Riau,Kabupaten Pelalawan,Istana Sayap,0.445607,102.094925
6987,Riau,Kabupaten Pelalawan,Istana Sayap,0.445607,102.094925
6988,Riau,Kabupaten Pelalawan,Istana Sayap,0.445607,102.094925
6989,Riau,Kabupaten Pelalawan,Jung Kutil,-6.2297465,106.829518
6990,Riau,Kabupaten Pelalawan,Kampung Tok Andal,0.4254666276838754,101.84785719472977
6991,Riau,Kabupaten Pelalawan,Kawasan Ombak Bono,0.16267841966390464,102.5717295370591
6992,Riau,Kabupaten Pelalawan,Kawasan Ombak Bono,0.152223,102.58445
6993,Riau,Kabupaten Pelalawan,Komplek Makam Raja Pelalawan,0.45046,102.082867
6994,Riau,Kabupaten Pelalawan,Lapak Pangker,0.402778,101.85778
6995,Riau,Kabupaten Pelalawan,Lubuk Kembang Bunga,-6.2297465,106.829518
6996,Riau,Kabupaten Pelalawan,Makam Jauh,0.4507506406613673,102.08286549472972
6997,Riau,Kabupaten Pelalawan,Masjid Agung Ulul Azmi,0.3835863717049838,101.83010977938649
6998,Riau,Kabupaten Pelalawan,Masjid Hibah,0.443573969455971,102.09289453520705
6999,Riau,Kabupaten Pelalawan,Menumbai Madu Lebah Sialang,-6.2297465,106.829518
7000,Riau,Kabupaten Pelalawan,Pantai Kute,0.3423262439104314,101.8825143524018
7001,Riau,Kabupaten Pelalawan,Pantai Kute,0.341945,101.8825
7002,Riau,Kabupaten Pelalawan,Pantai Ogis ,0.15928340453382603,102.58275348123837
7003,Riau,Kabupaten Pelalawan,PULAU PEDADO,-6.2297465,106.829518
7004,Riau,Kabupaten Pelalawan,RUANG PUBLIK KREATIF PANGKALAN KERINCI,0.38197,101.840447
7005,Riau,Kabupaten Pelalawan,Suaka Margasatwa Kerumutan,-0.024865067441231063,102.380892408224
7006,Riau,Kabupaten Pelalawan,Suaka Margasatwa Kerumutan,0.1,102.4
7007,Riau,Kabupaten Pelalawan,Sungai Kerumutan,0.162361,102.544442
7008,Riau,Kabupaten Pelalawan,Taman Nasional Tesso Nilo,0.07561,101.62336
7009,Riau,Kabupaten Pelalawan,Tugu Katulistiwa (equator),-0.0001945,102.1100792
7010,Riau,Kabupaten Rokan Hilir,CANDI SEDINGINAN,1.484026,100.992198
7011,Riau,Kabupaten Rokan Hilir,CANDI SINTONG,1.425466,101.018587
7012,Riau,Kabupaten Rokan Hilir,DANAU JANDA GATAL,2.1995231,100.7946746
7013,Riau,Kabupaten Rokan Hilir,DANAU NAPANGGA,1.4580555,100.466523
7014,Riau,Kabupaten Rokan Hilir,DESA WISATA LEMBAH BERANGIN (SEDINGINAN),1.484206,100.988792
7015,Riau,Kabupaten Rokan Hilir,EMBUNG JAYA SEMPURNA,-6.2297465,106.829518
7016,Riau,Kabupaten Rokan Hilir,FESTIFAL MERIAM BULUH,-6.2297465,106.829518
7017,Riau,Kabupaten Rokan Hilir,FESTIVAL PULAU TILAN,1.5412,101.0913
7018,Riau,Kabupaten Rokan Hilir,GUGUSAN KEPULAUAN ARUAH (PULAU JEMUR),2.8287944,100.5484835
7019,Riau,Kabupaten Rokan Hilir,HUTAN KOTA BAGANSIAPIAPI,2.161835,100.809413
7020,Riau,Kabupaten Rokan Hilir,JEMBATAN PEDAMARAN II,2.06029,100.854701
7021,Riau,Kabupaten Rokan Hilir,KAWASAN HERITAGE BAGAN SIAPIAPI,2.1605703,100.8079612
7022,Riau,Kabupaten Rokan Hilir,MAKAM DATUK BATU HAMPAR/BATU BELAH,1.921568,100.936236
7023,Riau,Kabupaten Rokan Hilir,MAKAM TUAN GURU SYECH ZAINUDDIN,-6.2297465,106.829518
7024,Riau,Kabupaten Rokan Hilir,MEPET SAWAH (MEWAH),1.827948,101.086799
7025,Riau,Kabupaten Rokan Hilir,PINGGIR SUNGAI ROKAN BATU 6,2.1002900915766,100.81572673724
7026,Riau,Kabupaten Rokan Hilir,POTANG MOGANG,-6.2297465,106.829518
7027,Riau,Kabupaten Rokan Hilir,PULAU TILAN,1.52582,101.160965
7028,Riau,Kabupaten Rokan Hilir,RATIB KOAMBAI,1.88625,100.515041
7029,Riau,Kabupaten Rokan Hilir,RITUAL CENG BENG,2.137375,100.638733
7030,Riau,Kabupaten Rokan Hilir,Rumah Makan ,2.16097,100.808217
7031,Riau,Kabupaten Rokan Hilir,"RUMAH POHON, KEC. BAGAN SINEMBAH",2.1612,100.809782
7032,Riau,Kabupaten Rokan Hilir,RUMAH SULUK ALM. CH. OESTMAN,2.167427,101.006699
7033,Riau,Kabupaten Rokan Hilir,TUGU PROKLAMASI (TANAH PUTIH),1.497253,101.005726
7034,Riau,Kabupaten Rokan Hilir,WISATA DEWA DEWI,1.568169,100.896804
7035,Riau,Kabupaten Rokan Hulu,AIR PANAS HAPANASAN,0.824992,100.2557253
7036,Riau,Kabupaten Rokan Hulu,AIR PANAS SUAMAN,0.8259253,100.2546274
7037,Riau,Kabupaten Rokan Hulu,Air Terjun Hujan Lobek,0.566992333693382,100.4073172962929
7038,Riau,Kabupaten Rokan Hulu,Air Terjun Kajatan Baru,0.5416228118635086,100.34457133863762
7039,Riau,Kabupaten Rokan Hulu,Air Terjun Parlakkitangan,0.7528451543527073,100.26773939907555
7040,Riau,Kabupaten Rokan Hulu,AIR TERJUN SELANCA,0.615367,100.486425
7041,Riau,Kabupaten Rokan Hulu,Bangun Jaya Night Paradise,1.2080485458695343,100.25872999204354
7042,Riau,Kabupaten Rokan Hulu,BATU GAJAH SIMALANCA,0.8260122,100.2293502
7043,Riau,Kabupaten Rokan Hulu,BENTENG TUJUH LAPIS,1.0834935,100.2502455
7044,Riau,Kabupaten Rokan Hulu,BUKIT GODANG,0.5354248,100.3233011
7045,Riau,Kabupaten Rokan Hulu,Bukit Langgak,0.7034226104394214,100.60615391534058
7046,Riau,Kabupaten Rokan Hulu,Bukit Sunset,1.3288549632772857,100.25429456097615
7047,Riau,Kabupaten Rokan Hulu,BUKIT TUNGKUIH NASI DAN PARALAYANG,0.5827748,100.3273222
7048,Riau,Kabupaten Rokan Hulu,BUKIT VILLA,0.5215668,100.3618036
7049,Riau,Kabupaten Rokan Hulu,CONTROLEUR BELANDA,0.865931,100.296292
7050,Riau,Kabupaten Rokan Hulu,Danau Menaming,0.8726120116156343,100.21174051557743
7051,Riau,Kabupaten Rokan Hulu,DANAU SIPOGAS,0.822427,100.278119
7052,Riau,Kabupaten Rokan Hulu,GOA SEROMBOU (RUMAH BATU SEROMBOU),0.8862094,100.4589864
7053,Riau,Kabupaten Rokan Hulu,Gua Garuda,0.45430799375197467,100.6773893440673
7054,Riau,Kabupaten Rokan Hulu,GUA RIMBA HUTA SIKAFIR,0.822437,100.251712
7055,Riau,Kabupaten Rokan Hulu,Hutan Air Panas,0.5539248768703747,100.45675509204354
7056,Riau,Kabupaten Rokan Hulu,ISTANA RAJA KUNTO,0.5339549,101.418428
7057,Riau,Kabupaten Rokan Hulu,KAHATI,0.8683745,100.3077946
7058,Riau,Kabupaten Rokan Hulu,KAWASAN ISTANA ROKAN,0.566945,100.4071024
7059,Riau,Kabupaten Rokan Hulu,KAWASAN PUNCAK KABUR ROKAN IV KOTO,0.5215668,100.3618036
7060,Riau,Kabupaten Rokan Hulu,MAKAM RAJA-RAJA RAMBAH,0.923068,100.3377786
7061,Riau,Kabupaten Rokan Hulu,MASJID AGUNG ISLAMIC CENTER MADANI,0.8957546,100.3086725
7062,Riau,Kabupaten Rokan Hulu,Pemandian Pulau Sopantiang,0.677750878373117,100.469369
7063,Riau,Kabupaten Rokan Hulu,Puncak Batu Hayland,0.47411972560183274,100.30190747282258
7064,Riau,Kabupaten Rokan Hulu,PUNCAK RANAH,0.412632,100.7453242
7065,Riau,Kabupaten Rokan Hulu,RANTAU BINUANG SAKTI,1.2425964,100.716574
7066,Riau,Kabupaten Rokan Hulu,RUMAH SULUK SYEIKH IBRAHIM,1.1873856,100.2697829
7067,Riau,Kabupaten Rokan Hulu,Rumah Suluk Tareqat Nagsabandy Kumpulan,1.1052769725971003,100.59083221154309
7068,Riau,Kabupaten Rokan Hulu,Rumah Suluk Tareqat Nagsabandy Langkat,1.2503749336404546,100.6877440506487
7069,Riau,Kabupaten Rokan Hulu,SAWAH KOTO ROKAN,0.5651346,100.4089146
7070,Riau,Kabupaten Rokan Hulu,SULIGI HILL,0.4308764,100.6767525
7071,Riau,Kabupaten Rokan Hulu,TAMAN HUTAN RAYA AEK MARTUA,0.8532134,100.1359022
7072,Riau,Kabupaten Rokan Hulu,Waduk Lompatan Harimau,0.5817104883515973,100.36059782532375
7073,Riau,Kabupaten Rokan Hulu,Wisata Religi Muara Kuku,1.0633195450340018,100.50948938465942
7074,Riau,Kabupaten S I A K,Agrowisata Bungaraya,0.9682418905093018,102.07016945081702
7075,Riau,Kabupaten S I A K,AIR MANCUR MAHRATU,-6.2297465,106.829518
7076,Riau,Kabupaten S I A K,BALAIRUNG SRI (BALAI KERAPATAN TINGGI),-6.2297465,106.829518
7077,Riau,Kabupaten S I A K,DANAU TAUTAN HATI,0.6550907776395481,101.83057053590684
7078,Riau,Kabupaten S I A K,EKOWISATA MANGROVE MEKARJAYA,-6.2297465,106.829518
7079,Riau,Kabupaten S I A K,EKOWISATA MANGROVE SUNGAI BERSEJARAH KAYU ARA,-6.2297465,106.829518
7080,Riau,Kabupaten S I A K,EKOWISATA MANGROVE TUK BADAK KAYU ARA PERMAI,-6.2297465,106.829518
7081,Riau,Kabupaten S I A K,EKOWISATA SELANGAT INDAH,-6.2297465,106.829518
7082,Riau,Kabupaten S I A K,FESTIVAL FILM PENDEK,0.7931585032215811,102.04848287736121
7083,Riau,Kabupaten S I A K,FESTIVAL GASING INTERNASIONAL,-6.2297465,106.829518
7084,Riau,Kabupaten S I A K,Festival Lalang Tempo Doeloe,1.0532495018834964,102.19335982037926
7085,Riau,Kabupaten S I A K,Festival Sastra Sungai Jantan,0.7932737997501104,102.04840235081753
7086,Riau,Kabupaten S I A K,FESTIVAL SUNGAI SIAK,0.7925207543693324,102.04846051896556
7087,Riau,Kabupaten S I A K,GEDUNG CONTROLEUR,-6.2297465,106.829518
7088,Riau,Kabupaten S I A K,Gedung Controleur & Gedung Landraad,0.7916639560419901,102.0587923206525
7089,Riau,Kabupaten S I A K,GEDUNG LANDRAAD ,-6.2297465,106.829518
7090,Riau,Kabupaten S I A K,GEDUNG MESIU,-6.2297465,106.829518
7091,Riau,Kabupaten S I A K,GHATIB BEGHANYUT,-6.2297465,106.829518
7092,Riau,Kabupaten S I A K,HAUL SULTAN SIAK,-6.2297465,106.829518
7093,Riau,Kabupaten S I A K,Hutan Ekowisata Tasik Betung,0.8648181581181744,101.7437444084887
7094,Riau,Kabupaten S I A K,HUTAN KOTA ARWINAS,-6.2297465,106.829518
7095,Riau,Kabupaten S I A K,KAMPUNG TOGA,-6.2297465,106.829518
7096,Riau,Kabupaten S I A K,KAWASAN JEMBATAN TENGKU AGUNG SULTANAH LATIFAH,-6.2297465,106.829518
7097,Riau,Kabupaten S I A K,KLENTENG HOCK SIU KIONG,0.7925266275947748,102.05158355309753
7098,Riau,Kabupaten S I A K,Kolam Hijau,0.9004335392811776,102.04684421033846
7099,Riau,Kabupaten S I A K,KOMPLEK ISTANA ASSERAYAH AL HASYIMIYAH  SIAK,-6.2297465,106.829518
7100,Riau,Kabupaten S I A K,MAKAM KOTO TINGGI,-6.2297465,106.829518
7101,Riau,Kabupaten S I A K,Makam Putri Kaca Mayang,0.7176968761408132,101.69982825956727
7102,Riau,Kabupaten S I A K,MAKAM SULTAN ABDUL JALIL MUZAFARSYAH (TENGKU BUANG ASMARA),-6.2297465,106.829518
7103,Riau,Kabupaten S I A K,MAKAM SULTAN ABDUL JALIL RAHMADSYAH I (RAJA KECIK),-6.2297465,106.829518
7104,Riau,Kabupaten S I A K,MAKAM SULTAN SYARIF KASIM II,-6.2297465,106.829518
7105,Riau,Kabupaten S I A K,MAKAM TUK ANTAN DARAH PUTIH,0.6478402905111459,101.9936800800846
7106,Riau,Kabupaten S I A K,Makan Pahlawan Nasional Sultan Syarif Khasim II,0.7946460109029172,102.04672439684593
7107,Riau,Kabupaten S I A K,MASJID AGUNG SULTAN SYARIF HASYIM,-6.2297465,106.829518
7108,Riau,Kabupaten S I A K,MASJID SYAHABUDDIN,-6.2297465,106.829518
7109,Riau,Kabupaten S I A K,"MONUMEN POMPA ANGGUK, MINAS",-6.2297465,106.829518
7110,Riau,Kabupaten S I A K,PAWAI BUDAYA INTERNASIONAL,-6.2297465,106.829518
7111,Riau,Kabupaten S I A K,PEKAN BUDAYA DAERAH,0.8091376081431971,102.02698937103675
7112,Riau,Kabupaten S I A K,PICNIC VILLAGE,0.9159109033237156,102.05145776474161
7113,Riau,Kabupaten S I A K,PUSAT PELATIHAN GAJAH,0.723373582751353,101.41181493590665
7114,Riau,Kabupaten S I A K,QUEEN PARK,0.8253999754200155,102.02890458378185
7115,Riau,Kabupaten S I A K,RTH Siak Lawo,0.8092609774505717,102.02648511467197
7116,Riau,Kabupaten S I A K,RTH Sri Bijuangsa,0.8049790825207703,102.04772173917448
7117,Riau,Kabupaten S I A K,RTH SYARIFAH SEMBILAN,-6.2297465,106.829518
7118,Riau,Kabupaten S I A K,RTH Taman Syarifah Aminah,0.8004363691616206,102.02215160879189
7119,Riau,Kabupaten S I A K,RTH Tengku Agung Sultanah Latifah,0.8077661990531156,102.02658902383169
7120,Riau,Kabupaten S I A K,RUMAH DATUK PESISIR,0.7925937944510475,102.04471738193304
7121,Riau,Kabupaten S I A K,RUMAH DATUK PESISIR,-6.2297465,106.829518
7122,Riau,Kabupaten S I A K,SELANGAT INDAH,-6.2297465,106.829518
7123,Riau,Kabupaten S I A K,Situs Cagar Budaya Makam Raja Kecik,0.8943569322784438,102.04587971218841
7124,Riau,Kabupaten S I A K,SKY WALK TEGKU BUANG ASMARA,0.7919720110571478,102.04667116474195
7125,Riau,Kabupaten S I A K,Taman Ekowisata Mangrove Mengkapan,0.9816216624666282,102.23912085081693
7126,Riau,Kabupaten S I A K,TAMAN MOTUYOKO,-6.2297465,106.829518
7127,Riau,Kabupaten S I A K,TAMAN RAJAWALI,-6.2297465,106.829518
7128,Riau,Kabupaten S I A K,TAMAN RUSA,0.8052559001809073,102.02551614070696
7129,Riau,Kabupaten S I A K,Taman Syahbandar Persinggahan Raja Kecik,1.0768484185765184,102.0833253391737
7130,Riau,Kabupaten S I A K,Taman Syarifah Sembilan,1.1263040003216531,102.15924736462128
7131,Riau,Kabupaten S I A K,TANGSI BELANDA,-6.2297465,106.829518
7132,Riau,Kabupaten S I A K,TOLUK JONGKANG,-6.2297465,106.829518
7133,Riau,Kabupaten S I A K,TOUR DE SIAK,-6.2297465,106.829518
7134,Riau,Kabupaten S I A K,Wisata Rumah Alam Mangrove Rawa Mekar Jaya,0.8770236338734982,102.3255574545153
7135,Riau,Kabupaten S I A K,Wisata Siko Tujuh Olak,0.8652061988643824,101.753883174067
7136,Riau,Kota D U M A I,DANAU BUNGA TUJUH,-6.2297465,106.829518
7137,Riau,Kota D U M A I,dumai ecopark,1.6449985728866405,101.53288719538207
7138,Riau,Kota D U M A I,Dumai Ecopark,1.645077,101.533409
7139,Riau,Kota D U M A I,KAMPUNG LAMO PULAI BUNGKUK,-6.2297465,106.829518
7140,Riau,Kota D U M A I,KAMPUNG PESISIR LAKSAMANA,1.6804205,101.4356893
7141,Riau,Kota D U M A I,KAMPUNG TERATAI,-6.2297465,106.829518
7142,Riau,Kota D U M A I,KLENTENG HOCK LIONG KIONG,-6.2297465,106.829518
7143,Riau,Kota D U M A I,MAKAM PAWANG LEON,-6.2297465,106.829518
7144,Riau,Kota D U M A I,MAKAM TUK SYECH UMAR,-6.2297465,106.829518
7145,Riau,Kota D U M A I,PANTAI BAHAR,-6.2297465,106.829518
7146,Riau,Kota D U M A I,PANTAI BAHTERA,-6.2297465,106.829518
7147,Riau,Kota D U M A I,PANTAI CAPTAIN ELWIN,-6.2297465,106.829518
7148,Riau,Kota D U M A I,PANTAI KONENG,1.6416323,101.5436995
7149,Riau,Kota D U M A I,PANTAI LEGENDA,-6.2297465,106.829518
7150,Riau,Kota D U M A I,PANTAI PUAK TELUK MAKMUR,1.6426122,101.5380096
7151,Riau,Kota D U M A I,PANTAI PURNAMA,1.6981942,101.4067563
7152,Riau,Kota D U M A I,PASAR SENGGOL,-6.2297465,106.829518
7153,Riau,Kota D U M A I,PESANGGRAHAN PUTRI TUJUH,-6.2297465,106.829518
7154,Riau,Kota D U M A I,RUMAH POHON MIAKI,-6.2297465,106.829518
7155,Riau,Kota D U M A I,RUMAH SULUK LAMIATUL MUSLIMIN BASILAM BARU (SUNGAI SEMBILAN),-6.2297465,106.829518
7156,Riau,Kota D U M A I,TAMAN BUKIT GELANGGANG,1.6614308,101.4468218
7157,Riau,Kota D U M A I,TAMAN WISATA ALAM HUTAN WISATA SUNGAI DUMAI,1.6317963,101.4371008
7158,Riau,Kota Pekanbaru,AGROWISATA PELANGI,0.4781178832925475,101.52238862475099
7159,Riau,Kota Pekanbaru,AGROWISATA TENAYAN RAYA,0.46104194081595423,101.50401860674779
7160,Riau,Kota Pekanbaru,ASIA FARM,0.508128,101.510121
7161,Riau,Kota Pekanbaru,ASIA HERITAGE,0.6088687638793915,101.43185913335417
7162,Riau,Kota Pekanbaru,BANDAR SERAI,0.47811568058400156,101.45541611245542
7163,Riau,Kota Pekanbaru,FASILITAS MICE,-6.2297465,106.829518
7164,Riau,Kota Pekanbaru,GEDUNG LEMBAGA ADAT MELAYU RIAU,0.5382648125955718,101.44063663980046
7165,Riau,Kota Pekanbaru,HORSE POWER TAMBUSAI,0.5016987817689968,101.4194425200824
7166,Riau,Kota Pekanbaru,HUTAN KOTA PEKANBARU,0.5162449773137419,101.45641051639706
7167,Riau,Kota Pekanbaru,KAMPOENG RABBIT,0.4819511540923279,101.51673461773899
7168,Riau,Kota Pekanbaru,KAMPUNG KREATIF KAMPUNG BANDAR,0.5406973042424863,101.43951756203568
7169,Riau,Kota Pekanbaru,KAMPUNG PENGAMBANG RUMBAI,0.5819861957935875,101.45867273019465
7170,Riau,Kota Pekanbaru,KAMPUNG TEBING TINGGI OKURA,0.5941431595111882,101.50341074463797
7171,Riau,Kota Pekanbaru,kampung wisata agrowisata,0.6153124965172687,101.36144747547745
7172,Riau,Kota Pekanbaru,KAWASAN DANAU BANDAR KHAYANGAN,0.5858587570468411,101.47032226413263
7173,Riau,Kota Pekanbaru,KAWASAN EKOWISATA SUNGAI SIAK,0.5406328906571488,101.43939086185102
7174,Riau,Kota Pekanbaru,KAWASAN PARIWISATA EDUKASI UNIVERSITAS RIAU DAN UNIVERSITAS LANCANG KUNING,-6.2297465,106.829518
7175,Riau,Kota Pekanbaru,KOMPLEK MAKAM MARHUM PEKAN,0.5381964460755975,101.44262574956787
7176,Riau,Kota Pekanbaru,MAKAM PAHLAWAN KERJA/MONUMEN KERETA API,0.4604882747843294,101.45327683861457
7177,Riau,Kota Pekanbaru,MASJID RAYA PEKANBARU,0.538266832308445,101.4425251593351
7178,Riau,Kota Pekanbaru,MINI GRAND CANYON D¡¯KEBOEN PARK,0.5062546236254458,101.35926552513118
7179,Riau,Kota Pekanbaru,MUSEUM SANG NILA UTAMA,0.49442052811012405,101.45499341826319
7180,Riau,Kota Pekanbaru,POTANG BALIMAU,0.5415152733086178,101.43750855451037
7181,Riau,Kota Pekanbaru,PUSAT PERBELANJAAN PASAR BAWAH,0.5383517809573365,101.44393331323279
7182,Riau,Kota Pekanbaru,RTH Putri Kaca Mayang,0.5142107971949492,101.44836031519485
7183,Riau,Kota Pekanbaru,RTH TUNJUK AJAR DAN INTEGRITAS,0.5355766964550119,101.44343519978482
7184,Riau,Kota Pekanbaru,RUMAH SINGGAH TUAN KADI,0.540444,101.439732
7185,Riau,Kota Pekanbaru,Sultan Resto,0.513218,101.453698
7186,Riau,Kota Pekanbaru,TAMAN BUNGA IMPIAN OKURA,0.5774443651583017,101.53290193334522
7187,Riau,Kota Pekanbaru,TAMAN HUTAN RAYA SULTAN SYARIF HASYIM,0.6728003860348523,101.43036737797138
7188,Riau,Kota Pekanbaru,TAMAN REFI PEKANBARU,0.44801452681006154,101.53638083333333
7189,Riau,Kota Pekanbaru,Taman rekreasi alam mayang,0.434866,101.514359
7190,Riau,Kota Pekanbaru,TAMAN REKREASI ALAM MAYANG,0.49220679581357707,101.50092064347122
7191,Sulawesi Barat,Kabupaten Majene, Makam Raja-Raja Hadat Banggae Mandar,-3.547632,118.962138
7192,Sulawesi Barat,Kabupaten Majene, Museum Mandar,-3.544045,118.963285
7193,Sulawesi Barat,Kabupaten Majene, Pantai Barane,-3.54622,118.996499
7194,Sulawesi Barat,Kabupaten Majene, Pantai Dato,-3.559415,118.984334
7195,Sulawesi Barat,Kabupaten Majene, Raja Bunga,-3.538735,118.973941
7196,Sulawesi Barat,Kabupaten Majene,BUTTU KAPPUNG MAMMESA,-3.5364487191154206,118.95974934753474
7197,Sulawesi Barat,Kabupaten Majene,MAKAM SYEKH ABD. MANNAN,-3.5373936699030635,118.96217753773489
7198,Sulawesi Barat,Kabupaten Majene,Pantai Munu,-3.557337,118.982426
7199,Sulawesi Barat,Kabupaten Majene,Villa Andata,-3.56168,118.992895
7200,Sulawesi Barat,Kabupaten Majene,WAI TURANG,-3.530833228356417,118.93686663184569
7201,Sulawesi Barat,Kabupaten Mamasa,BUMDES DESA TAWALIAN TIMUR,-6.2297465,106.829518
7202,Sulawesi Barat,Kabupaten Mamasa,BUNTU KEPA',-6.2297465,106.829518
7203,Sulawesi Barat,Kabupaten Mamasa,KOLAM PERMAINDIAN AIR PANAS KANANROKA'1,-6.2297465,106.829518
7204,Sulawesi Barat,Kabupaten Mamasa,KOLAM PERMANDIAN AIR PANAS RANTEAKTOAN,-6.2297465,106.829518
7205,Sulawesi Barat,Kabupaten Mamasa,PERMANDIAN AIR PANAS KOLE,-2.9324219,1193562168
7206,Sulawesi Barat,Kabupaten Mamasa,PETRUS ARIE,-6.2297465,106.829518
7207,Sulawesi Barat,Kabupaten Mamasa,SARAMBU LIAWAN,-6.2297465,106.829518
7208,Sulawesi Barat,Kabupaten Mamuju,Air Terjun Tamasapi,-2.703548,118.921211
7209,Sulawesi Barat,Kabupaten Mamuju,Eko Wisata Berkah,-2.670857,118.792172
7210,Sulawesi Barat,Kabupaten Mamuju,Jordan Waterboom,-2.608607,119.028903
7211,Sulawesi Barat,Kabupaten Mamuju,Kolam Renang Passokkorang,-2.692814,118.875621
7212,Sulawesi Barat,Kabupaten Mamuju,Lywanza Hills,-2.694974,118.873058
7213,Sulawesi Barat,Kabupaten Mamuju,Pantai Beringin Cinta,-2.416229,119.138284
7214,Sulawesi Barat,Kabupaten Mamuju,Pantai Panorama,-2.652154,118.84304
7215,Sulawesi Barat,Kabupaten Mamuju,Pantai Pulau Taimanu,-2.464437,119.127687
7216,Sulawesi Barat,Kabupaten Mamuju,Permandian So'do,-2.691918,118.913489
7217,Sulawesi Barat,Kabupaten Mamuju,Pulau Karampuang,-2.622194,118.895932
7218,Sulawesi Barat,Kabupaten Mamuju,Rumah Adat Mamuju,-2.676217,118.884411
7219,Sulawesi Barat,Kabupaten Mamuju Tengah,KOLAM PEMANCINGAN DAN KULINER KHAYMOTO,-2.058852,119.278984
7220,Sulawesi Barat,Kabupaten Mamuju Tengah,PEMANCINGAN WIDYA BUAH,-1.997663,119.323233
7221,Sulawesi Barat,Kabupaten Mamuju Tengah,PERMANDIAN ZILING,-2.178108,119.19718
7222,Sulawesi Barat,Kabupaten Mamuju Tengah,WISATA AIR TERJUN KALANDO,-2.059874,119.374584
7223,Sulawesi Barat,Kabupaten Mamuju Tengah,WISATA MANGROVE WAITUMBUR,-1.871812,119.351577
7224,Sulawesi Barat,Kabupaten Mamuju Tengah,WISATA PANTAI KAMBUNONG,-2.003196,119.21885
7225,Sulawesi Barat,Kabupaten Mamuju Utara,KOLAM RENANG 2 N,-6.2297465,106.829518
7226,Sulawesi Barat,Kabupaten Mamuju Utara,WISATA PANTAI KOA KOA,-1.101346,119.442829
7227,Sulawesi Barat,Kabupaten Polewali Mandar,Kali biru,-6.2297465,106.829518
7228,Sulawesi Barat,Kabupaten Polewali Mandar,Limbong Lopi,-6.2297465,106.829518
7229,Sulawesi Barat,Kabupaten Polewali Mandar,Mampie,-6.2297465,106.829518
7230,Sulawesi Barat,Kabupaten Polewali Mandar,Masjid Imam Lapeo,-3.48704,119.13343
7231,Sulawesi Barat,Kabupaten Polewali Mandar,polman water boom,-6.2297465,106.829518
7232,Sulawesi Barat,Kabupaten Polewali Mandar,Rawa Bangun,-6.2297465,106.829518
7233,Sulawesi Barat,Kabupaten Polewali Mandar,Salu paja'an,-6.2297465,106.829518
7234,Sulawesi Barat,Kabupaten Polewali Mandar,Wai Batu Biru,-6.2297465,106.829518
7235,Sulawesi Barat,Kabupaten Polewali Mandar,Wisata air terjun kona,-3.37228,119.10799
7236,Sulawesi Barat,Kabupaten Polewali Mandar,Wisata Hutan Bambu,-3.41328,118.97467
7237,Sulawesi Barat,Kabupaten Polewali Mandar,Wisata Limbong Sitodo,-3.37705,119.36676
7238,Sulawesi Barat,Kabupaten Polewali Mandar,Wisata Palippis Bahari,-3.51092,119.0979
7239,Sulawesi Barat,Kabupaten Polewali Mandar,Wisata Taman sarung alo,-3.35439,119.35005
7240,Sulawesi Barat,Kabupaten Polewali Mandar,Wisata tammariri,-3.36406,119.35336
7241,Sulawesi Barat,Kabupaten Polewali Mandar,Wisata zahara,-3.3578,119.3512
7242,Sulawesi Selatan,Kabupaten Bantaeng,Bissappu waterfal,-5.513395,119.910943
7243,Sulawesi Selatan,Kabupaten Bantaeng,Desa Wisata Bonto Lojong,-5.431679,119.927392
7244,Sulawesi Selatan,Kabupaten Bantaeng,Ertob,-5.462003,120.023565
7245,Sulawesi Selatan,Kabupaten Bantaeng,Kampung Wisata Campaga,-5.457663,120.026401
7246,Sulawesi Selatan,Kabupaten Bantaeng,Kawasan Pantai Marina,5.584713,120.099972
7247,Sulawesi Selatan,Kabupaten Bantaeng,Kebun strowbery gunung kembar ,-5.435062,119.941653
7248,Sulawesi Selatan,Kabupaten Bantaeng,Lembanna,-5.572404,120.098919
7249,Sulawesi Selatan,Kabupaten Bantaeng,Makam Datu Pakkalimbungang ,-5.546632,119.912071
7250,Sulawesi Selatan,Kabupaten Bantaeng,Makam Latenri Rua ,-5.545106,119.954212
7251,Sulawesi Selatan,Kabupaten Bantaeng,Mesjid Taqwa ,-5.552338,119.955605
7252,Sulawesi Selatan,Kabupaten Bantaeng,Muntea higland camp,-5.435131,119.941636
7253,Sulawesi Selatan,Kabupaten Bantaeng,Pantai Seruni ,-5.549279,119.945272
7254,Sulawesi Selatan,Kabupaten Bantaeng,Permandian Alam Eremerasa,-5.481662,120.004497
7255,Sulawesi Selatan,Kabupaten Bantaeng,Permandian Erbol,-5.5462159,120.023048
7256,Sulawesi Selatan,Kabupaten Bantaeng,Ruang Bernafas ,-5.454366,119.920432
7257,Sulawesi Selatan,Kabupaten Bantaeng,Rumah Adat Balla Lompoa,-5.55044,119.953765
7258,Sulawesi Selatan,Kabupaten Bantaeng,Salu' Caddia,-5.496277,119.922977
7259,Sulawesi Selatan,Kabupaten Bantaeng,Taman yuhyi,-5.503623,119.9984
7260,Sulawesi Selatan,Kabupaten Barru,Air Terjun Tomagelli,-4.334489,119.704159
7261,Sulawesi Selatan,Kabupaten Barru,Batbes Jungle Camp,-4.411288,119.645494
7262,Sulawesi Selatan,Kabupaten Barru,Celebes Canyon,-4.500413,119.716988
7263,Sulawesi Selatan,Kabupaten Barru,Diana Water Park,-4.285815,119.663461
7264,Sulawesi Selatan,Kabupaten Barru,Embun Paccekke,-4.25477,119.710263
7265,Sulawesi Selatan,Kabupaten Barru,Highland Lappa Laona,-4.559818,119.757748
7266,Sulawesi Selatan,Kabupaten Barru,Kampung Nelayan Mate'ne,-4.451102,119.596995
7267,Sulawesi Selatan,Kabupaten Barru,LASONRAI BEACH,-4.219984,119.610008
7268,Sulawesi Selatan,Kabupaten Barru,MATTIMBOE CAMPING GROUND,-4.189046,119.675528
7269,Sulawesi Selatan,Kabupaten Barru,Museum Arung Tuwung,-4.403197,119.605811
7270,Sulawesi Selatan,Kabupaten Barru,PANTAI LAGUNA,-4.491708,119.594453
7271,Sulawesi Selatan,Kabupaten Barru,PANTAI PADONGKO,-4.394976,119.605387
7272,Sulawesi Selatan,Kabupaten Barru,PANTAI UJUNG BATU,-4.407855,119.601846
7273,Sulawesi Selatan,Kabupaten Barru,Pekkae Ecolodge,-4.542156,119.661095
7274,Sulawesi Selatan,Kabupaten Barru,PULAU PANNIKIANG,-4.340964,119.601693
7275,Sulawesi Selatan,Kabupaten Barru,WISATA AIR TERJUN BARUTTUNGNGE,-4.533527,119.623937
7276,Sulawesi Selatan,Kabupaten Barru,WISATA ALAM WAE MABBUANGNGE,-4.240208,119.671149
7277,Sulawesi Selatan,Kabupaten Barru,WISATA PULAU DUTUNGAN,-4.179762,119.621207
7278,Sulawesi Selatan,Kabupaten Bone,BENDUNGAN SALOMEKKO,-4.966864,120.23108
7279,Sulawesi Selatan,Kabupaten Bone,GOA MAMPU,-4.318675,120.239193
7280,Sulawesi Selatan,Kabupaten Bone,HUTAN PINUS BULU TANAH,-4.719559,119.900234
7281,Sulawesi Selatan,Kabupaten Bone,KOLAM RENANG WAE MANURUNGE,-4.546315,120.310216
7282,Sulawesi Selatan,Kabupaten Bone,LAGOLE,-4.445392,120.170657
7283,Sulawesi Selatan,Kabupaten Bone,PANTAI  JODOH,-5.056534,120.298886
7284,Sulawesi Selatan,Kabupaten Bone,PANTAI LAMPUTOAE,-5.063548,120.294133
7285,Sulawesi Selatan,Kabupaten Bone,PERMANDIAN ALAM WAETUO,-5.082485,120.233783
7286,Sulawesi Selatan,Kabupaten Bone,PERMANDIAN RINDU ALAM APALA,-4.610536,120.314901
7287,Sulawesi Selatan,Kabupaten Bone,PERMANDIAN WAE CINNONG LANCA,-4.384185,120.233537
7288,Sulawesi Selatan,Kabupaten Bone,PUNCAK KELORTA,-4.911102,120.304308
7289,Sulawesi Selatan,Kabupaten Bone,PUNCAK LIMA JARI,-4.627339,120.217982
7290,Sulawesi Selatan,Kabupaten Bone,SITUJUTUJUE (SI77E),-4.529988,120.303607
7291,Sulawesi Selatan,Kabupaten Bone,THE PALM TREE,-4.547526,120.306811
7292,Sulawesi Selatan,Kabupaten Bone,TOGEO BEACH,-4.914963,120.306287
7293,Sulawesi Selatan,Kabupaten Bone,WATER PARK TANJUNG PALLETTE,-4.49136,120.397924
7294,Sulawesi Selatan,Kabupaten Bone,WISATA ALAM CEMPALAGI,-4.450238,120.369908
7295,Sulawesi Selatan,Kabupaten Bone,WISATA ALAM CINNONG,-4.499078,120.171289
7296,Sulawesi Selatan,Kabupaten Bone,WISATA ALAM LAJJORO,-4.544888,120.22664
7297,Sulawesi Selatan,Kabupaten Bone,WISATA PONDOK KELAPA,-4.615441,120.315179
7298,Sulawesi Selatan,Kabupaten Bone,WISATA SERIBU JATI,-4.493099,120.260694
7299,Sulawesi Selatan,Kabupaten Bulukumba,Air Terjun Gamacayya,-5.342476,120.01191
7300,Sulawesi Selatan,Kabupaten Bulukumba,Ait Terjun Bravo 45,-5.36919,120.017378
7301,Sulawesi Selatan,Kabupaten Bulukumba,Bakung-Bakung View Sunrise,-5.51472,120.43278
7302,Sulawesi Selatan,Kabupaten Bulukumba,Bonto Massailea,-5.478435,120.163507
7303,Sulawesi Selatan,Kabupaten Bulukumba,Cafe Sawah Baturapa,-5.37691,120.03301
7304,Sulawesi Selatan,Kabupaten Bulukumba,Danau Lurayya,-5.33261,120.00558
7305,Sulawesi Selatan,Kabupaten Bulukumba,Dego Dego na Bira,-5.571958,120.455983
7306,Sulawesi Selatan,Kabupaten Bulukumba,Gua Leang Passea,-5.51391,120.43813
7307,Sulawesi Selatan,Kabupaten Bulukumba,Gua Passohara,-5.52181,120.44479
7308,Sulawesi Selatan,Kabupaten Bulukumba,Kawasan Wisata Adat Ammatoa Kajang,-5.3224495,120.2916524
7309,Sulawesi Selatan,Kabupaten Bulukumba,Kawasan Wisata Mangrove Luppung,-5.5066,120.31326
7310,Sulawesi Selatan,Kabupaten Bulukumba,Kolam Renang Wae Tuo'e Caile,-5.542282,120.198538
7311,Sulawesi Selatan,Kabupaten Bulukumba,Kolam Wisata Wae Hongkong,-5.329573,120.092954
7312,Sulawesi Selatan,Kabupaten Bulukumba,Lembah Biru,-5.505385,120.191893
7313,Sulawesi Selatan,Kabupaten Bulukumba,Makam Dato Tiro,-5.46782,120.42403
7314,Sulawesi Selatan,Kabupaten Bulukumba,Panaikang Birayya,-5.57108,120.45205
7315,Sulawesi Selatan,Kabupaten Bulukumba,Pantai Bara,-5.60803,120.43901
7316,Sulawesi Selatan,Kabupaten Bulukumba,Pantai Kasuso,-5.56097,120.44563
7317,Sulawesi Selatan,Kabupaten Bulukumba,Pantai Lemo-Lemo,-5.584578,120.392864
7318,Sulawesi Selatan,Kabupaten Bulukumba,Pantai Mandala Ria,-5.51885,120.447308
7319,Sulawesi Selatan,Kabupaten Bulukumba,Pantai Marumasa,-5.575271,120.459396
7320,Sulawesi Selatan,Kabupaten Bulukumba,Pantai Panrang Luhu,-5.59333,120.46166
7321,Sulawesi Selatan,Kabupaten Bulukumba,Pantai Pulau Liukang Loe,-5.64073,120.43329
7322,Sulawesi Selatan,Kabupaten Bulukumba,Pantai Samboang,-5.487338,120.44428
7323,Sulawesi Selatan,Kabupaten Bulukumba,Pantai Tanjung Bira,-5.608636,120.450406
7324,Sulawesi Selatan,Kabupaten Bulukumba,Pantai Ujung Tiro,-5.47658,120.4515
7325,Sulawesi Selatan,Kabupaten Bulukumba,Permandian Alam Corner,-5.33209,120.14289
7326,Sulawesi Selatan,Kabupaten Bulukumba,Permandian Alam Limbua,-5.46735,120.42728
7327,Sulawesi Selatan,Kabupaten Bulukumba,Permandian Hila-Hila,-5.4695592,120.4240149
7328,Sulawesi Selatan,Kabupaten Bulukumba,Permandian Wae Tuo Temboe,-5.33837,120.21345
7329,Sulawesi Selatan,Kabupaten Bulukumba,Pulau Kambing,-5.67857,120.47756
7330,Sulawesi Selatan,Kabupaten Bulukumba,Puncak Pua Janggo,-5.608185,120.460202
7331,Sulawesi Selatan,Kabupaten Bulukumba,Rumah Adat Lolisang,-5.31265,120.2966
7332,Sulawesi Selatan,Kabupaten Bulukumba,Sentra Pembuatan Perahu Tradisional Pinisi,-5.526619,120.359623
7333,Sulawesi Selatan,Kabupaten Bulukumba,Tanjung Solorang,-5.57735,120.46034
7334,Sulawesi Selatan,Kabupaten Bulukumba,Tebing Apparalang,-5.537527,120.449453
7335,Sulawesi Selatan,Kabupaten Bulukumba,Telaga Biru Ere Manerang,-5.500732,120.343269
7336,Sulawesi Selatan,Kabupaten Bulukumba,Titik Nol Bira,-5.622071,129.472205
7337,Sulawesi Selatan,Kabupaten Bulukumba,Wisata Alam Bulupadido,-5.406062,120.274669
7338,Sulawesi Selatan,Kabupaten Bulukumba,Wisata Alam Kahayya (Donggia),-5.324322,120.001981
7339,Sulawesi Selatan,Kabupaten Enrekang,A.S WATERBOOM MATUA,-3.304263,119.825472
7340,Sulawesi Selatan,Kabupaten Enrekang,ARUNG JERAM MATA ALLO,-3.4114523,119.8766469
7341,Sulawesi Selatan,Kabupaten Enrekang,ARUNG JERAM WAI MALINO,-3.4092887,119.8216185
7342,Sulawesi Selatan,Kabupaten Enrekang,DANTE PINE,-3.4469761,119.7917329
7343,Sulawesi Selatan,Kabupaten Enrekang,DESA WISATA KADINGEH,-3.4944768,119.8756635
7344,Sulawesi Selatan,Kabupaten Enrekang,Desa Wisata Latimojong,-3.4340964,119.9713861
7345,Sulawesi Selatan,Kabupaten Enrekang,GUA WAI LAMBUN,-3.5158625,119.8952969
7346,Sulawesi Selatan,Kabupaten Enrekang,KEBUN RAYA MASSENREMPULU ENREKANG,-3.326946,119.824739
7347,Sulawesi Selatan,Kabupaten Enrekang,LABURANG GALLANG,-3.703415,119.8202765
7348,Sulawesi Selatan,Kabupaten Enrekang,MATA ALLO RAFTING,-3.4114525,119.8941995
7349,Sulawesi Selatan,Kabupaten Enrekang,Mendatte Park,-3.4753466,119.7966093
7350,Sulawesi Selatan,Kabupaten Enrekang,MESJID TUA TONDON,-3.528653,119.6595531
7351,Sulawesi Selatan,Kabupaten Enrekang,PERMANDIAN ALAM LEWAJA,-3.5804963,119.7888421
7352,Sulawesi Selatan,Kabupaten Enrekang,Permandian Maballo,-3.5481359,119.7651857
7353,Sulawesi Selatan,Kabupaten Enrekang,SIVIN CAMP,-3.4169,119.99
7354,Sulawesi Selatan,Kabupaten Enrekang,TEBING MANDU TONTONAN,-3.4196496,119.8069331
7355,Sulawesi Selatan,Kabupaten Enrekang,WATERBOOM LASHARAN,-3.359834,119.811572
7356,Sulawesi Selatan,Kabupaten Gowa,Air Terjun Bantimurung Gallang,-5.182516296746116,119.94674629772979
7357,Sulawesi Selatan,Kabupaten Gowa,Air Terjun Cinta,-5.296041666141194,119.7471449816033
7358,Sulawesi Selatan,Kabupaten Gowa,Air Terjun Ketemu Jodoh,-5.275153061513922,119.86546692656647
7359,Sulawesi Selatan,Kabupaten Gowa,Air Terjun Manrusu ,-5.228621031871968,119.66317377975297
7360,Sulawesi Selatan,Kabupaten Gowa,Air Terjun Takapala,-5.274440186345012,119.85696505556899
7361,Sulawesi Selatan,Kabupaten Gowa,Citra Satwa Celebes,-5.261823660218484,119.52451155091777
7362,Sulawesi Selatan,Kabupaten Gowa,D'Sawah,-5.2720266934419975,119.85349759773013
7363,Sulawesi Selatan,Kabupaten Gowa,Desa Wisata Kareba Biringala,-5.272584042500294,119.40594099547036
7364,Sulawesi Selatan,Kabupaten Gowa,Dewi Sri Waterpark,-5.217978140016567,119.47729932656615
7365,Sulawesi Selatan,Kabupaten Gowa,Ekowisata Butta Gowa,-5.254991670168743,119.58498406703956
7366,Sulawesi Selatan,Kabupaten Gowa,Hutan Pinus Tangkalaka,-5.364511112236747,119.64920248012913
7367,Sulawesi Selatan,Kabupaten Gowa,Hutan Wisata Malino,-5.244024085734078,119.87046295587058
7368,Sulawesi Selatan,Kabupaten Gowa,Kampung Kopi Bawakaraeng,-5.2281856438319405,119.6030876399959
7369,Sulawesi Selatan,Kabupaten Gowa,Kebun Denassa (Denassa Bontanical Garden),-5.341680903099496,119.43509209601613
7370,Sulawesi Selatan,Kabupaten Gowa,Langit Topidi Resort,-5.284645314790398,119.88540388423912
7371,Sulawesi Selatan,Kabupaten Gowa,Lembah Hijau,-5.239552880096529,119.86190566889364
7372,Sulawesi Selatan,Kabupaten Gowa,Lembah Wisata Tanete,-5.430721919678691,119.8675704644121
7373,Sulawesi Selatan,Kabupaten Gowa,Makam Aru Palakka ,-5.19317552930705,119.4457278108116
7374,Sulawesi Selatan,Kabupaten Gowa,Makam Sultan Hasanuddin,-5.192082791116423,119.45194438423871
7375,Sulawesi Selatan,Kabupaten Gowa,Malino Highlands,-5.243750443430604,119.90342379789632
7376,Sulawesi Selatan,Kabupaten Gowa,Museum Balla Lompoa,-5.206607620333349,119.45278296889346
7377,Sulawesi Selatan,Kabupaten Gowa,Padivalley Golf Club,-5.202496903485529,119.59265689766362
7378,Sulawesi Selatan,Kabupaten Gowa,Permandian Balang  Malino,-5.277425527718662,119.79571985314132
7379,Sulawesi Selatan,Kabupaten Gowa,Permandian Je'netallasa,-5.291969050982829,119.48367429773022
7380,Sulawesi Selatan,Kabupaten Gowa,Reppa Rumah Sapi,-5.367215051242924,119.41948868423935
7381,Sulawesi Selatan,Kabupaten Gowa,Rumah Hijau Kalaborang,-6.2297465,106.829518
7382,Sulawesi Selatan,Kabupaten Gowa,Rumah Kebun Bili-Bili,-5.259158255476396,119.58186725540268
7383,Sulawesi Selatan,Kabupaten Gowa,Saung Rewako,-5.222672588901759,119.4394755554025
7384,Sulawesi Selatan,Kabupaten Gowa,Suaraka Tinambung,-5.322264646914227,119.6080951950965
7385,Sulawesi Selatan,Kabupaten Gowa,Tangg Refleksi Gunung Pangngllean Toppa ,-5.253613119447184,119.53534772393166
7386,Sulawesi Selatan,Kabupaten Gowa,Wisata Air Terjun Boko Bili,-5.2727698272181245,119.65937513742483
7387,Sulawesi Selatan,Kabupaten Gowa,Wisata Air Terjun Lembah Karaeng ,-5.2724393430915,119.65963123742473
7388,Sulawesi Selatan,Kabupaten Gowa,Wisata Alam dan Edukasi  Balang Tonjong,-5.3378704112317,119.44391373478918
7389,Sulawesi Selatan,Kabupaten Gowa,WIsata Bili Park ,-5.257765134792297,119.69339808421309
7390,Sulawesi Selatan,Kabupaten Gowa,WIsata Camp Hutan Pinus Bissoloro,-6.2297465,106.829518
7391,Sulawesi Selatan,Kabupaten Gowa,WIsata Cemping dan Foto,-5.364306448763149,119.6488682220829
7392,Sulawesi Selatan,Kabupaten Gowa,Wisata Edukasi 2B One,-5.257330316824319,119.72524025077688
7393,Sulawesi Selatan,Kabupaten Gowa,Wisata Kampar,-5.234941718331559,119.42837390005215
7394,Sulawesi Selatan,Kabupaten Gowa,Wisata Kebun,-5.216938278474824,119.51563834398954
7395,Sulawesi Selatan,Kabupaten Gowa,Wisata The River,-5.232690479645704,119.87624210354852
7396,Sulawesi Selatan,Kabupaten Jeneponto,Agro Wisata Desa Kassi,-6.0527424,119.53412
7397,Sulawesi Selatan,Kabupaten Jeneponto,AGROWISATA GUNUNG BONTOLOJONG RUMBIA,-6.2297465,106.829518
7398,Sulawesi Selatan,Kabupaten Jeneponto,AIR TERJUN DESA KAPITA,-6.2297465,106.829518
7399,Sulawesi Selatan,Kabupaten Jeneponto,AIR TERJUN GALUNG PALLANTIKANG,-5.509913,119.854961
7400,Sulawesi Selatan,Kabupaten Jeneponto,AIR TERJUN GARUNTUNG KASSI,-5.494956,119.864963
7401,Sulawesi Selatan,Kabupaten Jeneponto,Air terjun Tama'lulua,-6.2297465,106.829518
7402,Sulawesi Selatan,Kabupaten Jeneponto,air terjun tuang loe,-6.2297465,106.829518
7403,Sulawesi Selatan,Kabupaten Jeneponto,ARUNG JERAM SUNGAI KELARA,-5.533492,119.81917
7404,Sulawesi Selatan,Kabupaten Jeneponto,BATU KARST PUNDO SIPING,-6.2297465,106.829518
7405,Sulawesi Selatan,Kabupaten Jeneponto,BUKIT TELETUBBIES BULUJAYA,-6.2297465,106.829518
7406,Sulawesi Selatan,Kabupaten Jeneponto,DANAU BULUJAYA  BANGKALA,-6.2297465,106.829518
7407,Sulawesi Selatan,Kabupaten Jeneponto,DESA WISATA BONTOTIRO ,-5.491475,119.842993
7408,Sulawesi Selatan,Kabupaten Jeneponto,DESA WISATA BOSSOLO RUMBIA,-5.501121,119.847064
7409,Sulawesi Selatan,Kabupaten Jeneponto,Desa Wisata Boyong Waterpark,-6.2297465,106.829518
7410,Sulawesi Selatan,Kabupaten Jeneponto,Desa Wisata Pulau Libukang (Pulau Harapan),-6.2297465,106.829518
7411,Sulawesi Selatan,Kabupaten Jeneponto,DESAWISATA DERMAGA HARAPAN PAO,-5.596067,119.886289
7412,Sulawesi Selatan,Kabupaten Jeneponto,HUTAN KOTA ROMANGA,-6.2297465,106.829518
7413,Sulawesi Selatan,Kabupaten Jeneponto,HUTAN KOTA ROMANGA BALANG,-5.662388,119.733642
7414,Sulawesi Selatan,Kabupaten Jeneponto,HUTAN MANGROVE MONRO-MONRO,-5.68823,119.733242
7415,Sulawesi Selatan,Kabupaten Jeneponto,HUTAN PACCUMIKANG CAMP,-6.2297465,106.829518
7416,Sulawesi Selatan,Kabupaten Jeneponto,HUTAN PINUS PACCUMIKANG JENETALLASA,-5.460952,119.878181
7417,Sulawesi Selatan,Kabupaten Jeneponto,JENEPONTO KITESURFING INDONESIA,-6.2297465,106.829518
7418,Sulawesi Selatan,Kabupaten Jeneponto,KAMPUNG KOPI RUMBIA,-5.461207,119.877893
7419,Sulawesi Selatan,Kabupaten Jeneponto,Kompelks Makam Raja Raja Binamu,-6.2297465,106.829518
7420,Sulawesi Selatan,Kabupaten Jeneponto,LEMBAH HIJAU RUMBIA (LHR),-6.2297465,106.829518
7421,Sulawesi Selatan,Kabupaten Jeneponto,PANTAI BERJODOH LAUT KALUMPANG,-5.660615,119.640431
7422,Sulawesi Selatan,Kabupaten Jeneponto,PANTAI BRITARIA KASSI,-6.2297465,106.829518
7423,Sulawesi Selatan,Kabupaten Jeneponto,PANTAI KARSUT KAMPALA,-5.666349,119.827625
7424,Sulawesi Selatan,Kabupaten Jeneponto,PANTAI KATUBIRI GARASSIKANG,-5.585401,119.537795
7425,Sulawesi Selatan,Kabupaten Jeneponto,PANTAI PASIR PUTIH KASSI BUMBUNG,-5.627197,119.847109
7426,Sulawesi Selatan,Kabupaten Jeneponto,PANTAI TAMARUNANG,-6.2297465,106.829518
7427,Sulawesi Selatan,Kabupaten Jeneponto,PANTAI UJUNG TAROWANG,-6.2297465,106.829518
7428,Sulawesi Selatan,Kabupaten Jeneponto,PLTB TOLO JENEPONTO,-6.2297465,106.829518
7429,Sulawesi Selatan,Kabupaten Jeneponto,RUMAH ADAT BALLA KAMBARA TOLO,-5.568484,119.798452
7430,Sulawesi Selatan,Kabupaten Jeneponto,wisata Mangrove,-6.2297465,106.829518
7431,Sulawesi Selatan,Kabupaten Kepulauan Selayar,   Pantai Pa'Badilang,-5.809277,120.461783
7432,Sulawesi Selatan,Kabupaten Kepulauan Selayar,Batu Lohe,-5.962819,120.523077
7433,Sulawesi Selatan,Kabupaten Kepulauan Selayar,Bonto Kalihara,-6.125634,120.471695
7434,Sulawesi Selatan,Kabupaten Kepulauan Selayar,Halona Waterboom,-6.044295,120.453226
7435,Sulawesi Selatan,Kabupaten Kepulauan Selayar,Masjid Tua Gantarang Lalangbata,-6.097444,120.547422
7436,Sulawesi Selatan,Kabupaten Kepulauan Selayar,Museum Gong Nekara,-6.148051,120.452131
7437,Sulawesi Selatan,Kabupaten Kepulauan Selayar,Museum Nekara,-6.149423333,120.45384
7438,Sulawesi Selatan,Kabupaten Kepulauan Selayar,Mutiara Pantai Timur Punagaan,-6.205943,120.49557
7439,Sulawesi Selatan,Kabupaten Kepulauan Selayar,Pantai Karang Indah,-5.971908,120.449625
7440,Sulawesi Selatan,Kabupaten Kepulauan Selayar,Pantai Pinang Selayar,-6.437685,120.508101
7441,Sulawesi Selatan,Kabupaten Kepulauan Selayar,Pantai Punagaan,-6.2207693,120.5268219
7442,Sulawesi Selatan,Kabupaten Kepulauan Selayar,Pulau Bahuluang,-6.484597,120.430747
7443,Sulawesi Selatan,Kabupaten Kepulauan Selayar,Puncak Tanadoang,-6.089048,120.533337
7444,Sulawesi Selatan,Kabupaten Kepulauan Selayar,Sunari Beach,-6.223509,120.446375
7445,Sulawesi Selatan,Kabupaten Kepulauan Selayar,Taman Nasional Taka Bonerate,-6.566903,120.098951
7446,Sulawesi Selatan,Kabupaten Kepulauan Selayar,The Norsyah ,-6.236322,120.446365
7447,Sulawesi Selatan,Kabupaten Kepulauan Selayar,Villa Ujung Gantarang,-6.085496,120.517003
7448,Sulawesi Selatan,Kabupaten Kepulauan Selayar,Wisata Pantai Tamamelong,-6.207724,120.446385
7449,Sulawesi Selatan,Kabupaten Luwu,ALUN ALUN RADEN MAS DIARSO SUGONDO,-2.817755,120.1762
7450,Sulawesi Selatan,Kabupaten Luwu,BATU PIAK,-3.548714,120.400448
7451,Sulawesi Selatan,Kabupaten Luwu,BUKIT TELETUBIS,-3.101829,120.20965
7452,Sulawesi Selatan,Kabupaten Luwu,DESA WISATA NELAYAN MODEREN BUNTU SAMPODO,-3.0556113,120.226671
7453,Sulawesi Selatan,Kabupaten Luwu,MAKAM TANDIPAU,-3.09137,120.22087
7454,Sulawesi Selatan,Kabupaten Luwu,NEGERI SERIBU BATU (NEBUBA),-3.131162,120.20932
7455,Sulawesi Selatan,Kabupaten Luwu,OBJEK WISATA BUNTU MA'TABBING,-3.539787,120.399724
7456,Sulawesi Selatan,Kabupaten Luwu,OBJEK WISATA MANGROVE POLONGASA,-3.491089,120.387376
7457,Sulawesi Selatan,Kabupaten Luwu,OBJEK WISATA SEJARAH LAPANDOSO,-3.059862,120.25453
7458,Sulawesi Selatan,Kabupaten Luwu,PANTAI PANNORI,-3.628433,120.408104
7459,Sulawesi Selatan,Kabupaten Luwu,PERMADIAN ALAM DESA TAMPA,-3.188455,120.226359
7460,Sulawesi Selatan,Kabupaten Luwu,Permadian Batu Kodok,-6.2297465,106.829518
7461,Sulawesi Selatan,Kabupaten Luwu,TAMAN WISATA RADDA,-3.384785,120.360274
7462,Sulawesi Selatan,Kabupaten Luwu,Waterpark,-3.384415,120.359685
7463,Sulawesi Selatan,Kabupaten Luwu,Wisata Alam,-3.2513926,119.9786044
7464,Sulawesi Selatan,Kabupaten Luwu,Wisata Alam,-3.2513926,119.9786044
7465,Sulawesi Selatan,Kabupaten Luwu,Wisata Alam ,-3.491374,120.387474
7466,Sulawesi Selatan,Kabupaten Luwu,WISATA ALAM,-3.365177,120.398278
7467,Sulawesi Selatan,Kabupaten Luwu,WISATA ALAM,-3.131949,120.206573
7468,Sulawesi Selatan,Kabupaten Luwu,Wisata Budaya ,-3.0698086,119.8756802
7469,Sulawesi Selatan,Kabupaten Luwu,Wisata Pemandian Waterbom,-3.3319,"120,207"
7470,Sulawesi Selatan,Kabupaten Luwu Timur,AIR TERJUN MATA BUNTU,-2.564108,121.251876
7471,Sulawesi Selatan,Kabupaten Luwu Timur,ANJUNGAN SUNGAI MALILI,-2.636205,121.095993
7472,Sulawesi Selatan,Kabupaten Luwu Timur,GALERI GAMARA,-2.457155,121.215187
7473,Sulawesi Selatan,Kabupaten Luwu Timur,KOLAM NINDARA,-2.6544429322401517,121.36351212098205
7474,Sulawesi Selatan,Kabupaten Luwu Timur,LANDMARK LUWU TIMUR,-2.61464,121.125065
7475,Sulawesi Selatan,Kabupaten Luwu Timur,LESTARI WATER PARK,-2.521940965464519,120.8148351981592
7476,Sulawesi Selatan,Kabupaten Luwu Timur,MAKAM RAJA MOKOLE LAKAMANDIU,-2.432577,121.211939
7477,Sulawesi Selatan,Kabupaten Luwu Timur,MATA AIR BURA BURA,-2.440333,121.217017
7478,Sulawesi Selatan,Kabupaten Luwu Timur,OBJEK WISATA,-2.429672,120.767901
7479,Sulawesi Selatan,Kabupaten Luwu Timur,PANTAI BALO BALO,-2.619426,120.767538
7480,Sulawesi Selatan,Kabupaten Luwu Timur,PANTAI BUNAKEN,-2.751390918482522,121.0647537386455
7481,Sulawesi Selatan,Kabupaten Luwu Timur,PANTAI LEMO,-2.63627,120.723165
7482,Sulawesi Selatan,Kabupaten Luwu Timur,PANTAI SIONE,-2.6401927879676363,121.44488575293806
7483,Sulawesi Selatan,Kabupaten Luwu Timur,PANTAI UJUNG SUSO,-2.636453,120.745668
7484,Sulawesi Selatan,Kabupaten Luwu Timur,PERMANDIAN ALAM TOMPOTIKKA,-2.5709487907895934,121.100337938644
7485,Sulawesi Selatan,Kabupaten Luwu Timur,PERMANDIAN BUKIT KASIH,-2.6607050591531785,121.36362009526643
7486,Sulawesi Selatan,Kabupaten Luwu Timur,TAMAN WISATA,-2.546654,120.816254
7487,Sulawesi Selatan,Kabupaten Luwu Timur,TRANS WATER PARK,-2.611150970291698,121.12433172661584
7488,Sulawesi Selatan,Kabupaten Luwu Timur,WAHANA PERMAINAN AIR,-2.469827,120.815322
7489,Sulawesi Selatan,Kabupaten Luwu Timur,WATERBOOM LOPHI,-2.469927950110526,120.81505257653671
7490,Sulawesi Selatan,Kabupaten Luwu Timur,WATERPARK,-2.522048,120.814717
7491,Sulawesi Selatan,Kabupaten Luwu Timur,WISATA ALAM LAA WAA,-2.431036,121.223901
7492,Sulawesi Selatan,Kabupaten Luwu Timur,WISATA MANGROVE,-2.61896,120.79265
7493,Sulawesi Selatan,Kabupaten Luwu Timur,WISATA UELANTI,-2.404592,120.788577
7494,Sulawesi Selatan,Kabupaten Luwu Utara,AGROWISATA BUNTU LEMO,-6.2297465,106.829518
7495,Sulawesi Selatan,Kabupaten Luwu Utara,BUMDES RINDING ALLO,-6.2297465,106.829518
7496,Sulawesi Selatan,Kabupaten Luwu Utara,KAMPUNG TENUN RONGKONG,-6.2297465,106.829518
7497,Sulawesi Selatan,Kabupaten Luwu Utara,PERMANDIAN AIR PANAS PINCARA,-6.2297465,106.829518
7498,Sulawesi Selatan,Kabupaten Luwu Utara,PERMANDIAN AIR TERJUN BANTIMURUNG,-6.2297465,106.829518
7499,Sulawesi Selatan,Kabupaten Luwu Utara,PERMANDIAN AIR TERJUN SARAMBUALLA,-6.2297465,106.829518
7500,Sulawesi Selatan,Kabupaten Luwu Utara,PERMANDIAN ALAM TAMBOKE,-6.2297465,106.829518
7501,Sulawesi Selatan,Kabupaten Luwu Utara,POKDARWIS BUMI LAMARANCINA,-6.2297465,106.829518
7502,Sulawesi Selatan,Kabupaten Luwu Utara,POKDARWIS LARAWATA,-6.2297465,106.829518
7503,Sulawesi Selatan,Kabupaten Luwu Utara,PUNCAK PARAMMEAN RONGKONG,-6.2297465,106.829518
7504,Sulawesi Selatan,Kabupaten Luwu Utara,PUNCAK TABUAN RONGKONG,-6.2297465,106.829518
7505,Sulawesi Selatan,Kabupaten Luwu Utara,TIRO'SOE BAEBUNTA,-2.584885,120.26345
7506,Sulawesi Selatan,Kabupaten Luwu Utara,WISATA PONDOK BUKIT WAKATAR,-2.564915,119.913787
7507,Sulawesi Selatan,Kabupaten Luwu Utara,WISATA PUNCAK BUNTU LEMO,-6.2297465,106.829518
7508,Sulawesi Selatan,Kabupaten Luwu Utara,WISATA RELIGI MAKAM DATUK PATTIMANG,-6.2297465,106.829518
7509,Sulawesi Selatan,Kabupaten Luwu Utara,WISATA SAUNK VIOLET,-2.563492,119.922402
7510,Sulawesi Selatan,Kabupaten Maros,air terjun lacolla,-6.2297465,106.829518
7511,Sulawesi Selatan,Kabupaten Maros,air terjun maddenge,-6.2297465,106.829518
7512,Sulawesi Selatan,Kabupaten Maros,air terjun senti,-6.2297465,106.829518
7513,Sulawesi Selatan,Kabupaten Maros,Balai Pelestarian Cagar Budaya Sulawesi Selatan,-6.2297465,106.829518
7514,Sulawesi Selatan,Kabupaten Maros,danau kassi kebo,-6.2297465,106.829518
7515,Sulawesi Selatan,Kabupaten Maros,"Dinas Pariwisata, Pemuda dan Olahraga",-6.2297465,106.829518
7516,Sulawesi Selatan,Kabupaten Maros,HUTAN PINUS TALA-TALA,-6.2297465,106.829518
7517,Sulawesi Selatan,Kabupaten Maros,istana ujung karts,-6.2297465,106.829518
7518,Sulawesi Selatan,Kabupaten Maros,KAWASAN AIR TERJUN PUNGBUNGA,-6.2297465,106.829518
7519,Sulawesi Selatan,Kabupaten Maros,kawasan wisata kuliner malam PTB,-6.2297465,106.829518
7520,Sulawesi Selatan,Kabupaten Maros,pantai kuri caddi,-6.2297465,106.829518
7521,Sulawesi Selatan,Kabupaten Maros,permandian kolam renang waterpark bantimurung,-6.2297465,106.829518
7522,Sulawesi Selatan,Kabupaten Maros,Pokdarwis Borongkalukua,-4.960948,119.503349
7523,Sulawesi Selatan,Kabupaten Maros,Pokdarwis Bungaeja,-6.2297465,106.829518
7524,Sulawesi Selatan,Kabupaten Maros,Pokdarwis Istana Karst,-4.9124132,119.5990345
7525,Sulawesi Selatan,Kabupaten Maros,Pokdarwis Rammang-rammang,-6.2297465,106.829518
7526,Sulawesi Selatan,Kabupaten Maros,TAMAN PRASEJARAH LEANG-LEANG,-6.2297465,106.829518
7527,Sulawesi Selatan,Kabupaten Maros,taman wisata alam bantimurung,-6.2297465,106.829518
7528,Sulawesi Selatan,Kabupaten Maros,wisata kolam dolli bungaeja,-6.2297465,106.829518
7529,Sulawesi Selatan,Kabupaten Maros,wisata leang panning,-6.2297465,106.829518
7530,Sulawesi Selatan,Kabupaten Maros,WISATA RAMMANG-RAMMANG,-6.2297465,106.829518
7531,Sulawesi Selatan,Kabupaten Pangkajene Dan Kepulauan,Air Terjun Baruttung,-4.8391825,119.7385118
7532,Sulawesi Selatan,Kabupaten Pangkajene Dan Kepulauan,Air Terjun Cambang Cui,-4.920014,119.719365
7533,Sulawesi Selatan,Kabupaten Pangkajene Dan Kepulauan,Air Terjun Sa'ngara,-4.917246,119.689569
7534,Sulawesi Selatan,Kabupaten Pangkajene Dan Kepulauan,Barugasadewa,-4.809885,119.557568
7535,Sulawesi Selatan,Kabupaten Pangkajene Dan Kepulauan,Bulusaraung,-4.929027,119.748413
7536,Sulawesi Selatan,Kabupaten Pangkajene Dan Kepulauan,Danau Cinta Balocci,-4.898906,119.642854
7537,Sulawesi Selatan,Kabupaten Pangkajene Dan Kepulauan,Gua Kalibbong Aloa,-4.503575,119.37043
7538,Sulawesi Selatan,Kabupaten Pangkajene Dan Kepulauan,Hutan Mangrove Dewi Biring Kassi,-4.81077,119.497936
7539,Sulawesi Selatan,Kabupaten Pangkajene Dan Kepulauan,Kolam Renang Tonasa II,-4.795864,119.607875
7540,Sulawesi Selatan,Kabupaten Pangkajene Dan Kepulauan,Leang Caddia,-4.830073,119.572522
7541,Sulawesi Selatan,Kabupaten Pangkajene Dan Kepulauan,Leang Kajuara,-4.836034,119.594975
7542,Sulawesi Selatan,Kabupaten Pangkajene Dan Kepulauan,Leang Kassi,-4.840826,119.57728
7543,Sulawesi Selatan,Kabupaten Pangkajene Dan Kepulauan,Leang Lambuto,-4.863498,119.575831
7544,Sulawesi Selatan,Kabupaten Pangkajene Dan Kepulauan,Leang Lonrong,-4.863868,119.631046
7545,Sulawesi Selatan,Kabupaten Pangkajene Dan Kepulauan,Leang Pattennung,-4.836034,119.594975
7546,Sulawesi Selatan,Kabupaten Pangkajene Dan Kepulauan,Padang Pa'bo atau Bukit Teletubies,-4.8536705,119.7831356
7547,Sulawesi Selatan,Kabupaten Pangkajene Dan Kepulauan,Permandian Ciddokang,-4.797424,119.595394
7548,Sulawesi Selatan,Kabupaten Pangkajene Dan Kepulauan,Pulau Camba-Cambang,-4.72,119.273333
7549,Sulawesi Selatan,Kabupaten Pangkajene Dan Kepulauan,Qafwan Resort,-4.920711,119.718102
7550,Sulawesi Selatan,Kabupaten Pangkajene Dan Kepulauan,River Tubing Pajokka,-4.919263,119.697416
7551,Sulawesi Selatan,Kabupaten Pangkajene Dan Kepulauan,Rumah Edukasi Garam,-4.808394,119.513158
7552,Sulawesi Selatan,Kabupaten Pangkajene Dan Kepulauan,Situs Makam Andi Mauraga,-4.836969,119.54662
7553,Sulawesi Selatan,Kabupaten Pangkajene Dan Kepulauan,Taman Batu Balocci,-4.917246,119.689569
7554,Sulawesi Selatan,Kabupaten Pangkajene Dan Kepulauan,Taman Purbakala Sumpang Bita,-4.904923,119.642701
7555,Sulawesi Selatan,Kabupaten Pangkajene Dan Kepulauan,Telaga Biru Palleo,-4.39309,119.36535
7556,Sulawesi Selatan,Kabupaten Pangkajene Dan Kepulauan,Terapi Ikan  Leang Kassi ,-4.840826,119.57728
7557,Sulawesi Selatan,Kabupaten Pangkajene Dan Kepulauan,Tonasa Golf Club ,-4.901055,119.637448
7558,Sulawesi Selatan,Kabupaten Pangkajene Dan Kepulauan,Wisata Leang Cina,-4.804858,119.522967
7559,Sulawesi Selatan,Kabupaten Pangkajene Dan Kepulauan,Zulu Park,-4.920576,119.704114
7560,Sulawesi Selatan,Kabupaten Pinrang,AIR PANAS SULILI,-3.7660808085272004,119.70329251095984
7561,Sulawesi Selatan,Kabupaten Pinrang,AIR TERJUN KABA KABA,-3.5522123948687403,119.63285062786203
7562,Sulawesi Selatan,Kabupaten Pinrang,AIR TERJUN KARAWA,-3.4777143667963175,119.54815015025608
7563,Sulawesi Selatan,Kabupaten Pinrang,AIR TERJUN KARAWA,-3.28384,119.32962
7564,Sulawesi Selatan,Kabupaten Pinrang,AIR TERJUN LATTA PITU,-3.536189517491415,119.62114167330694
7565,Sulawesi Selatan,Kabupaten Pinrang,AIR TERJUN LIANG KOKO,-3.466476079584333,119.64607028121777
7566,Sulawesi Selatan,Kabupaten Pinrang,AIR TERJUN LIMBONG KAMANDANG,-3.451957,119.572367
7567,Sulawesi Selatan,Kabupaten Pinrang,AIR TERJUN SARAMBU,-3.4689064624774977,119.50163589572968
7568,Sulawesi Selatan,Kabupaten Pinrang,Air Terjun Sarassa,-3.513404906155051,119.5919939100088
7569,Sulawesi Selatan,Kabupaten Pinrang,BATU MEA,-3.4759456341709596,119.53824446772438
7570,Sulawesi Selatan,Kabupaten Pinrang,BUKIT INDAH PERMANDIAN AIR PANAS LEMOSUSU,-3.27169,119.32546
7571,Sulawesi Selatan,Kabupaten Pinrang,BUTTU BATU,-3.449448,119.560153
7572,Sulawesi Selatan,Kabupaten Pinrang,Celebes Aerosport Center,-3.729291381741434,119.74965725686025
7573,Sulawesi Selatan,Kabupaten Pinrang,KAMPUNG KREASI,58.281528,36.571638
7574,Sulawesi Selatan,Kabupaten Pinrang,LAWERE BEACH,-3.9298238587171515,119.55753661045574
7575,Sulawesi Selatan,Kabupaten Pinrang,Lawere Beach Bonging Ponging,-3.92977902954509,119.55745815616224
7576,Sulawesi Selatan,Kabupaten Pinrang,LEMO SUSU,-3.454911021831066,119.54217999428593
7577,Sulawesi Selatan,Kabupaten Pinrang,LIMA PUTRA PESISIR,59.1154,34.7315
7578,Sulawesi Selatan,Kabupaten Pinrang,LOWITA CENTRE,58.6571,34.6631
7579,Sulawesi Selatan,Kabupaten Pinrang,MENRALO BEACH,59.9326,35.3692
7580,Sulawesi Selatan,Kabupaten Pinrang,Menralo Beach & Resor,-3.9986018528799234,119.58951504381709
7581,Sulawesi Selatan,Kabupaten Pinrang,PANTAI AL FATH STIRA PARADISE,-3.602255539210218,119.49613312037265
7582,Sulawesi Selatan,Kabupaten Pinrang,PANTAI ALFATH PARADISE,-3.6026124078037016,119.49608473289845
7583,Sulawesi Selatan,Kabupaten Pinrang,PANTAI BAHARI KANIPANG,-3.535059927180038,119.50376741937752
7584,Sulawesi Selatan,Kabupaten Pinrang,PANTAI DEWATA WAKKA,-3.757448929430702,119.48405494334881
7585,Sulawesi Selatan,Kabupaten Pinrang,PANTAI DEWATA WAKKA,-3.75789,119.48425
7586,Sulawesi Selatan,Kabupaten Pinrang,Pantai Harapan Ammani,-3.761742690628289,119.48579276882978
7587,Sulawesi Selatan,Kabupaten Pinrang,PANTAI HARAPAN AMMANI,-3.7619936091581465,119.48593760729734
7588,Sulawesi Selatan,Kabupaten Pinrang,PANTAI KAPPE,-3.599921552030002,119.50529437890113
7589,Sulawesi Selatan,Kabupaten Pinrang,PANTAI LOWITA,58.69946,34.6851
7590,Sulawesi Selatan,Kabupaten Pinrang,PANTAI LOWITA KEMBAR,59.5276,"34,795"
7591,Sulawesi Selatan,Kabupaten Pinrang,Pantai Salopi,-3.5225821530974515,119.49393755515052
7592,Sulawesi Selatan,Kabupaten Pinrang,PANTAI SALOPI,-3.5206486,119.49374
7593,Sulawesi Selatan,Kabupaten Pinrang,PANTAI UJUNG TAPE,-3.82859,119.51242
7594,Sulawesi Selatan,Kabupaten Pinrang,PANTAI WISATA MARONENG,-3.5655469129851496,119.51091072160197
7595,Sulawesi Selatan,Kabupaten Pinrang,PASIR HIJAU BATARA MALONG,-3.4422850175654696,119.59171830188207
7596,Sulawesi Selatan,Kabupaten Pinrang,PASIR HIJAU BATARA MALONG,-3.26595,119.35523
7597,Sulawesi Selatan,Kabupaten Pinrang,PEMANDIAN ALAM BAINANG,-6.2297465,106.829518
7598,Sulawesi Selatan,Kabupaten Pinrang,permandian air panas sulili,-3.7660255996849457,119.70332935833761
7599,Sulawesi Selatan,Kabupaten Pinrang,Pinrang Waterboom,-3.798793360521636,119.64979942555668
7600,Sulawesi Selatan,Kabupaten Pinrang,Puncak Karomba,-3.344631156759417,119.48095486634224
7601,Sulawesi Selatan,Kabupaten Pinrang,TAMAN TEPI SURGA,-3.608648634182746,119.4982507654514
7602,Sulawesi Selatan,Kabupaten Pinrang,WISATA BAHARI WAETUOE,53.3579,31.9856
7603,Sulawesi Selatan,Kabupaten Pinrang,Wisata Pantai Lowita,-3.9763217999137033,119.57787620005622
7604,Sulawesi Selatan,Kabupaten Sidenreng Rappang,Bukit Punjabu,-3.683226,120.288969
7605,Sulawesi Selatan,Kabupaten Sidenreng Rappang,Danau Sidenreng,-3.965975,119.879805
7606,Sulawesi Selatan,Kabupaten Sidenreng Rappang,Gua Kelelawar Desa Maddenra,-3.759174,119.809608
7607,Sulawesi Selatan,Kabupaten Sidenreng Rappang,Mesjid Tua Jerra'e,-3.972497,119.797358
7608,Sulawesi Selatan,Kabupaten Sidenreng Rappang,Panker  Sidrap (Monumen Ganggawa),-3.921298,119.78869
7609,Sulawesi Selatan,Kabupaten Sidenreng Rappang,Permadani 3 in 1,-3.972463,119.798977
7610,Sulawesi Selatan,Kabupaten Sidenreng Rappang,PT. UPC Sidrap Bayu Energi,-3.97311,119.71052
7611,Sulawesi Selatan,Kabupaten Sidenreng Rappang,Risma Swimming Pool & Waterboom Lanrang,-3.852039,119.826062
7612,Sulawesi Selatan,Kabupaten Sidenreng Rappang,Taman Wisata Data'e,-3.915379,119.70897
7613,Sulawesi Selatan,Kabupaten Sidenreng Rappang,Taman Wisata Puncak Bila,-6.2297465,106.829518
7614,Sulawesi Selatan,Kabupaten Sidenreng Rappang,Wisata Air Terjun Pattumba,-3.747674,120.131788
7615,Sulawesi Selatan,Kabupaten Sidenreng Rappang,Wisata Air Terjun Sarmasi,-3.4036697,120.93261
7616,Sulawesi Selatan,Kabupaten Sidenreng Rappang,Wisata Cappa Langi',-3.728653,120.179789
7617,Sulawesi Selatan,Kabupaten Sidenreng Rappang,Wisata Jembatan Pelangi Lagading,-3.834357,120.076624
7618,Sulawesi Selatan,Kabupaten Sinjai,Air Panas Panggong/Kolaling,-5.182173,120.240868
7619,Sulawesi Selatan,Kabupaten Sinjai,AIR TERJUN KEMBAR BARU BARAE,-5.295279,120.029859
7620,Sulawesi Selatan,Kabupaten Sinjai,AIR TERJUN LEMBANG SAUKANG,-5.251804,120.25876
7621,Sulawesi Selatan,Kabupaten Sinjai,Air terjun Salubirayya,-5.256717,120.000194
7622,Sulawesi Selatan,Kabupaten Sinjai,Benteng Balangnipa,-5.11665,120.26284
7623,Sulawesi Selatan,Kabupaten Sinjai,Bukit Pattiro-tiroang,-5.31346,120.000729
7624,Sulawesi Selatan,Kabupaten Sinjai,Bulu Lanceng,-5.207558,120.1262
7625,Sulawesi Selatan,Kabupaten Sinjai,FAMS CERIA,-5.245854,120.164805
7626,Sulawesi Selatan,Kabupaten Sinjai,Hutan Bakau (HUBAT) Takkalala,-5.220579,120.31146
7627,Sulawesi Selatan,Kabupaten Sinjai,Hutan Mangrove Tongke-Tongke,5.148183,120.27295
7628,Sulawesi Selatan,Kabupaten Sinjai,Kampung galung,-5.253762,120.004694
7629,Sulawesi Selatan,Kabupaten Sinjai,KAWASAN WISATA ADAT DAN BUDAYA KARAMPUANG,-5.6926,120.6273
7630,Sulawesi Selatan,Kabupaten Sinjai,Kolam Renang Lempakomai ,-6.2297465,106.829518
7631,Sulawesi Selatan,Kabupaten Sinjai,Panrita Hill,-5.124608,120.225765
7632,Sulawesi Selatan,Kabupaten Sinjai,Pantai Bulokkong,-5.2355,120.3162
7633,Sulawesi Selatan,Kabupaten Sinjai,PANTAI MARANNU,-5.182375,120.283789
7634,Sulawesi Selatan,Kabupaten Sinjai,Pulau Larea-rea,-5.070575,120.292126
7635,Sulawesi Selatan,Kabupaten Sinjai,TAHURA ABDUL LATIEF ,-5.18413,120.00325
7636,Sulawesi Selatan,Kabupaten Sinjai,Taman Batu Pake Gojeng ,-5.129515,120.244354
7637,Sulawesi Selatan,Kabupaten Sinjai,Taman Karampuang,-5.12168288,120.254658
7638,Sulawesi Selatan,Kabupaten Sinjai,Taman Topekkong Demma,-5.120663,120.251865
7639,Sulawesi Selatan,Kabupaten Sinjai,Titik Setibu Angrro Maddakko,-5.263566,119.997665
7640,Sulawesi Selatan,Kabupaten Sinjai,Wisata Pantai Mallenreng,-5.10225,120.16426
7641,Sulawesi Selatan,Kabupaten Soppeng,Air Terjun Lui Pangie,-6.2297465,106.829518
7642,Sulawesi Selatan,Kabupaten Soppeng,Air Terjun Minahoe,-4.156328,119.821762
7643,Sulawesi Selatan,Kabupaten Soppeng,Danau Tempe,-4.150512,119.916131
7644,Sulawesi Selatan,Kabupaten Soppeng,Jompi Pitue,-4.437112,120.02865
7645,Sulawesi Selatan,Kabupaten Soppeng,Kampung Sabetta,-4.267577,119.873371
7646,Sulawesi Selatan,Kabupaten Soppeng,Kawasan Wisata Alam Citta,-6.2297465,106.829518
7647,Sulawesi Selatan,Kabupaten Soppeng,Kawasan Wisata Alam Ompo,-4.356057,119.888189
7648,Sulawesi Selatan,Kabupaten Soppeng,Kompleks Makam Datu Mario,-4.147353,119.843932
7649,Sulawesi Selatan,Kabupaten Soppeng,Kompleks Makam Jera Lompoe,-4.347132,119.881249
7650,Sulawesi Selatan,Kabupaten Soppeng,Lembah Cinta,-4.354534,119.801572
7651,Sulawesi Selatan,Kabupaten Soppeng,Lereng Hijau Water Park,-4.50747,"119,818"
7652,Sulawesi Selatan,Kabupaten Soppeng,Maccahaya Water Boom,-4.371195,119.907148
7653,Sulawesi Selatan,Kabupaten Soppeng,Museum Latemmamala,-4.348684,119.887034
7654,Sulawesi Selatan,Kabupaten Soppeng,Museum Prasejarah Calio,-4.336655,120.015624
7655,Sulawesi Selatan,Kabupaten Soppeng,Permandian Banga,-4.50746,"119,818"
7656,Sulawesi Selatan,Kabupaten Soppeng,Permandian Buccello,-4.429303,119.908232
7657,Sulawesi Selatan,Kabupaten Soppeng,Rumah Adat Sao Mario,-4.135764,119.871343
7658,Sulawesi Selatan,Kabupaten Soppeng,Salonro Water Park,-4.339223,119.993065
7659,Sulawesi Selatan,Kabupaten Soppeng,Takae Highland,-4.287481,119.858713
7660,Sulawesi Selatan,Kabupaten Soppeng,Taman Kalong,-4.349296,119.885613
7661,Sulawesi Selatan,Kabupaten Soppeng,Taman Sutera,-4.356303,119.888575
7662,Sulawesi Selatan,Kabupaten Soppeng,Taman Villa Yuliana,-4.349003,119.886372
7663,Sulawesi Selatan,Kabupaten Soppeng,Taman Wisata Alam Lejja,-4.15261,119.789623
7664,Sulawesi Selatan,Kabupaten Takalar,Balla Barakkaka ri Galesong (BBrG),-5.3436344,119.3716507
7665,Sulawesi Selatan,Kabupaten Takalar,Beach Takalar Waterboom,-5.51854,119.434565
7666,Sulawesi Selatan,Kabupaten Takalar,Benteng Sanrobone,-5.428279,119.390523
7667,Sulawesi Selatan,Kabupaten Takalar,Bissua Taman Wisata Takalar,-5.303513,119.529299
7668,Sulawesi Selatan,Kabupaten Takalar,Monumen Lapris,-5.44878,119.486116
7669,Sulawesi Selatan,Kabupaten Takalar,Pantai Punaga,-5.83059,119.431774
7670,Sulawesi Selatan,Kabupaten Takalar,PPLH. Puntondo,-5.58802,119.486782
7671,Sulawesi Selatan,Kabupaten Takalar,PT. Seven Energi,-5.2517259,1193794862
7672,Sulawesi Selatan,Kabupaten Takalar,Pulau Sanrobengi,-5.324483,119.343069
7673,Sulawesi Selatan,Kabupaten Takalar,Sunset View Cafe,-5.502112,119.426741
7674,Sulawesi Selatan,Kabupaten Takalar,Taman Wisata Rita,-5.351568,119.363293
7675,Sulawesi Selatan,Kabupaten Takalar,Wisata Pantai Bintang Galesong,-5.329537,119.356039
7676,Sulawesi Selatan,Kabupaten Takalar,Wisata Pantai Galesong,-5.24186,119.379979
7677,Sulawesi Selatan,Kabupaten Takalar,Wisata Pantai Topejawa,-5.51511,119.4331502
7678,Sulawesi Selatan,Kabupaten Takalar,Wisata Pantai Topejawa,-5.50867,119.43078
7679,Sulawesi Selatan,Kabupaten Tana Toraja,Air Terjun Barereng,-6.2297465,106.829518
7680,Sulawesi Selatan,Kabupaten Tana Toraja,Air Terjun Kondodewata,-6.2297465,106.829518
7681,Sulawesi Selatan,Kabupaten Tana Toraja,Buntu Tondon,-6.2297465,106.829518
7682,Sulawesi Selatan,Kabupaten Tana Toraja,Danau Assa',-6.2297465,106.829518
7683,Sulawesi Selatan,Kabupaten Tana Toraja,DTW Pinus Buntu Datu,-6.2297465,106.829518
7684,Sulawesi Selatan,Kabupaten Tana Toraja,Goa alam kambuno,-6.2297465,106.829518
7685,Sulawesi Selatan,Kabupaten Tana Toraja,Hutan pinus Kambuno Saluala/Hutan Pinus Pa'tengko,-6.2297465,106.829518
7686,Sulawesi Selatan,Kabupaten Tana Toraja,Museum Buntu Kalando,-6.2297465,106.829518
7687,Sulawesi Selatan,Kabupaten Tana Toraja,Objek Wisata Saluallo,-6.2297465,106.829518
7688,Sulawesi Selatan,Kabupaten Tana Toraja,Panorama Alam Ollon,-6.2297465,106.829518
7689,Sulawesi Selatan,Kabupaten Tana Toraja,Panorama Alam Pedatuan,-6.2297465,106.829518
7690,Sulawesi Selatan,Kabupaten Tana Toraja,Panorama Buntu Sisong,-6.2297465,106.829518
7691,Sulawesi Selatan,Kabupaten Tana Toraja,Pemandangan Alam Salu Tapokko',-6.2297465,106.829518
7692,Sulawesi Selatan,Kabupaten Tana Toraja,Plaza Kolam Makale,-6.2297465,106.829518
7693,Sulawesi Selatan,Kabupaten Tana Toraja,Saluliang Kolesawangan,-6.2297465,106.829518
7694,Sulawesi Selatan,Kabupaten Tana Toraja,Sarambu ratte,-6.2297465,106.829518
7695,Sulawesi Selatan,Kabupaten Tana Toraja,Sillanan,-6.2297465,106.829518
7696,Sulawesi Selatan,Kabupaten Tana Toraja,Tapparan Arung Jeram,-6.2297465,106.829518
7697,Sulawesi Selatan,Kabupaten Tana Toraja,Tiroan,-6.2297465,106.829518
7698,Sulawesi Selatan,Kabupaten Tana Toraja,Tongkonan  Karuaya,-6.2297465,106.829518
7699,Sulawesi Selatan,Kabupaten Tana Toraja,Tongkonan Sassa',-6.2297465,106.829518
7700,Sulawesi Selatan,Kabupaten Tana Toraja,Tumakke (Papa Batu),-6.2297465,106.829518
7701,Sulawesi Selatan,Kabupaten Toraja Utara,Baby Grave Ranggaang Kanuruan,-6.2297465,106.829518
7702,Sulawesi Selatan,Kabupaten Toraja Utara,Batara White House,-6.2297465,106.829518
7703,Sulawesi Selatan,Kabupaten Toraja Utara,Bori Kalimbuang,-6.2297465,106.829518
7704,Sulawesi Selatan,Kabupaten Toraja Utara,Bukit Nato,-6.2297465,106.829518
7705,Sulawesi Selatan,Kabupaten Toraja Utara,Buntu Pune,-6.261721,106.842384
7706,Sulawesi Selatan,Kabupaten Toraja Utara,Buntu Singki,-6.2297465,106.829518
7707,Sulawesi Selatan,Kabupaten Toraja Utara,Desa Wisata Landorundun,-6.2297465,106.829518
7708,Sulawesi Selatan,Kabupaten Toraja Utara,Desa Wisata Lembang Nonongan,-6.2297465,106.829518
7709,Sulawesi Selatan,Kabupaten Toraja Utara,Galugu Dua Sa'dan Sangkombong,-6.2297465,106.829518
7710,Sulawesi Selatan,Kabupaten Toraja Utara,Gumuk Pasir Sumalu ,-6.2297465,106.829518
7711,Sulawesi Selatan,Kabupaten Toraja Utara,Gunung Tambolang,-6.2297465,106.829518
7712,Sulawesi Selatan,Kabupaten Toraja Utara,Hutan Bambu To' Kumila',-6.2297465,106.829518
7713,Sulawesi Selatan,Kabupaten Toraja Utara,Kawasan Gunung Sopai ,-6.2297465,106.829518
7714,Sulawesi Selatan,Kabupaten Toraja Utara,Ke¡¯te¡¯ Kesu¡¯,-6.2297465,106.829518
7715,Sulawesi Selatan,Kabupaten Toraja Utara,Kolam Alam Limbong,-6.2297465,106.829518
7716,Sulawesi Selatan,Kabupaten Toraja Utara,Liang Pana¡¯,-6.2297465,106.829518
7717,Sulawesi Selatan,Kabupaten Toraja Utara,Lindo Tau,-6.244998,106.852341
7718,Sulawesi Selatan,Kabupaten Toraja Utara,Lombok Parinding ,-6.2297465,106.829518
7719,Sulawesi Selatan,Kabupaten Toraja Utara,Londa,-6.2297465,106.829518
7720,Sulawesi Selatan,Kabupaten Toraja Utara,Lo¡¯ko¡¯ Mata,-6.2297465,106.829518
7721,Sulawesi Selatan,Kabupaten Toraja Utara,Marante,-6.2297465,106.829518
7722,Sulawesi Selatan,Kabupaten Toraja Utara,Mentirotiku Batutumonga,-6.256602,106.836205
7723,Sulawesi Selatan,Kabupaten Toraja Utara,Museum Ne¡¯ Gandeng,-6.2297465,106.829518
7724,Sulawesi Selatan,Kabupaten Toraja Utara,Museum Tongkonan Kollo-Kollo,-6.2297465,106.829518
7725,Sulawesi Selatan,Kabupaten Toraja Utara,Pala' Tokke,-6.2297465,106.829518
7726,Sulawesi Selatan,Kabupaten Toraja Utara,Palawa¡¯,-6.2297465,106.829518
7727,Sulawesi Selatan,Kabupaten Toraja Utara,Pasar Hewan Bolu,-6.2297465,106.829518
7728,Sulawesi Selatan,Kabupaten Toraja Utara,Patane Pong Masangka,-6.2297465,106.829518
7729,Sulawesi Selatan,Kabupaten Toraja Utara,Puncak Dipomelo Pindan ,-6.2297465,106.829518
7730,Sulawesi Selatan,Kabupaten Toraja Utara,Rangga La'bi' ,-6.2297465,106.829518
7731,Sulawesi Selatan,Kabupaten Toraja Utara,Rante Buntu Pempon,-6.2297465,106.829518
7732,Sulawesi Selatan,Kabupaten Toraja Utara,Rante Karassik ,-6.2297465,106.829518
7733,Sulawesi Selatan,Kabupaten Toraja Utara,Sarambu Manurun,-6.2297465,106.829518
7734,Sulawesi Selatan,Kabupaten Toraja Utara,Sarambu Sikore,-6.2297465,106.829518
7735,Sulawesi Selatan,Kabupaten Toraja Utara,Sa¡¯dan To¡¯Barana¡¯,-6.2297465,106.829518
7736,Sulawesi Selatan,Kabupaten Toraja Utara,Tiombo Camping Ground,-6.2297465,106.829518
7737,Sulawesi Selatan,Kabupaten Toraja Utara,Tongkonan Lempe Lolai,-6.2297465,106.829518
7738,Sulawesi Selatan,Kabupaten Toraja Utara,To¡¯ Tombi Lolai,-6.2297465,106.829518
7739,Sulawesi Selatan,Kabupaten Toraja Utara,UPT. Museum Pongtiku,-6.2297465,106.829518
7740,Sulawesi Selatan,Kabupaten Toraja Utara,Wisata Sawah Kalimbuang ,-6.2297465,106.829518
7741,Sulawesi Selatan,Kabupaten Wajo,AIR TERJUN MINANGATELLUE,-3.8095375,120.1433906
7742,Sulawesi Selatan,Kabupaten Wajo,AIR TERJUN SUMPANGPULI,-3.7595625,120.2750156
7743,Sulawesi Selatan,Kabupaten Wajo,DANAU TEMPE,-4.1289375,120.0222344
7744,Sulawesi Selatan,Kabupaten Wajo,KAWASAN WISATA NBS SYARIAH TELAGA BIRU LITERASI BUDAYA DUNIA LEMPONG KABUPATEN WAJO,-4.1809875,120.2003906
7745,Sulawesi Selatan,Kabupaten Wajo,LA ZOPPO,-3.9148625,120.0818594
7746,Sulawesi Selatan,Kabupaten Wajo,PERMANDIAN KALOLA,-3.8810625,120.0807969
7747,Sulawesi Selatan,Kabupaten Wajo,PRIMA FAMILY WATER PARK,-3.9168125,120.0724375
7748,Sulawesi Selatan,Kabupaten Wajo,RUMAH ADAT ATAKKAE,-4.1482625,120.0577344
7749,Sulawesi Selatan,Kabupaten Wajo,SALLO WATERPARK,-4.1228125,120.0276875
7750,Sulawesi Selatan,Kabupaten Wajo,SARESSANG BULOBULO GILIRENG,-3.8883981,120.2181832
7751,Sulawesi Selatan,Kabupaten Wajo,SARESSANG TAURE GILIRENG,-3.8883981,120.2181832
7752,Sulawesi Selatan,Kota Makassar,BENTENG ROTTERDAM MAKASSAR,-5.132773,119.405169
7753,Sulawesi Selatan,Kota Makassar,Benteng Somba Opu,-5.19034,119.404575
7754,Sulawesi Selatan,Kota Makassar,Bugis Waterpark Adventure,-5.153794,119.494321
7755,Sulawesi Selatan,Kota Makassar,EKOWISATA MANGROVE LANTEBUNG,-5.078222,119.466234
7756,Sulawesi Selatan,Kota Makassar,ekowisata untia,-5.066873,119.469682
7757,Sulawesi Selatan,Kota Makassar,Gapura china town,-5.13257,119.407146
7758,Sulawesi Selatan,Kota Makassar,Gereja Katedral Makassar,-5.136088,119.410057
7759,Sulawesi Selatan,Kota Makassar,kawasan makam pangeran diponegoro,-5.12688,119.414867
7760,Sulawesi Selatan,Kota Makassar,klenteng ibu agung bahari,-5.130766,119.406673
7761,Sulawesi Selatan,Kota Makassar,KOMPLEKS MAKAM RAJA RAJA TALLO,-5.101743,119.445815
7762,Sulawesi Selatan,Kota Makassar,Kompleks Makam Raja-Raja Tallo,-5.102947,119.445639
7763,Sulawesi Selatan,Kota Makassar,MASJID 99 KUBAH CPI MAKASSAR,-5.142759,119.403719
7764,Sulawesi Selatan,Kota Makassar,MASJID AL MARKAZ ,-5.128935,119.426178
7765,Sulawesi Selatan,Kota Makassar,masjid raya makassar,-5.130565,119.419698
7766,Sulawesi Selatan,Kota Makassar,MASJID RAYA MAKASSAR,-5.130388,119.419641
7767,Sulawesi Selatan,Kota Makassar,Monumen Korban 40.000 Jiwa,-5.129831,119.4325
7768,Sulawesi Selatan,Kota Makassar,Monumen Maha Putera Emmy Saelan,-5.168569,119.45083
7769,Sulawesi Selatan,Kota Makassar,Monumen Mandala Pembebasan Irian Barat,-5.137674,119.413669
7770,Sulawesi Selatan,Kota Makassar,MUSEUM KOTA MAKASSAR,-5.134404,119.408712
7771,Sulawesi Selatan,Kota Makassar,PANTAI AKKARENA,-5.171234,119.388386
7772,Sulawesi Selatan,Kota Makassar,PANTAI INDAH BOSAWA,-5.164494,119.38804
7773,Sulawesi Selatan,Kota Makassar,PINISI PUSAKA INDONESIA,-5.143976,119.407001
7774,Sulawesi Selatan,Kota Makassar,Pulau Kayangan,-5.113438,119.400117
7775,Sulawesi Selatan,Kota Makassar,PULAU KODINGARENGKEKE,-5.105095,119.288967
7776,Sulawesi Selatan,Kota Makassar,PULAU KODINGRENG KEKE,-5.105726,119.288722
7777,Sulawesi Selatan,Kota Makassar,Pulau Langkai,-5.031959,119.094103
7778,Sulawesi Selatan,Kota Makassar,PULAU LANJUKANG,-4.979958,119.075812
7779,Sulawesi Selatan,Kota Makassar,Pulau Wisata Lakkang,-5.121477,119.466234
7780,Sulawesi Selatan,Kota Makassar,TAMAN MACAN,-5.135472,119.407881
7781,Sulawesi Selatan,Kota Makassar,Taman Maccini Sombala,-5.167165,119.403861
7782,Sulawesi Selatan,Kota Makassar,TAMAN PAKUI SAYANG,-5.151399,119.436972
7783,Sulawesi Selatan,Kota Makassar,Tanjung Bayang ,-5.18257,119.38917
7784,Sulawesi Selatan,Kota Makassar,Trans Snow World Makassar,-5.158158,119.394908
7785,Sulawesi Selatan,Kota Makassar,UPT. Pengelolaan Pantai Losari,-5.14343,119.407552
7786,Sulawesi Selatan,Kota Makassar,WISATA PULAU SAMALAONA,-5.125074,106.829518
7787,Sulawesi Selatan,Kota Makassar,WONDERFUL LAKE,-5.187559,119.39454
7788,Sulawesi Selatan,Kota Palopo,Agro Wisata Waterboom,-3.0244174492184266,120.17401505960255
7789,Sulawesi Selatan,Kota Palopo,Air Terjun Babak Latuppa,-3.028862,120.137472
7790,Sulawesi Selatan,Kota Palopo,Air Terjun Siguntu,-3.028348,120.136442
7791,Sulawesi Selatan,Kota Palopo,Banua Wisata ,-2.972209,120.182536
7792,Sulawesi Selatan,Kota Palopo,Bukit Bintang,-3.007606,120.107689
7793,Sulawesi Selatan,Kota Palopo,Bukit Kaju Angin,-2.956284,120.131893
7794,Sulawesi Selatan,Kota Palopo,Gereja Pniel,-2.996559175628981,120.19362375132549
7795,Sulawesi Selatan,Kota Palopo,Gua Kallo' Dewata,-2.957313,120.090351
7796,Sulawesi Selatan,Kota Palopo,Gunung Botak Balandai/ Bukit Teletabis,-2.979668,120.173306
7797,Sulawesi Selatan,Kota Palopo,Istana Kedatuan Luwu,-2.9944676541968773,120.19648112057381
7798,Sulawesi Selatan,Kota Palopo,Kambo Highland,-3.014297,120.153587
7799,Sulawesi Selatan,Kota Palopo,Kambo Highland Palopo,-3.0144682549277415,120.15321069447761
7800,Sulawesi Selatan,Kota Palopo,Kawasan Wisata Air Terjun Latuppa,-3.025691588874559,120.13191648705327
7801,Sulawesi Selatan,Kota Palopo,Kolam Renang Wae Kan'bass,-3.029274,120.2039135
7802,Sulawesi Selatan,Kota Palopo,Lapangan Pancasila,-300950,120.2003
7803,Sulawesi Selatan,Kota Palopo,Makam Sejarah Lokkoe,-2.992313,120.189872
7804,Sulawesi Selatan,Kota Palopo,Masjid Jami Tua Palopo,-2.994160890031655,120.19532397289494
7805,Sulawesi Selatan,Kota Palopo,Museum Batara Guru,-2.994417997539758,120.19592250850677
7806,Sulawesi Selatan,Kota Palopo,Pantai Labombo,-3.00145,120.21541
7807,Sulawesi Selatan,Kota Palopo,Pelabuhan Tanjung Ringgit,-2.98396,120.20989
7808,Sulawesi Selatan,Kota Palopo,Permandian Alam Batu Papan,-2.92734,120.13979
7809,Sulawesi Selatan,Kota Palopo,Permandian Bora,-3.027941,120.170345
7810,Sulawesi Selatan,Kota Palopo,Ratona Motorsport Sirkuit,-3.04651,120.215894
7811,Sulawesi Selatan,Kota Palopo,Sungai Jodoh,-3.014066,120.183949
7812,Sulawesi Selatan,Kota Palopo,Taman Swimbath,-3.013723,120.183778
7813,Sulawesi Selatan,Kota Palopo,Taman Wisata Nanggala,-2.95337,120.04706
7814,Sulawesi Selatan,Kota Parepare,Anjungan cempae,-6.2297465,106.829518
7815,Sulawesi Tengah,Kabupaten Banggai,Air Terjun Piala,-6.2297465,106.829518
7816,Sulawesi Tengah,Kabupaten Banggai,Bukit  Kasih Sayang Keles,-0.93885,122.79861
7817,Sulawesi Tengah,Kabupaten Banggai,Bukit Teletubies,-0.90614,122.79716
7818,Sulawesi Tengah,Kabupaten Banggai,PANTAI KILO 5,-0.989479,122.794436
7819,Sulawesi Tengah,Kabupaten Banggai,RTH Teluk Lalong,0.95417,122.7952
7820,Sulawesi Tengah,Kabupaten Banggai Kepulauan,Danau Paisupok,-1.2173442969062243,122.97291881161043
7821,Sulawesi Tengah,Kabupaten Banggai Kepulauan,Monumen Trikora Jaya Wijaya,-1.3080189570019274,123.29671797618828
7822,Sulawesi Tengah,Kabupaten Banggai Kepulauan,PAISU POK,-6.2297465,106.829518
7823,Sulawesi Tengah,Kabupaten Banggai Kepulauan,Pantai Bone Ulano,-1.3878798178295617,123.53655163536666
7824,Sulawesi Tengah,Kabupaten Banggai Kepulauan,Pantai Poganda,-1.180207331106131,122.91285928030362
7825,Sulawesi Tengah,Kabupaten Banggai Kepulauan,Permandian Wisata Paisumatano,-1.2850522265997109,123.32416275789762
7826,Sulawesi Tengah,Kabupaten Banggai Laut,Air Terjun Paisu Matube,-1.6063485,123.502055
7827,Sulawesi Tengah,Kabupaten Banggai Laut,Keraton Banggai,-6.2297465,106.829518
7828,Sulawesi Tengah,Kabupaten Banggai Laut,Kramat Banggai Lalongo,-1.577329,123.4870099
7829,Sulawesi Tengah,Kabupaten Banggai Laut,Menara Pandang Banggai Lalongo,-1.5773245,123.488541
7830,Sulawesi Tengah,Kabupaten Banggai Laut,Pantai Pasir Putih,-1.6063485,123.502055
7831,Sulawesi Tengah,Kabupaten Buol,AIR TERJUN TANJUNG DAKO,1.287882863834395,121.462481744087
7832,Sulawesi Tengah,Kabupaten Buol,GUNUNG POGOGUL,1.0990824228682725,121.3603878123571
7833,Sulawesi Tengah,Kabupaten Buol,KOLAM RENANG HERFANI,1.1732058571537665,121.41647629629577
7834,Sulawesi Tengah,Kabupaten Buol,PANTAI BATU SUSUN,1.2321557112200119,121.26427618650513
7835,Sulawesi Tengah,Kabupaten Buol,PANTAI LILITO,1.0648735465331367,122.0640603521209
7836,Sulawesi Tengah,Kabupaten Buol,PANTAI MANINANG,1.0946555907473645,121.4995501773078
7837,Sulawesi Tengah,Kabupaten Buol,PANTAI TANJUNG DAKO,1.2888716496991794,121.46244394269961
7838,Sulawesi Tengah,Kabupaten Buol,PANTAI TANJUNG MANIS,1.2558179692303992,121.31467230316822
7839,Sulawesi Tengah,Kabupaten Buol,PULAU BOKI / LUNGUTO,1.0963075123030726,121.81117426692425
7840,Sulawesi Tengah,Kabupaten Buol,PULAU BUSAK,1.2704641497189884,121.3624634882823
7841,Sulawesi Tengah,Kabupaten Buol,PULAU PANJANG,1.0630035583421396,121.97100495652366
7842,Sulawesi Tengah,Kabupaten Buol,PULAU RAJA,1.1223960529460602,121.839487258964
7843,Sulawesi Tengah,Kabupaten Buol,WISATA HUTAN KPH POGOGUL,1.2050324837248116,121.39401414731213
7844,Sulawesi Tengah,Kabupaten Donggala,Bonebula,-0.7050139,119.6696004
7845,Sulawesi Tengah,Kabupaten Donggala,kura-kura boneoge beach club,-0.653037,119.72616
7846,Sulawesi Tengah,Kabupaten Donggala,Pantai boneoge,-0.6722723,119.7183182
7847,Sulawesi Tengah,Kabupaten Donggala,Pusat laut,-0.7096954,119.6668974
7848,Sulawesi Tengah,Kabupaten Morowali,Air Terjun Vera,-2.5210101,121.9220233
7849,Sulawesi Tengah,Kabupaten Morowali,Hutan Mangrove Matansala,-2.5240398,121.9618588
7850,Sulawesi Tengah,Kabupaten Morowali,pantai larobenu wosu,-2.364371,121.857212
7851,Sulawesi Tengah,Kabupaten Morowali,Penangkaran Rusa,-2.3531811,121.8259673
7852,Sulawesi Tengah,Kabupaten Morowali,Tembe Beach,-2.7767236,122.0733538
7853,Sulawesi Tengah,Kabupaten Morowali Utara,HUTAN PINUS,-2.091571716980776,121.06760422445832
7854,Sulawesi Tengah,Kabupaten Morowali Utara,KOLAM AIR PANAS,-2.1546405665761177,121.27169986775934
7855,Sulawesi Tengah,Kabupaten Morowali Utara,PANTAI UNGKEA,-2.119278144002942,121.54089676810578
7856,Sulawesi Tengah,Kabupaten Morowali Utara,PERMANDIAN JOMPI,-1.957974852674876,121.34896556104393
7857,Sulawesi Tengah,Kabupaten Morowali Utara,RUMAH ADAT RAJA MORI,-1.9806753898743026,121.32859748734796
7858,Sulawesi Tengah,Kabupaten Morowali Utara,WISATA PUNCAK HARMONI,-2.0095879603287905,121.34344835566478
7859,Sulawesi Tengah,Kabupaten Parigi Moutong,Agrowisata Kebun Belimbing,0.556303,120.641384
7860,Sulawesi Tengah,Kabupaten Parigi Moutong,D'Marantale,-0.666175,119.997854
7861,Sulawesi Tengah,Kabupaten Parigi Moutong,Gubuk Koi Zakheus,-6.2297465,106.829518
7862,Sulawesi Tengah,Kabupaten Parigi Moutong,Jembatan Belanda Palasa,0.495988,120.472555
7863,Sulawesi Tengah,Kabupaten Parigi Moutong,Muara Indah Ogodako,0.498904,120.706749
7864,Sulawesi Tengah,Kabupaten Parigi Moutong,Objek wisata pantai Mangrove Lolaro,-6.2297465,106.829518
7865,Sulawesi Tengah,Kabupaten Parigi Moutong,Ogodako Beach,0.49906,120.706887
7866,Sulawesi Tengah,Kabupaten Parigi Moutong,Pantai Arjuna,0.943676,120.2684
7867,Sulawesi Tengah,Kabupaten Parigi Moutong,Pantai Multzam,0.462265,121.188552
7868,Sulawesi Tengah,Kabupaten Parigi Moutong,Pantai Mutiara Indah Malalang,-6.2297465,106.829518
7869,Sulawesi Tengah,Kabupaten Parigi Moutong,Pantai Wisata Moian,0.426551,121.039995
7870,Sulawesi Tengah,Kabupaten Parigi Moutong,Pemandian Zihar,0.549173,120.728024
7871,Sulawesi Tengah,Kabupaten Parigi Moutong,Pulau Tomini,-6.2297465,106.829518
7872,Sulawesi Tengah,Kabupaten Parigi Moutong,Puncak Wisata Sambaragi,0.384426,120.280221
7873,Sulawesi Tengah,Kabupaten Parigi Moutong,Rakata Beach,-0.800088,120.169144
7874,Sulawesi Tengah,Kabupaten Parigi Moutong,waterboom krb,0.553214,120.729052
7875,Sulawesi Tengah,Kabupaten Parigi Moutong,Wisata Bendungan Lambunu,0.509019,120.967376
7876,Sulawesi Tengah,Kabupaten Parigi Moutong,Wisata Mangrove Ogoimolos,0.51414,120.697065
7877,Sulawesi Tengah,Kabupaten Parigi Moutong,Wisata Pelangi Bosagon Jaya,-6.2297465,106.829518
7878,Sulawesi Tengah,Kabupaten Parigi Moutong,Wisata Puncak paralayang Lolaro,0.417363,120.304809
7879,Sulawesi Tengah,Kabupaten Parigi Moutong,Wisata Sausu Glamping,-1.050444,120.515642
7880,Sulawesi Tengah,Kabupaten Poso,Air Terjun Saloupa,-1.7518196137924598,120.54086804747841
7881,Sulawesi Tengah,Kabupaten Poso,Attalambu Hill,-1.7684495895811045,120.64157304619103
7882,Sulawesi Tengah,Kabupaten Poso,Cotaage Penginapan ,-1.801388888888889,120.63472222222222
7883,Sulawesi Tengah,Kabupaten Poso,Hutan Pinus Tentena,-1.7528880225578936,120.65883930781877
7884,Sulawesi Tengah,Kabupaten Poso,Pasir Kuning Beach,-1.866244380234212,120.6487006184466
7885,Sulawesi Tengah,Kabupaten Poso,Penginapan Rahayu ,-1.8072853485197413,120.52633904761888
7886,Sulawesi Tengah,Kabupaten Poso,Permandian Eka Sari,-1.8161111111111112,120.51972222222223
7887,Sulawesi Tengah,Kabupaten Poso,Rano Kalimpaa (Telaga Tambing),-1.3234878460306405,120.30795749249549
7888,Sulawesi Tengah,Kabupaten Poso,Saloupa,-1.784722222222222,120.53611111111111
7889,Sulawesi Tengah,Kabupaten Poso,Siuri Cotage and Restorant,-1.8030138458559433,120.52888500652317
7890,Sulawesi Tengah,Kabupaten Poso,Tando Bone Cottage,-1.8330766632789297,120.63212253358785
7891,Sulawesi Tengah,Kabupaten Poso,The Bali Cottages,-1.8037186161677992,120.52804205782327
7892,Sulawesi Tengah,Kabupaten Poso,Torau Resort,-1.7990492363271797,120.53232317145816
7893,Sulawesi Tengah,Kabupaten Poso,Villa Air Tawar dua Puteri,-1.3811002180746061,120.6312951289446
7894,Sulawesi Tengah,Kabupaten Poso,Villa Landangan,-1.4108878858042082,120.70213631388937
7895,Sulawesi Tengah,Kabupaten Sigi,Air Terjun Wera,-6.2297465,106.829518
7896,Sulawesi Tengah,Kabupaten Sigi,Bukit Satu Pohon,-6.2297465,106.829518
7897,Sulawesi Tengah,Kabupaten Sigi,Kebun Agro Wisata,-6.2297465,106.829518
7898,Sulawesi Tengah,Kabupaten Sigi,Kolam Renang Nagaya,-6.2297465,106.829518
7899,Sulawesi Tengah,Kabupaten Sigi,Kolam Renang Porame Paradaise,-6.296171,106.90603
7900,Sulawesi Tengah,Kabupaten Sigi,Pemancingan Nagaya,-6.2297465,106.829518
7901,Sulawesi Tengah,Kabupaten Sigi,Permandian Bionga,-6.2297465,106.829518
7902,Sulawesi Tengah,Kabupaten Sigi,Taman Purbakala Watunonju,-6.2297465,106.829518
7903,Sulawesi Tengah,Kabupaten Sigi,Wisata Alam Kapopo,-6.2297465,106.829518
7904,Sulawesi Tengah,Kabupaten Sigi,Wisata Tangga Seribu,-6.2297465,106.829518
7905,Sulawesi Tengah,Kabupaten Tojo Una-una,Grand ampana waterpark,-0.8698334747365106,121.62519946669019
7906,Sulawesi Tengah,Kabupaten Toli-toli,Air Terjun Batu Meelam,0.8513998301116513,120.79783498092816
7907,Sulawesi Tengah,Kabupaten Toli-toli,AL'FIRY BEACH,1.1403322825328217,120.79120628304078
7908,Sulawesi Tengah,Kabupaten Toli-toli,Bolano Toga,0.7501942087419452,120.54365405808628
7909,Sulawesi Tengah,Kabupaten Toli-toli,GREEN BEACH RESORT,1.1480914754044702,120.78925969980527
7910,Sulawesi Tengah,Kabupaten Toli-toli,Pantai Kekot,1.1042127102976373,120.78374443071483
7911,Sulawesi Tengah,Kabupaten Toli-toli,Pantai Lalos,1.1203394432311886,120.7847256315868
7912,Sulawesi Tengah,Kabupaten Toli-toli,Pantai sabang,1.1666618036699652,120.78733218438069
7913,Sulawesi Tengah,Kabupaten Toli-toli,PANTAI TINABOGAN,0.7913766538785563,120.53016437773302
7914,Sulawesi Tengah,Kabupaten Toli-toli,Pulau Kapas,1.281494316518178,120.80286141249668
7915,Sulawesi Tengah,Kabupaten Toli-toli,PULAU LINGAYAN,0.9898894524615136,120.24138885948591
7916,Sulawesi Tengah,Kabupaten Toli-toli,Pulau Lutungan,1.0448938560259566,120.77384595745443
7917,Sulawesi Tengah,Kabupaten Toli-toli,PUNCAK SURGA,1.302993971369304,120.89493135656582
7918,Sulawesi Tengah,Kota Palu,Banua Oge,-6.2297465,106.829518
7919,Sulawesi Tengah,Kota Palu,Bukit Salena,-6.2297465,106.829518
7920,Sulawesi Tengah,Kota Palu,Bukit Wisata Budaya Nosarara Nosabatutu,-0.856167,119.912143
7921,Sulawesi Tengah,Kota Palu,Danau Sibili,-0.701152,119.862369
7922,Sulawesi Tengah,Kota Palu,Pantai Talise,-6.2297465,106.829518
7923,Sulawesi Tengah,Kota Palu,Taipa Beach,-0.782632,119.859499
7924,Sulawesi Tengah,Kota Palu,Taman Doyota,-6.2297465,106.829518
7925,Sulawesi Tengah,Kota Palu,Taman Gor,-6.2297465,106.829518
7926,Sulawesi Tengah,Kota Palu,Taman Vatulemo,-6.2297465,106.829518
7927,Sulawesi Tengah,Kota Palu,Winners,-0.876011,119.826929
7928,Sulawesi Tenggara,Kabupaten Bombana,Air Terjun Tongkoseng,-4.679514,121.66028
7929,Sulawesi Tenggara,Kabupaten Bombana,Bukit Teletubis Tinabite,-4.606198,121.926613
7930,Sulawesi Tenggara,Kabupaten Bombana,Desa Wisata Ranokomea,-4.663859,121.476474
7931,Sulawesi Tenggara,Kabupaten Bombana,Desa Wisata Tangkeno,-5.271136,121.921806
7932,Sulawesi Tenggara,Kabupaten Bombana,Gua Watuburi,-5.225324,121.955452
7933,Sulawesi Tenggara,Kabupaten Bombana,Padang Pajongang,-4.822786,121.699262
7934,Sulawesi Tenggara,Kabupaten Bombana,Pantai Aloalo,-4.86418,122.041798
7935,Sulawesi Tenggara,Kabupaten Bombana,Pantai Damalawa,-5.29575,122.066345
7936,Sulawesi Tenggara,Kabupaten Bombana,Pantai Karang Ampat,-4.687042,121.472569
7937,Sulawesi Tenggara,Kabupaten Bombana,Pantai Pajongang,-4.848786,121.693668
7938,Sulawesi Tenggara,Kabupaten Bombana,Pantai Tanjung Tabako,-4.792338,122.076302
7939,Sulawesi Tenggara,Kabupaten Bombana,Pantai Widodo,-4.855722,122.059704
7940,Sulawesi Tenggara,Kabupaten Bombana,Permandian Air Panas Tahi Ite,-4.728828,121.960859
7941,Sulawesi Tenggara,Kabupaten Bombana,Pulau Basa,-4.837368,121.509497
7942,Sulawesi Tenggara,Kabupaten Bombana,Pulau Kondo,-4.689351,121.494884
7943,Sulawesi Tenggara,Kabupaten Bombana,Pulau Sagori,-5.344377,121.756454
7944,Sulawesi Tenggara,Kabupaten Bombana,Puncak Harapan,-4.840404,121.832242
7945,Sulawesi Tenggara,Kabupaten Bombana,Punggung Kuda,-4.662319,121.933823
7946,Sulawesi Tenggara,Kabupaten Bombana,Taman National Rawa Aopa Watumohai,-4.466904,122.113724
7947,Sulawesi Tenggara,Kabupaten Bombana,Waterboom Putra Tunggal,-4.613659,122.003032
7948,Sulawesi Tenggara,Kabupaten Buton,Air Terjun Bembe,-5.212873,122.989637
7949,Sulawesi Tenggara,Kabupaten Buton,Air Terjun Hembusan,-5.211635,122.834448
7950,Sulawesi Tenggara,Kabupaten Buton,Air Terjun Kalata,-5.377342,122.973853
7951,Sulawesi Tenggara,Kabupaten Buton,Air Terjun Kandawundawuna,-5.140236,122.855793
7952,Sulawesi Tenggara,Kabupaten Buton,Air Terjun Kaongkeongkea,-5.465144,122.752013
7953,Sulawesi Tenggara,Kabupaten Buton,Air Terjun Ladongkula,-5.151898,122.931397
7954,Sulawesi Tenggara,Kabupaten Buton,Air Terjun Lapangan,-5.182278,122.861152
7955,Sulawesi Tenggara,Kabupaten Buton,Air Terjun Mompenga,-5.21623,122.987394
7956,Sulawesi Tenggara,Kabupaten Buton,Air Terjun Sempe,-5.23593,122.974788
7957,Sulawesi Tenggara,Kabupaten Buton,Air Terjun Sinapuli,-5.215762,122.988808
7958,Sulawesi Tenggara,Kabupaten Buton,Air Terjun Sinapuli 3,-5.215105,122.986678
7959,Sulawesi Tenggara,Kabupaten Buton,Air Terjun Wabalamba,-5.357375,122.877598
7960,Sulawesi Tenggara,Kabupaten Buton,Air Terjun Wining,-5.373107,122.958121
7961,Sulawesi Tenggara,Kabupaten Buton,Batu Terbelah,-5.280232,123.221607
7962,Sulawesi Tenggara,Kabupaten Buton,Bukit Teletubies,-5.487508,122.765553
7963,Sulawesi Tenggara,Kabupaten Buton,Jembatan Pelangi Koholimombo,-5.576406,122.886072
7964,Sulawesi Tenggara,Kabupaten Buton,Padang Kuku,-5.236745,122.857344
7965,Sulawesi Tenggara,Kabupaten Buton,Pantai Koguna,-5.286944,123.220481
7966,Sulawesi Tenggara,Kabupaten Buton,Pantai Lahunduru,-5.631377,122.837953
7967,Sulawesi Tenggara,Kabupaten Buton,Pantai Pasir Hitam,-5.394229,122.975264
7968,Sulawesi Tenggara,Kabupaten Buton,Permandian Goa Wandingi,-5.492022,122.832654
7969,Sulawesi Tenggara,Kabupaten Buton,Permandian Watobura,-5.557911,122.89032
7970,Sulawesi Tenggara,Kabupaten Buton,Teluk Pasarwajo,-5.527641,122.849945
7971,Sulawesi Tenggara,Kabupaten Buton,Wisata Agro Lasembangi,-5.181394,123.059777
7972,Sulawesi Tenggara,Kabupaten Buton,Wisata Air Terjun Kancinaa,-5.409675,122.895769
7973,Sulawesi Tenggara,Kabupaten Buton,Wisata Benteng Takimpo,-5.541482,122.851335
7974,Sulawesi Tenggara,Kabupaten Buton,Wisata Desa Bajo Bahari,-5.562748,122.895452
7975,Sulawesi Tenggara,Kabupaten Buton,Wisata Hutan Lambusango,-5.191643,122.896887
7976,Sulawesi Tenggara,Kabupaten Buton,Wisata Kali Lakua,-5.517567,122.842295
7977,Sulawesi Tenggara,Kabupaten Buton,Wisata Kali Topa,-5.601958,122.862026
7978,Sulawesi Tenggara,Kabupaten Buton,Wisata Pulau Pendek,-5.195398,122.735054
7979,Sulawesi Tenggara,Kabupaten Buton,Wisata Udang Merah,-5.293072,123.219487
7980,Sulawesi Tenggara,Kabupaten Buton Selatan, Air Terjun Waninimale,-5.587216,122.728606
7981,Sulawesi Tenggara,Kabupaten Buton Selatan,Agro Wisata Jeruk,-5.660675,122.518391
7982,Sulawesi Tenggara,Kabupaten Buton Selatan,Air Terjun Samparona,-5.593298,122.708945
7983,Sulawesi Tenggara,Kabupaten Buton Selatan,Bukit Lamando,-5.534046,122.7417
7984,Sulawesi Tenggara,Kabupaten Buton Selatan,Danau Teilalo,-5.539719,122.471422
7985,Sulawesi Tenggara,Kabupaten Buton Selatan,Jembatan Lingkar La Poili,-5.638263,122.696253
7986,Sulawesi Tenggara,Kabupaten Buton Selatan,Liwu Tongkidi (Pulau Ular),-5.590633,122.51208
7987,Sulawesi Tenggara,Kabupaten Buton Selatan,Makam Gajah Mada,-5.601601,122.59786
7988,Sulawesi Tenggara,Kabupaten Buton Selatan,Masjid Waowangi,-5.632659,122.698248
7989,Sulawesi Tenggara,Kabupaten Buton Selatan,Mata Air Wasalamata,-5.604027,122.713643
7990,Sulawesi Tenggara,Kabupaten Buton Selatan,Pantai Buata,-5.648854,122.502195
7991,Sulawesi Tenggara,Kabupaten Buton Selatan,Pantai Dongkala ,-5.679192,122.47162
7992,Sulawesi Tenggara,Kabupaten Buton Selatan,Pantai Jodoh,-5.608606,122.605231
7993,Sulawesi Tenggara,Kabupaten Buton Selatan,Pantai La Kado,-5.612159,122.603555
7994,Sulawesi Tenggara,Kabupaten Buton Selatan,Pantai Lagila,-5.682164,122.460404
7995,Sulawesi Tenggara,Kabupaten Buton Selatan,Pantai Lagunci,-5.672291,122.711937
7996,Sulawesi Tenggara,Kabupaten Buton Selatan,Pantai Lakadao,-5.701808,122.775444
7997,Sulawesi Tenggara,Kabupaten Buton Selatan,Pantai Loka,-5.688382,122.541185
7998,Sulawesi Tenggara,Kabupaten Buton Selatan,Pantai Napasangia,-5.631634,122.503476
7999,Sulawesi Tenggara,Kabupaten Buton Selatan,Pantai Pasir Putih Ujung,-5.503837,122.514862
8000,Sulawesi Tenggara,Kabupaten Buton Selatan,Pantai Tampano One,-5.69764,122.503096
8001,Sulawesi Tenggara,Kabupaten Buton Selatan,Pantai Ujung Pasir,-5.696889,122.492674
8002,Sulawesi Tenggara,Kabupaten Buton Selatan,Pantai Wabokeo,-6.195936,122.694676
8003,Sulawesi Tenggara,Kabupaten Buton Selatan,Permandian Kabura-burana,-5.546963,122.613953
8004,Sulawesi Tenggara,Kabupaten Buton Selatan,Permandian Waula,-5.612022,122.70946
8005,Sulawesi Tenggara,Kabupaten Buton Selatan,Ratu Ampat Pantai Lagunci,-6.2297465,106.829518
8006,Sulawesi Tenggara,Kabupaten Buton Selatan,Taman Kota,-5.66908,122.76519
8007,Sulawesi Tenggara,Kabupaten Buton Selatan,Taman Majapahit,-5.666073,122.619834
8008,Sulawesi Tenggara,Kabupaten Buton Selatan,Tebing Labulengke,-5.504248,122.51818
8009,Sulawesi Tenggara,Kabupaten Buton Selatan,Waburi Park,-5.648854,122.776259
8010,Sulawesi Tenggara,Kabupaten Buton Selatan,Wisata Gua Mokobeau,-5.673633,122.480599
8011,Sulawesi Tenggara,Kabupaten Buton Selatan,Wisata Tengkorak La Bolontio,-5.685786,122.542075
8012,Sulawesi Tenggara,Kabupaten Buton Selatan,Wisata Udang Merah,-5.668841,122.528963
8013,Sulawesi Tenggara,Kabupaten Buton Tengah, Pantai Mutiara,-6.2297465,106.829518
8014,Sulawesi Tenggara,Kabupaten Buton Tengah, Pantai Mutiara,-6.2297465,106.829518
8015,Sulawesi Tenggara,Kabupaten Buton Tengah, Pantai Mutiara,-6.2297465,106.829518
8016,Sulawesi Tenggara,Kabupaten Buton Tengah, Pantai Mutiara,-6.2297465,106.829518
8017,Sulawesi Tenggara,Kabupaten Buton Tengah, Pantai Mutiara,-6.2297465,106.829518
8018,Sulawesi Tenggara,Kabupaten Buton Tengah, Pantai Mutiara,-6.2297465,106.829518
8019,Sulawesi Tenggara,Kabupaten Buton Tengah, Pantai Mutiara,-6.2297465,106.829518
8020,Sulawesi Tenggara,Kabupaten Buton Tengah, Pantai Mutiara,-5.381294,122.316484
8021,Sulawesi Tenggara,Kabupaten Buton Tengah,Budidaya Udang diKolam Bundar,-6.2297465,106.829518
8022,Sulawesi Tenggara,Kabupaten Buton Tengah,Danau Anano Tei,-5.280537,122.478881
8023,Sulawesi Tenggara,Kabupaten Buton Tengah,Danau Pasi Bungi,-5.288742,122.366054
8024,Sulawesi Tenggara,Kabupaten Buton Tengah,Goa Koo,-5.265495,122.448564
8025,Sulawesi Tenggara,Kabupaten Buton Tengah,Goa Lakaedu,-5.320192,122.322109
8026,Sulawesi Tenggara,Kabupaten Buton Tengah,Goa Pongalia,-5.359845,122.469152
8027,Sulawesi Tenggara,Kabupaten Buton Tengah,Gua Bidadari,-5.361212,122.309791
8028,Sulawesi Tenggara,Kabupaten Buton Tengah,Gua Inoli,-5.263957,122.400518
8029,Sulawesi Tenggara,Kabupaten Buton Tengah,Gua Lahumehe,-6.2297465,106.829518
8030,Sulawesi Tenggara,Kabupaten Buton Tengah,Gua Lahumehe,-5.313356,122.378461
8031,Sulawesi Tenggara,Kabupaten Buton Tengah,gua lahumehe,-5.271221,122.416788
8032,Sulawesi Tenggara,Kabupaten Buton Tengah,Gua Landile,-5.28011,122.431221
8033,Sulawesi Tenggara,Kabupaten Buton Tengah,Gua Maladi,-5.295579,122.304313
8034,Sulawesi Tenggara,Kabupaten Buton Tengah,Gua Walengke,-5.288742,122.430648
8035,Sulawesi Tenggara,Kabupaten Buton Tengah,Gua Wamilau,-5.324295,122.308368
8036,Sulawesi Tenggara,Kabupaten Buton Tengah,Kolam Renang TWI/ Tebing Walanda Indah,-5.276008,122.437368
8037,Sulawesi Tenggara,Kabupaten Buton Tengah,Pantai Bontu Bontu,-5.277802,122.440307
8038,Sulawesi Tenggara,Kabupaten Buton Tengah,Pantai Buku Mabana,-5.299682,122.385461
8039,Sulawesi Tenggara,Kabupaten Buton Tengah,Pantai Bungi Moko,-5.301049,122.39767
8040,Sulawesi Tenggara,Kabupaten Buton Tengah,Pantai gubahi,-5.287375,122.39496
8041,Sulawesi Tenggara,Kabupaten Buton Tengah,Pantai Kahona,-5.277802,122.46512
8042,Sulawesi Tenggara,Kabupaten Buton Tengah,Pantai Katembe,-5.355743,122.543409
8043,Sulawesi Tenggara,Kabupaten Buton Tengah,Pantai maobu,-5.31609,122.361932
8044,Sulawesi Tenggara,Kabupaten Buton Tengah,Pantai Pulau Wali Wali Kecil,-5.284212,122.449718
8045,Sulawesi Tenggara,Kabupaten Buton Tengah,Pantai Tolando,-5.301049,122.401872
8046,Sulawesi Tenggara,Kabupaten Buton Tengah,Panti Watotohu,-5.258487,122.428167
8047,Sulawesi Tenggara,Kabupaten Buton Tengah,Pemandian Gumanano,-5.283272,122.382804
8048,Sulawesi Tenggara,Kabupaten Buton Tengah,Sumur mata air kauci,-5.319082,122.626956
8049,Sulawesi Tenggara,Kabupaten Buton Tengah,Tanjung Buaya,-5.380354,122.434827
8050,Sulawesi Tenggara,Kabupaten Buton Tengah,Warung Makan Gua Wandoke,-5.25182,122.393799
8051,Sulawesi Tenggara,Kabupaten Buton Tengah,Wisata Goa Kataeona,-5.302416,122.595633
8052,Sulawesi Tenggara,Kabupaten Buton Tengah,Wisata Permandian Lakakulato,-5.314296,122.622866
8053,Sulawesi Tenggara,Kabupaten Buton Utara,Air Panas Karede,-4.814904,122.98173
8054,Sulawesi Tenggara,Kabupaten Buton Utara,Air Terjun Doule,-4.659553,123.160858
8055,Sulawesi Tenggara,Kabupaten Buton Utara,Air Terjun Laa Ocu,-4.81238,122.970443
8056,Sulawesi Tenggara,Kabupaten Buton Utara,Air Terjun Laamoahi,-4.459944,123.084898
8057,Sulawesi Tenggara,Kabupaten Buton Utara,Benteng Lipu Kulisusu ,-4.783546,123.17958
8058,Sulawesi Tenggara,Kabupaten Buton Utara,Bone Meraka ,-4.76367,123.205533
8059,Sulawesi Tenggara,Kabupaten Buton Utara,Danau Moloku,-4.85664,123.212614
8060,Sulawesi Tenggara,Kabupaten Buton Utara,E'e Dholoma,-4.809929,123.176908
8061,Sulawesi Tenggara,Kabupaten Buton Utara,Mata ntahi,-4.73801,123.173089
8062,Sulawesi Tenggara,Kabupaten Buton Utara,Pantai Bone,-4.836549,123.173711
8063,Sulawesi Tenggara,Kabupaten Buton Utara,Pantai E'e Moamba,-4.484413,123.130906
8064,Sulawesi Tenggara,Kabupaten Buton Utara,Pantai Gusi,-4.760848,123.20519
8065,Sulawesi Tenggara,Kabupaten Buton Utara,Pantai kampa,-4.790784,123.204803
8066,Sulawesi Tenggara,Kabupaten Buton Utara,Pantai Membuku ,-4.773578,123.2024
8067,Sulawesi Tenggara,Kabupaten Buton Utara,Pantai mowuru,-4.815317,123.206778
8068,Sulawesi Tenggara,Kabupaten Buton Utara,Pantai one ea,-4.847959,123.212657
8069,Sulawesi Tenggara,Kabupaten Buton Utara,Pantai Sampuna,-4.850568,"123,213"
8070,Sulawesi Tenggara,Kabupaten Buton Utara,Pantai Tambengkuluri,-4.769473,123.203602
8071,Sulawesi Tenggara,Kabupaten Buton Utara,Pantai wacuntoluboto,-4.821817,123.208923
8072,Sulawesi Tenggara,Kabupaten Buton Utara,Pantai wonua ndoke,-4.853839,"123,213"
8073,Sulawesi Tenggara,Kabupaten Buton Utara,Permandian e'enunu,-4.842186,123.178003
8074,Sulawesi Tenggara,Kabupaten Buton Utara,Permandian ee ngkapala,-4.835676,123.175128
8075,Sulawesi Tenggara,Kabupaten Buton Utara,Permandian Hangka,-4.966915,122.951431
8076,Sulawesi Tenggara,Kabupaten Buton Utara,Permandian Kabundo-bundo,-4.479341,123.048248
8077,Sulawesi Tenggara,Kabupaten Buton Utara,Permandian Mata Rombia ,-4.738228,483.174486
8078,Sulawesi Tenggara,Kabupaten Buton Utara,Permandian Pasarabulaea ,-4.835237,123.1756
8079,Sulawesi Tenggara,Kabupaten Buton Utara,Sumur Adat Eengkineke ,-4.83248,123.205833
8080,Sulawesi Tenggara,Kabupaten Kolaka,Air panas kaloloa,-3.957543,121.424829
8081,Sulawesi Tenggara,Kabupaten Kolaka,Air Panas Lakuya,-4.053759,121.632385
8082,Sulawesi Tenggara,Kabupaten Kolaka,Air terjun iwoi pesua,-3.829948,121.347221
8083,Sulawesi Tenggara,Kabupaten Kolaka,Air Terjun Tikuwuarau,-3.968732,121.635269
8084,Sulawesi Tenggara,Kabupaten Kolaka,Air Terjun Watu Melewe,-4.077426,121.640652
8085,Sulawesi Tenggara,Kabupaten Kolaka,Gua Eks Jepang,-4.211422,121.606587
8086,Sulawesi Tenggara,Kabupaten Kolaka,Kolam Renang Lamedai,-4.321004,121.526299
8087,Sulawesi Tenggara,Kabupaten Kolaka,Makam Sangia Nibandera,-4.064718,121.637878
8088,Sulawesi Tenggara,Kabupaten Kolaka,Pantai Ambira,-4.335503,121.522636
8089,Sulawesi Tenggara,Kabupaten Kolaka,Pantai Kalomang,-4.46501,121.51062
8090,Sulawesi Tenggara,Kabupaten Kolaka,Pantai Kalora,-4.056734,121.622772
8091,Sulawesi Tenggara,Kabupaten Kolaka,Pantai Kei-kei,-4.057647,121.626892
8092,Sulawesi Tenggara,Kabupaten Kolaka,Pantai Malaha,-3.99781,121.407645
8093,Sulawesi Tenggara,Kabupaten Kolaka,Pulau Padamarang,-4.113385,121.446014
8094,Sulawesi Tenggara,Kabupaten Kolaka,Pulau Pisang,-3.910676,121.230045
8095,Sulawesi Tenggara,Kabupaten Kolaka,Puncak Indah Kapu,-4.066323,121.630554
8096,Sulawesi Tenggara,Kabupaten Kolaka,Sungai Tamborasi,-4.076589,121.652527
8097,Sulawesi Tenggara,Kabupaten Kolaka,Tanjung Karang,-4.065631,121.651611
8098,Sulawesi Tenggara,Kabupaten Kolaka,Tanjung Kayu Angin,-4.006197,121.446877
8099,Sulawesi Tenggara,Kabupaten Kolaka,Tubing / Kayak Sani sani,-3.973253,121.456055
8100,Sulawesi Tenggara,Kabupaten Kolaka,TWA Air Panas Ulunggolaka,-3.989708,121.563735
8101,Sulawesi Tenggara,Kabupaten Kolaka Timur,Air Terjun Batu Lukis,-3.907285,121.708483
8102,Sulawesi Tenggara,Kabupaten Kolaka Timur,Air terjun Kontak Jodoh,-4.093857,121.846575
8103,Sulawesi Tenggara,Kabupaten Kolaka Timur,Air terjun Talisewu,-3.449424,121.465287
8104,Sulawesi Tenggara,Kabupaten Kolaka Timur,Danau lambolo ndikuno,-3.393225,121.462869
8105,Sulawesi Tenggara,Kabupaten Kolaka Timur,Gua Kumapomate,-3.416199,121.463169
8106,Sulawesi Tenggara,Kabupaten Kolaka Timur,Gua porabua,-3.705043,121.659631
8107,Sulawesi Tenggara,Kabupaten Kolaka Timur,Mata Air Losopa,-3.40526,121.34953
8108,Sulawesi Tenggara,Kabupaten Kolaka Timur,Permandian  Baros,-4.020038,121.934406
8109,Sulawesi Tenggara,Kabupaten Kolaka Timur,Puncak hutan Pinus Sorombipi,-4.000302,121.860593
8110,Sulawesi Tenggara,Kabupaten Kolaka Timur,Puncak Mowewe,-4.005468,121.755811
8111,Sulawesi Tenggara,Kabupaten Kolaka Timur,Wisata Air terjun Karemotingge,-3.979651,121.875256
8112,Sulawesi Tenggara,Kabupaten Kolaka Timur,Wisata Air terjun Tetewa,-3.53755,121.501487
8113,Sulawesi Tenggara,Kabupaten Kolaka Utara,Air Terjun Sarambu,-3.49369,120.882571
8114,Sulawesi Tenggara,Kabupaten Kolaka Utara,Air Terjun Tanggaruru,-3.49369,120.882571
8115,Sulawesi Tenggara,Kabupaten Kolaka Utara,Air Terjun Tinuna,-3.49369,120.882571
8116,Sulawesi Tenggara,Kabupaten Kolaka Utara,Danau Biru,-3.49369,120.882571
8117,Sulawesi Tenggara,Kabupaten Kolaka Utara,Gua Tengkorak,-3.49369,120.882571
8118,Sulawesi Tenggara,Kabupaten Kolaka Utara,Kawasan Wisata Masjid Agung ,-3.49369,120.882571
8119,Sulawesi Tenggara,Kabupaten Kolaka Utara,Pantai Bahari,-3.49369,120.882571
8120,Sulawesi Tenggara,Kabupaten Kolaka Utara,Pantai Delon,-3.49369,120.882571
8121,Sulawesi Tenggara,Kabupaten Kolaka Utara,Pantai Lawekara,-3.49369,120.882571
8122,Sulawesi Tenggara,Kabupaten Kolaka Utara,Pantai Parangdatu,-3.49369,120.882571
8123,Sulawesi Tenggara,Kabupaten Kolaka Utara,Pantai Pasir Putih Tolala,-3.49369,120.882571
8124,Sulawesi Tenggara,Kabupaten Kolaka Utara,Pantai Pelangi Pohu,-3.49369,120.882571
8125,Sulawesi Tenggara,Kabupaten Kolaka Utara,Pantai Pohu,-3.49369,120.882571
8126,Sulawesi Tenggara,Kabupaten Kolaka Utara,Pantai Walasiho,-3.49369,120.882571
8127,Sulawesi Tenggara,Kabupaten Kolaka Utara,Pulau Bintang,-3.49369,120.882571
8128,Sulawesi Tenggara,Kabupaten Kolaka Utara,Wisata Air Terjun Raoda,-3.49369,120.882571
8129,Sulawesi Tenggara,Kabupaten Kolaka Utara,Wisata Air terjun Seruni,-3.49369,120.882571
8130,Sulawesi Tenggara,Kabupaten Kolaka Utara,Wisata Arung Jeram Tinukari,-3.49369,120.882571
8131,Sulawesi Tenggara,Kabupaten Kolaka Utara,Wisata Gua tapparang,-3.49369,120.882571
8132,Sulawesi Tenggara,Kabupaten Kolaka Utara,Wisata Gunung Mekongga,-3.49369,120.882571
8133,Sulawesi Tenggara,Kabupaten Kolaka Utara,Wisata Pantai Berova,-3.49369,120.882571
8134,Sulawesi Tenggara,Kabupaten Konawe,Air Terjun Andawe,-3.488759,121.535442
8135,Sulawesi Tenggara,Kabupaten Konawe,Air Terjun Kumapo Dahu,-3.84097,122.019426
8136,Sulawesi Tenggara,Kabupaten Konawe,Air Terjun Larowiu,-3.895624,122.112387
8137,Sulawesi Tenggara,Kabupaten Konawe,Air Terjun Routa,-3.251922,121.443432
8138,Sulawesi Tenggara,Kabupaten Konawe,Air Terjun Solo Meronda,-4.056488,122.114793
8139,Sulawesi Tenggara,Kabupaten Konawe,Air Terjun Waworaha,-3.913459,122.595701
8140,Sulawesi Tenggara,Kabupaten Konawe,Air Terjun Wonua Momahe,-3.897639,122.54066
8141,Sulawesi Tenggara,Kabupaten Konawe,Argawana Camp,-3.86007,122.027226
8142,Sulawesi Tenggara,Kabupaten Konawe,Bendungan Wawotobi,-3.978212,122.111586
8143,Sulawesi Tenggara,Kabupaten Konawe,Bintang Samudera,-3.898461,122.620053
8144,Sulawesi Tenggara,Kabupaten Konawe,Delisa resort,-3.898577,122.54447
8145,Sulawesi Tenggara,Kabupaten Konawe,Pantai batu gong,-3.875959,122.505474
8146,Sulawesi Tenggara,Kabupaten Konawe,Pantai Toola,-3.906742,122.541159
8147,Sulawesi Tenggara,Kabupaten Konawe,Pantai torinipa,-3.897391,122.664575
8148,Sulawesi Tenggara,Kabupaten Konawe,Permandian  Air Panas Sonai,-4.056978,122.113647
8149,Sulawesi Tenggara,Kabupaten Konawe,Pulau Saponda,-3.914918,122.614975
8150,Sulawesi Tenggara,Kabupaten Konawe,Tebing Sawapudo,-3.895126,-1677.395638
8151,Sulawesi Tenggara,Kabupaten Konawe,Telaga Biru Lolomerui,-3.715773,-238.381474
8152,Sulawesi Tenggara,Kabupaten Konawe,Teluk Soropia,-3.912103,122.616195
8153,Sulawesi Tenggara,Kabupaten Konawe,Wawo Ventures,-3.908069,122.535704
8154,Sulawesi Tenggara,Kabupaten Konawe Kepulauan,Air terjun latambaga,-4.058644,123.005153
8155,Sulawesi Tenggara,Kabupaten Konawe Kepulauan,Batu Belah Tengkera,-4.258923,123.123215
8156,Sulawesi Tenggara,Kabupaten Konawe Kepulauan,Kali Biru Mosolo,-4.200239,123.163373
8157,Sulawesi Tenggara,Kabupaten Konawe Kepulauan,Pantai Kampa,-3.98118,123.027847
8158,Sulawesi Tenggara,Kabupaten Konawe Kepulauan,Pantai Kelapa Kuning,-3.985037,123.010097
8159,Sulawesi Tenggara,Kabupaten Konawe Kepulauan,Pantai Tengkera,-4.259678,123.122203
8160,Sulawesi Tenggara,Kabupaten Konawe Kepulauan,Wisata Air Panas,-4.08195,122.99809
8161,Sulawesi Tenggara,Kabupaten Konawe Kepulauan,Wisata Air terjun Tumburano,-4.062547,123.133676
8162,Sulawesi Tenggara,Kabupaten Konawe Kepulauan,Wisata Batu Belah Tanjung Batu,-4.006747,123.000319
8163,Sulawesi Tenggara,Kabupaten Konawe Kepulauan,Wisata Gua Labeau,-4.038301,123.091819
8164,Sulawesi Tenggara,Kabupaten Konawe Selatan,Agrowisata California,-4.149612,122.4953
8165,Sulawesi Tenggara,Kabupaten Konawe Selatan,Air Terjun Batu Jaya,-4.366455,122.893909
8166,Sulawesi Tenggara,Kabupaten Konawe Selatan,Air Terjun Moramo,-4.211744,122.767299
8167,Sulawesi Tenggara,Kabupaten Konawe Selatan,Air Terjun Pitu Ndengga,-4.328824,122.877154
8168,Sulawesi Tenggara,Kabupaten Konawe Selatan,Air terjun Ulunese,-4.272148,122.73431
8169,Sulawesi Tenggara,Kabupaten Konawe Selatan,Bukit Alebo,-4.123058,122.460968
8170,Sulawesi Tenggara,Kabupaten Konawe Selatan,Kolam Renang Apolu Valley,-4.342672,122.289961
8171,Sulawesi Tenggara,Kabupaten Konawe Selatan,Kolam Renang Wonua Monapa,-4.054361,122.447762
8172,Sulawesi Tenggara,Kabupaten Konawe Selatan,Kolam Wisata Iwoiwanggu,-4.113898,122.449642
8173,Sulawesi Tenggara,Kabupaten Konawe Selatan,Pantai Baho,-4.063727,122.811782
8174,Sulawesi Tenggara,Kabupaten Konawe Selatan,Pantai Campedak,-4.134682,122.887166
8175,Sulawesi Tenggara,Kabupaten Konawe Selatan,Pantai Dewi,-4.087091,122.627901
8176,Sulawesi Tenggara,Kabupaten Konawe Selatan,Pantai Labuan Beropa,-4.062991,122.814408
8177,Sulawesi Tenggara,Kabupaten Konawe Selatan,Pantai Namu,-4.174304,122.841679
8178,Sulawesi Tenggara,Kabupaten Konawe Selatan,Pantai Pasir Putih,-4.460649,122.216284
8179,Sulawesi Tenggara,Kabupaten Konawe Selatan,Pantai Senja,-4.086984,122.627441
8180,Sulawesi Tenggara,Kabupaten Konawe Selatan,Pantai Tanjung Kartika,-4.087091,122.625875
8181,Sulawesi Tenggara,Kabupaten Konawe Selatan,Pantai Tawatawaro,-4.418405,122.845456
8182,Sulawesi Tenggara,Kabupaten Konawe Selatan,Pantai Torobulu,-4.36264,122.523109
8183,Sulawesi Tenggara,Kabupaten Konawe Selatan,Pantai Wawosunggu,-4.156787,122.766787
8184,Sulawesi Tenggara,Kabupaten Konawe Selatan,Permandian  Sungai Boro-boro,-6.2297465,106.829518
8185,Sulawesi Tenggara,Kabupaten Konawe Selatan,Pulau Hari,-4.03859,122.777246
8186,Sulawesi Tenggara,Kabupaten Konawe Selatan,Pulau Lara,-4.087091,122.626902
8187,Sulawesi Tenggara,Kabupaten Konawe Selatan,Puncak Gunung Popalia,-6.2297465,106.829518
8188,Sulawesi Tenggara,Kabupaten Konawe Selatan,Puncak Osu Mohai,-4.203173,122.50467
8189,Sulawesi Tenggara,Kabupaten Konawe Selatan,Taman Nasional Rawa AopaWatumohai,-4.141941,122.114059
8190,Sulawesi Tenggara,Kabupaten Konawe Selatan,Wisata Air Meronga,-4.261379,122.089932
8191,Sulawesi Tenggara,Kabupaten Konawe Utara,Air  jatuh watu ulo,-6.2297465,106.829518
8192,Sulawesi Tenggara,Kabupaten Konawe Utara,Air  Panas  Wawolsea,-3.726848,122.325754
8193,Sulawesi Tenggara,Kabupaten Konawe Utara,air jatuh matapila,-6.2297465,106.829518
8194,Sulawesi Tenggara,Kabupaten Konawe Utara,Air Jatuh Tetewatu,-6.2297465,106.829518
8195,Sulawesi Tenggara,Kabupaten Konawe Utara,air jatuh wawondiku,-6.2297465,106.829518
8196,Sulawesi Tenggara,Kabupaten Konawe Utara,Air Terjun Lameoru,-6.2297465,106.829518
8197,Sulawesi Tenggara,Kabupaten Konawe Utara,Air terjun lamesou,-3.705785,122.214789
8198,Sulawesi Tenggara,Kabupaten Konawe Utara,Air Terjun Paralahuone,-6.2297465,106.829518
8199,Sulawesi Tenggara,Kabupaten Konawe Utara,Air Terjun Wawondiku Lalombundi,-6.2297465,106.829518
8200,Sulawesi Tenggara,Kabupaten Konawe Utara,Danau Mahumalalang,-6.2297465,106.829518
8201,Sulawesi Tenggara,Kabupaten Konawe Utara,Danau tobelo,-6.2297465,106.829518
8202,Sulawesi Tenggara,Kabupaten Konawe Utara,goa tengkorak anawai,-6.2297465,106.829518
8203,Sulawesi Tenggara,Kabupaten Konawe Utara,Gua kota Langgai,-6.2297465,106.829518
8204,Sulawesi Tenggara,Kabupaten Konawe Utara,gua mata uso,-6.2297465,106.829518
8205,Sulawesi Tenggara,Kabupaten Konawe Utara,Gua rukuo matarombeo,-6.2297465,106.829518
8206,Sulawesi Tenggara,Kabupaten Konawe Utara,Matarombeo,-3.196054,122.078842
8207,Sulawesi Tenggara,Kabupaten Konawe Utara,Pantai Batam Mataiwoi,-6.2297465,106.829518
8208,Sulawesi Tenggara,Kabupaten Konawe Utara,Pantai Labengki Kecil,-6.2297465,106.829518
8209,Sulawesi Tenggara,Kabupaten Konawe Utara,Pantai Mercusuar,-6.2297465,106.829518
8210,Sulawesi Tenggara,Kabupaten Konawe Utara,Pantai one one,-6.2297465,106.829518
8211,Sulawesi Tenggara,Kabupaten Konawe Utara,pantai Panggulawu,-6.2297465,106.829518
8212,Sulawesi Tenggara,Kabupaten Konawe Utara,Pantai pasir Merah,-6.2297465,106.829518
8213,Sulawesi Tenggara,Kabupaten Konawe Utara,Pantai Pasir Panjang,-6.2297465,106.829518
8214,Sulawesi Tenggara,Kabupaten Konawe Utara,Pantai Taipa,-3.732044,122.39213
8215,Sulawesi Tenggara,Kabupaten Konawe Utara,Pantai Teluk cinta,-6.2297465,106.829518
8216,Sulawesi Tenggara,Kabupaten Konawe Utara,Permandian Pudonggala,-3.770532,122.447058
8217,Sulawesi Tenggara,Kabupaten Konawe Utara,Permandian telaga biru oheo,-3.480414,122.061656
8218,Sulawesi Tenggara,Kabupaten Konawe Utara,Pulau Labengki,-3.484606,122.485199
8219,Sulawesi Tenggara,Kabupaten Konawe Utara,Puncak Gunung Pariama / oheo,-6.2297465,106.829518
8220,Sulawesi Tenggara,Kabupaten Konawe Utara,Puncak Labengki,-6.2297465,106.829518
8221,Sulawesi Tenggara,Kabupaten Konawe Utara,Rawa Molara,-6.2297465,106.829518
8222,Sulawesi Tenggara,Kabupaten Konawe Utara,Tebing linomoiyo,-6.2297465,106.829518
8223,Sulawesi Tenggara,Kabupaten Konawe Utara,Tebing Mahitala,-6.2297465,106.829518
8224,Sulawesi Tenggara,Kabupaten Konawe Utara,Teluk  Batuasahan,-6.2297465,106.829518
8225,Sulawesi Tenggara,Kabupaten Muna,Air Terjun Kalimalima,-4.818099,122.878433
8226,Sulawesi Tenggara,Kabupaten Muna,Danau Kandawuhano Ndoke,-4.914105,122.754881
8227,Sulawesi Tenggara,Kabupaten Muna,Danau Moko,-5.171541,122.578034
8228,Sulawesi Tenggara,Kabupaten Muna,Danau Napabale,-4.833597,122.716049
8229,Sulawesi Tenggara,Kabupaten Muna,Danau Ubur ubur ,-4.896597,122.754012
8230,Sulawesi Tenggara,Kabupaten Muna,Danau Wakumoro,-4.846323,122.702728
8231,Sulawesi Tenggara,Kabupaten Muna,Gua Purba Liang Kabaori,-4.996041,122.581741
8232,Sulawesi Tenggara,Kabupaten Muna,Pantai Bungin Pinungan,-4.530896,122.746159
8233,Sulawesi Tenggara,Kabupaten Muna,Pantai Ghodo,-4.906734,122.756183
8234,Sulawesi Tenggara,Kabupaten Muna,Pantai Lakadeadea,-5.031268,122.681182
8235,Sulawesi Tenggara,Kabupaten Muna,Pantai Meleura,-4.929418,122.756033
8236,Sulawesi Tenggara,Kabupaten Muna,Pantai Morano,-5.171507,122.588231
8237,Sulawesi Tenggara,Kabupaten Muna,Pantai Pasir Panjang Bakealu,-4.906713,122.337857
8238,Sulawesi Tenggara,Kabupaten Muna,Pantai Pulau Munante,-4.934376,122.799794
8239,Sulawesi Tenggara,Kabupaten Muna,Pantai Timur Pasikuta,-5.018443,122.27152
8240,Sulawesi Tenggara,Kabupaten Muna,Pantai Towea/ Bonebone,-4.530544,122.742488
8241,Sulawesi Tenggara,Kabupaten Muna,Pantai Walengkabola,-4.84167,122.718925
8242,Sulawesi Tenggara,Kabupaten Muna,permandian Fotuno Sangia,-4.836197,122.719728
8243,Sulawesi Tenggara,Kabupaten Muna,Pulau Pasir Putih,-5.101066,122.721544
8244,Sulawesi Tenggara,Kabupaten Muna,Puncak Masalili,-4.975793,122.571579
8245,Sulawesi Tenggara,Kabupaten Muna,Tanjung Labora,-5.105196,122.613101
8246,Sulawesi Tenggara,Kabupaten Muna Barat,benteng tiworo,-4.796659,122.475185
8247,Sulawesi Tenggara,Kabupaten Muna Barat,gugusan pasir timbul,-4.649275,122.355803
8248,Sulawesi Tenggara,Kabupaten Muna Barat,pantai pajala,-4.859178,122.328176
8249,Sulawesi Tenggara,Kabupaten Muna Barat,pantai pulau maginti,-4.869661,122.241325
8250,Sulawesi Tenggara,Kabupaten Muna Barat,permandian alam wakante,-4.858782,122.540016
8251,Sulawesi Tenggara,Kabupaten Muna Barat,permandian matakidi,-4.872632,122.517242
8252,Sulawesi Tenggara,Kabupaten Muna Barat,pulau balu,-4.734036,122.354126
8253,Sulawesi Tenggara,Kabupaten Muna Barat,pulau bangko,-4.922956,122.335929
8254,Sulawesi Tenggara,Kabupaten Muna Barat,pulau gala besar,-4.872784,122.26715
8255,Sulawesi Tenggara,Kabupaten Muna Barat,pulau gala kecil,-4.890501,122.296294
8256,Sulawesi Tenggara,Kabupaten Muna Barat,pulau kajuangin,-4.845022,122.222433
8257,Sulawesi Tenggara,Kabupaten Muna Barat,pulau katela,-6.2297465,106.829518
8258,Sulawesi Tenggara,Kabupaten Muna Barat,pulau latoa,-4.649031,122.35626
8259,Sulawesi Tenggara,Kabupaten Muna Barat,pulau maloang,-4.870128,122.266849
8260,Sulawesi Tenggara,Kabupaten Muna Barat,pulau mandike,-4.502714,122.299648
8261,Sulawesi Tenggara,Kabupaten Muna Barat,pulau mbela mbela kecil,-4.907978,122.338657
8262,Sulawesi Tenggara,Kabupaten Muna Barat,pulau mbela-mbela besar,-4.900264,122.220687
8263,Sulawesi Tenggara,Kabupaten Muna Barat,pulau pasi bero,-4.870375,122.249832
8264,Sulawesi Tenggara,Kabupaten Muna Barat,pulau rangku,-4.655965,122.293702
8265,Sulawesi Tenggara,Kabupaten Muna Barat,pulau sanggalea,-4.83905,122.191779
8266,Sulawesi Tenggara,Kabupaten Muna Barat,pulau simoa,-4.837496,122.295228
8267,Sulawesi Tenggara,Kabupaten Muna Barat,taman bakau ,-4.793915,122.471199
8268,Sulawesi Tenggara,Kabupaten Muna Barat,Telaga Kasiano oe,-4.889975,122.59812
8269,Sulawesi Tenggara,Kabupaten Muna Barat,wisata bahari pasi toboang,-4.89485,122.346879
8270,Sulawesi Tenggara,Kabupaten Muna Barat,wisata bahari pulau indo,-4.68194,122.431352
8271,Sulawesi Tenggara,Kabupaten Muna Barat,Wisata Gua Bangkudu,-4.898601,122.602168
8272,Sulawesi Tenggara,Kabupaten Muna Barat,wisata pemancingan ikan,-4.859411,122.537046
8273,Sulawesi Tenggara,Kabupaten Wakatobi,Amir Dive Wakatobi,-5.256713,123.522485
8274,Sulawesi Tenggara,Kabupaten Wakatobi,CBT Lembaga Pariwisata Mola,-6.2297465,106.829518
8275,Sulawesi Tenggara,Kabupaten Wakatobi,Desa Wisata Bajo Sampela,-5.489382,123.74777
8276,Sulawesi Tenggara,Kabupaten Wakatobi,DESA WISATA KAMPUNG BAJO MOLA,-5.343544,123.540273
8277,Sulawesi Tenggara,Kabupaten Wakatobi,Desa Wisata Liya Togo,-5.3768431,123.5925761
8278,Sulawesi Tenggara,Kabupaten Wakatobi,Desa Wisata Sombano,-5.600012,123.816521
8279,Sulawesi Tenggara,Kabupaten Wakatobi,Desa Wisata Tanomeha,-5.581476,123.807167
8280,Sulawesi Tenggara,Kabupaten Wakatobi,Dinis Cemara Dive Center,-5.260762,123.520371
8281,Sulawesi Tenggara,Kabupaten Wakatobi,Forum Pesisir Wakabibika,-6.2297465,106.829518
8282,Sulawesi Tenggara,Kabupaten Wakatobi,Lembaga Keppo'oli,-6.2297465,106.829518
8283,Sulawesi Tenggara,Kabupaten Wakatobi,Marina Togo Mowondu,-5.321976,123.532205
8284,Sulawesi Tenggara,Kabupaten Wakatobi,Pantai Cemara,-5.261521,123.519952
8285,Sulawesi Tenggara,Kabupaten Wakatobi,Pantai Sousu,-5.312793,123.606292
8286,Sulawesi Tenggara,Kabupaten Wakatobi,Pantai Waikesa,-5.250452,123.544565
8287,Sulawesi Tenggara,Kabupaten Wakatobi,Pantai Wambuliga,-5.274349,123.521788
8288,Sulawesi Tenggara,Kabupaten Wakatobi,Permandian Air Kontamale,-5.318296,123.534388
8289,Sulawesi Tenggara,Kabupaten Wakatobi,Pulau Hoga,-5.47584,123.761545
8290,Sulawesi Tenggara,Kabupaten Wakatobi,Puncak Kahiyanga,-5.7602057,123.9427109
8291,Sulawesi Tenggara,Kabupaten Wakatobi,Rekan Dive Center,-5.260645,123.520596
8292,Sulawesi Tenggara,Kabupaten Wakatobi,Sombu Dive,-5.265885,123.519427
8293,Sulawesi Tenggara,Kabupaten Wakatobi,Wakatobi dive adventure,-5.329214,123.540107
8294,Sulawesi Tenggara,Kabupaten Wakatobi,Wakatobi Dive Trip,-5.324968,123.538181
8295,Sulawesi Tenggara,Kabupaten Wakatobi,Watu Kapala Tosore,-5.3455261,123.6035755
8296,Sulawesi Tenggara,Kota Baubau,Agrowisata Bahari Palabusa,-5.459724,122.597731
8297,Sulawesi Tenggara,Kota Baubau,Agrowisata Sorawolio,-5.472283,122.594639
8298,Sulawesi Tenggara,Kota Baubau,air terjun kanari,-5.465219,122.605662
8299,Sulawesi Tenggara,Kota Baubau,Air Terjun Kogawuna,-5.389903,122.684203
8300,Sulawesi Tenggara,Kota Baubau,Air Terjun Samparona,-5.500625,122.617732
8301,Sulawesi Tenggara,Kota Baubau,Air Terjun Tirta Rimba,-5.473141,122.642522
8302,Sulawesi Tenggara,Kota Baubau,Batu Buti,-5.462204,122.602087
8303,Sulawesi Tenggara,Kota Baubau,Batu Poopi,-5.461646,122.602213
8304,Sulawesi Tenggara,Kota Baubau,Batu Popaua,-5.463955,122.601098
8305,Sulawesi Tenggara,Kota Baubau,batu sori,-5.397073,122.622032
8306,Sulawesi Tenggara,Kota Baubau,Benteng Baadia,-5.463421,122.601643
8307,Sulawesi Tenggara,Kota Baubau,Bukit Kalampa,-5.475622,122.595781
8308,Sulawesi Tenggara,Kota Baubau,Bukit Kolema,-5.475401,122.601696
8309,Sulawesi Tenggara,Kota Baubau,Goa Arupalaka,-5.473123,122.618832
8310,Sulawesi Tenggara,Kota Baubau,Goa Moko,-5.528767,122.571447
8311,Sulawesi Tenggara,Kota Baubau,Gua Cendana,-5.461374,122.601745
8312,Sulawesi Tenggara,Kota Baubau,Gua Cendana,-5.462344,122.607287
8313,Sulawesi Tenggara,Kota Baubau,Gua Kadolomoko,-5.458628,122.602916
8314,Sulawesi Tenggara,Kota Baubau,Gua Kaisabu,-5.46287,122.603317
8315,Sulawesi Tenggara,Kota Baubau,Gua La Abi,-5.467543,122.594415
8316,Sulawesi Tenggara,Kota Baubau,Gua La Ulawi,-5.470648,122.601272
8317,Sulawesi Tenggara,Kota Baubau,Gua Lakasa,-5.461724,122.617808
8318,Sulawesi Tenggara,Kota Baubau,Hutan Pinus Samparona,-5.477719,122.678385
8319,Sulawesi Tenggara,Kota Baubau,Istana Malige,-5.458391,122.609037
8320,Sulawesi Tenggara,Kota Baubau,Kampung Tenun Sulaa,-5.461168,122.592017
8321,Sulawesi Tenggara,Kota Baubau,Kawasan Ajara Ijo,-5.471166,122.59807
8322,Sulawesi Tenggara,Kota Baubau,Kelapa Gading,-5.473148,122.590409
8323,Sulawesi Tenggara,Kota Baubau,Kolam Little Bali,-5.467407,122.599494
8324,Sulawesi Tenggara,Kota Baubau,Makam Sultan Murhum dan Mesjid Agung Benteng Wolio Keraton Buton,-5.47436,122.601438
8325,Sulawesi Tenggara,Kota Baubau,Masjid Quba,-5.476582,122.620154
8326,Sulawesi Tenggara,Kota Baubau,Mata Air Wamunante,-5.460811,122.603051
8327,Sulawesi Tenggara,Kota Baubau,Muara Lakologou,-5.417952,122.65183
8328,Sulawesi Tenggara,Kota Baubau,Pantai Kabungi-bungi,-5.51272,122.559239
8329,Sulawesi Tenggara,Kota Baubau,Pantai Kamali,-5.476019,122.610554
8330,Sulawesi Tenggara,Kota Baubau,Pantai Kokalukuna,-5.46767,122.59312
8331,Sulawesi Tenggara,Kota Baubau,Pantai Kolagana,-5.461567,122.595896
8332,Sulawesi Tenggara,Kota Baubau,Pantai Lakeba,-5.521974,122.564155
8333,Sulawesi Tenggara,Kota Baubau,Pantai Lakorapu,-5.482777,122.564206
8334,Sulawesi Tenggara,Kota Baubau,Pantai Nirwana,-5.525337,122.569742
8335,Sulawesi Tenggara,Kota Baubau,Pantai Palabusa,-5.469116,122.59768
8336,Sulawesi Tenggara,Kota Baubau,Pantai Topa,-5.520224,122.562785
8337,Sulawesi Tenggara,Kota Baubau,Permandian Air Tawar Sulaa,-5.471773,122.596282
8338,Sulawesi Tenggara,Kota Baubau,Permandian Wisata gua lanto,-5.459152,122.617194
8339,Sulawesi Tenggara,Kota Baubau,Pondok Daeng Lala,-5.509825,122.55836
8340,Sulawesi Tenggara,Kota Baubau,Puncak Kolagana,-5.46047,122.60607
8341,Sulawesi Tenggara,Kota Baubau,Taman Bunga Yuranata,-5.471252,122.596659
8342,Sulawesi Tenggara,Kota Baubau,Terumbu Karang Kolagana,-5.470639,122.595741
8343,Sulawesi Tenggara,Kota Baubau,Waterboom Sulaa,-6.2297465,106.829518
8344,Sulawesi Tenggara,Kota Baubau,Wisata Kalong Bungi,-5.420531,122.645569
8345,Sulawesi Tenggara,Kota Kendari,Air Terjun Lahundape,-3.957448,122.53189
8346,Sulawesi Tenggara,Kota Kendari,Air Terjun Lasolo,-3.965069,122.573904
8347,Sulawesi Tenggara,Kota Kendari,Air Terjun Nanga-Nanga,-4.053638,122.559837
8348,Sulawesi Tenggara,Kota Kendari,Baterai Mata ,-3.963844,122.593405
8349,Sulawesi Tenggara,Kota Kendari,Citraland Waterpark Kendari,-3.994839,122.536425
8350,Sulawesi Tenggara,Kota Kendari,Gedung Pesangrahan ,-3.969837,122.598324
8351,Sulawesi Tenggara,Kota Kendari,Jembatan Teluk Kendari,-3.977823,122.587075
8352,Sulawesi Tenggara,Kota Kendari,Kebun Raya Kendari,-4.047754,122.562433
8353,Sulawesi Tenggara,Kota Kendari,Kebun Raya Kendari,-6.2297465,106.829518
8354,Sulawesi Tenggara,Kota Kendari,Kendari Water Front City,-3.983719,122.586283
8355,Sulawesi Tenggara,Kota Kendari,Kendari Water Sport,-3.96623,122.541562
8356,Sulawesi Tenggara,Kota Kendari,Masjid Al Alam Kendari,-3.978186,122.544694
8357,Sulawesi Tenggara,Kota Kendari,Pantai Nambo,-4.00135,122.616588
8358,Sulawesi Tenggara,Kota Kendari,Puncak Tahura Nipa-Nipa,-3.997226,122.507769
8359,Sulawesi Tenggara,Kota Kendari,Tracking Mangrove Bungkutoko,-3.989798,122.583483
8360,Sulawesi Tenggara,Kota Kendari,Wisata Kali Biru Kendari,-3.987432,122.612185
8361,Sulawesi Utara,Kabupaten Bolaang Mongondow,Agrowisata Desa Insil,-0.799137,124.418049
8362,Sulawesi Utara,Kabupaten Bolaang Mongondow,Agrowisata Desa Sinsingon,-0.799819,124.400699
8363,Sulawesi Utara,Kabupaten Bolaang Mongondow,Air Terjun Ambang II,0.906516,124.128879
8364,Sulawesi Utara,Kabupaten Bolaang Mongondow,Air Terjun Ambang II,-0.906516,124.128879
8365,Sulawesi Utara,Kabupaten Bolaang Mongondow,Air Terjun Inuai,-0.828356,124.22058
8366,Sulawesi Utara,Kabupaten Bolaang Mongondow,Air Terjun Lolan,0.939315,124.202282
8367,Sulawesi Utara,Kabupaten Bolaang Mongondow,Air Terjun Lolan,-0.939315,124.202282
8368,Sulawesi Utara,Kabupaten Bolaang Mongondow,Air Terjun Muntoi,-0.809655,124.24002
8369,Sulawesi Utara,Kabupaten Bolaang Mongondow,Air Terjun Pomoman,0.948947,124.358071
8370,Sulawesi Utara,Kabupaten Bolaang Mongondow,Air Terjun Pomoman,-0.948947,124.358071
8371,Sulawesi Utara,Kabupaten Bolaang Mongondow,Air Terjun Sauk,-0.81658,123.955182
8372,Sulawesi Utara,Kabupaten Bolaang Mongondow,Air Terjun Selendang Biru,-0.716057,123.875263
8373,Sulawesi Utara,Kabupaten Bolaang Mongondow,Air Terjun Toraut Utara,-0.562975,123.906198
8374,Sulawesi Utara,Kabupaten Bolaang Mongondow,Campladean Beach,-0.986642,124.199141
8375,Sulawesi Utara,Kabupaten Bolaang Mongondow,Desa Wisata Pantai Pasir Putih Sallugo Boki,0.844674,123.814808
8376,Sulawesi Utara,Kabupaten Bolaang Mongondow,Desa Wisata Pasir Putih Sallugo Boki ,-0.844674,123.814808
8377,Sulawesi Utara,Kabupaten Bolaang Mongondow,Gua Batu Berkamar,0.573848,123.900044
8378,Sulawesi Utara,Kabupaten Bolaang Mongondow,Gua Batu Berkamar,-0.573848,123.900044
8379,Sulawesi Utara,Kabupaten Bolaang Mongondow,Gunung Keramat Bumbungon,-0.66481,124.10615
8380,Sulawesi Utara,Kabupaten Bolaang Mongondow,Kawasan Mangrove Baturapa II,-0.835956,123.95923
8381,Sulawesi Utara,Kabupaten Bolaang Mongondow,Kawasan Mangrove Desa Bolaang 1,-0.945875,124.160763
8382,Sulawesi Utara,Kabupaten Bolaang Mongondow,Kawasan Mangrove Tuyat,-0.909834,124.056063
8383,Sulawesi Utara,Kabupaten Bolaang Mongondow,Kawasan Peninggalan Kerajaan Bolaang,-0.941278,124.156062
8384,Sulawesi Utara,Kabupaten Bolaang Mongondow,Kawasan Pulau Tiga Maelang,0.862933,123.810899
8385,Sulawesi Utara,Kabupaten Bolaang Mongondow,Kolam Y¡¯hanget ,-0.587871,124.073427
8386,Sulawesi Utara,Kabupaten Bolaang Mongondow,Kolam Y¡¯hanget - Air Panas Modomang,0.587871,124.073427
8387,Sulawesi Utara,Kabupaten Bolaang Mongondow,Makam Bua Hotinimbang Manopo Sugeha,-0.880848,124.122002
8388,Sulawesi Utara,Kabupaten Bolaang Mongondow,Makam Raja Abraham ,0.938593,124.162726
8389,Sulawesi Utara,Kabupaten Bolaang Mongondow,Makam Raja Abraham,-0.938593,124.162726
8390,Sulawesi Utara,Kabupaten Bolaang Mongondow,Objek Wisata Tanaman Toraut TNBW,-0.562313,123.944669
8391,Sulawesi Utara,Kabupaten Bolaang Mongondow,Pantai Ayong,-0.841728,123.889494
8392,Sulawesi Utara,Kabupaten Bolaang Mongondow,Pantai Babo Moonow,0.838652,123.869773
8393,Sulawesi Utara,Kabupaten Bolaang Mongondow,Pantai Babo Moonow ,-0.838652,123.869773
8394,Sulawesi Utara,Kabupaten Bolaang Mongondow,Pantai Beau Sauk,-0.836351,123.934064
8395,Sulawesi Utara,Kabupaten Bolaang Mongondow,Pantai Bungin,0.880036,123.985404
8396,Sulawesi Utara,Kabupaten Bolaang Mongondow,Pantai Bungin,-0.880036,123.985404
8397,Sulawesi Utara,Kabupaten Bolaang Mongondow,Pantai Fajar Indah Babo,-0.83905,123.866242
8398,Sulawesi Utara,Kabupaten Bolaang Mongondow,Pantai Hidayah Babo,-0.838673,123.867937
8399,Sulawesi Utara,Kabupaten Bolaang Mongondow,Pantai Indah Maelang,-0.840114,123.833984
8400,Sulawesi Utara,Kabupaten Bolaang Mongondow,Pantai Lolak Indah,-0.890149,124.011487
8401,Sulawesi Utara,Kabupaten Bolaang Mongondow,Pantai Lolan,0.954403,124.171089
8402,Sulawesi Utara,Kabupaten Bolaang Mongondow,Pantai Lolan,-0.954403,124.171089
8403,Sulawesi Utara,Kabupaten Bolaang Mongondow,Pantai Losari,0.888277,124.006896
8404,Sulawesi Utara,Kabupaten Bolaang Mongondow,Pantai Losari,-0.888277,124.006896
8405,Sulawesi Utara,Kabupaten Bolaang Mongondow,Pantai Mariri Baru,-0.99312,124.215332
8406,Sulawesi Utara,Kabupaten Bolaang Mongondow,Pantai Mariri Lama - Campladean Beach,0.986642,124.199141
8407,Sulawesi Utara,Kabupaten Bolaang Mongondow,Pantai Nurmala Indah Babo,-0.838806,123.868566
8408,Sulawesi Utara,Kabupaten Bolaang Mongondow,Pantai Nyiur Hijau Babo,-0.839036,123.867265
8409,Sulawesi Utara,Kabupaten Bolaang Mongondow,Pantai Pasir Putih Kec. Sangtombolang,-0.843153,123.821723
8410,Sulawesi Utara,Kabupaten Bolaang Mongondow,Pantai Pasir Putih Sangtombolang,0.843153,123.821723
8411,Sulawesi Utara,Kabupaten Bolaang Mongondow,Pantai Pasir Putih/Napo Bolaang,-0.975564,124.150312
8412,Sulawesi Utara,Kabupaten Bolaang Mongondow,Pantai Pondok Cinta,-0.8874,124.0035
8413,Sulawesi Utara,Kabupaten Bolaang Mongondow,Pantai Tiberias,1.00032,124.264737
8414,Sulawesi Utara,Kabupaten Bolaang Mongondow,Pantai Wisata Nonapan Baru,-0.994626,124.237971
8415,Sulawesi Utara,Kabupaten Bolaang Mongondow,Pemandian Air Panas Bakan,0.598134,124.292925
8416,Sulawesi Utara,Kabupaten Bolaang Mongondow,Pulau Molosing,0.901238,123.976788
8417,Sulawesi Utara,Kabupaten Bolaang Mongondow,River Tubing Toraut,0.562688,123.90309
8418,Sulawesi Utara,Kabupaten Bolaang Mongondow,Wahana Totabuan Blessing,0.657528,124.24382
8419,Sulawesi Utara,Kabupaten Bolaang Mongondow,Wisata Kebun Jati Yayasan Gelebuk Chandra,0.556768,123.964087
8420,Sulawesi Utara,Kabupaten Bolaang Mongondow,Wisata Suaka Burung Maleo Muara Pusian,0.69755,124.11923
8421,Sulawesi Utara,Kabupaten Bolaang Mongondow,Wisata Suaka Burung Maleo Pinonobatuan,0.588769,124.118757
8422,Sulawesi Utara,Kabupaten Bolaang Mongondow,Wisata Suaka Burung Maleo Tumokang Matayangan,0.472779,123.931834
8423,Sulawesi Utara,Kabupaten Bolaang Mongondow,Wisata Tanaman Persemaian Permanen Toraut TNBW,0.56223,123.90387
8424,Sulawesi Utara,Kabupaten Bolaang Mongondow Selatan, Air Terjun Botuliodu,0.322731,123.752011
8425,Sulawesi Utara,Kabupaten Bolaang Mongondow Selatan, Konservasi Maleo Tanjung Binarean,0.4018,124.2757
8426,Sulawesi Utara,Kabupaten Bolaang Mongondow Selatan, Pantai Biniha Timur,-0.350167,123.894014
8427,Sulawesi Utara,Kabupaten Bolaang Mongondow Selatan, Pantai Tanjung Binarean/Pulau Tenggelam,-0.408269,124.28648
8428,Sulawesi Utara,Kabupaten Bolaang Mongondow Selatan, Taman Laut Kuait Point,-0.371869,123.98769
8429,Sulawesi Utara,Kabupaten Bolaang Mongondow Selatan,Air Terjun Botuliodu,-0.322731,123.752011
8430,Sulawesi Utara,Kabupaten Bolaang Mongondow Selatan,Air Terjun Soguo,0.395662,123.965415
8431,Sulawesi Utara,Kabupaten Bolaang Mongondow Selatan,Air Terjun Soguo,-0.395662,123.965415
8432,Sulawesi Utara,Kabupaten Bolaang Mongondow Selatan,Alun-alun Molibagu,-0.382655,123.983919
8433,Sulawesi Utara,Kabupaten Bolaang Mongondow Selatan,Deaga Bay Resort,0.422092,124.284776
8434,Sulawesi Utara,Kabupaten Bolaang Mongondow Selatan,Deaga Bay Resort,-0.422092,124.284776
8435,Sulawesi Utara,Kabupaten Bolaang Mongondow Selatan,Kawasan Mangrove Deaga,-0.428112,124.288907
8436,Sulawesi Utara,Kabupaten Bolaang Mongondow Selatan,Konservasi Maleo Tanjung Binarean,-0.4018,124.2757
8437,Sulawesi Utara,Kabupaten Bolaang Mongondow Selatan,Makam Raja Hassan Van Gobel,-0.386082,123.982713
8438,Sulawesi Utara,Kabupaten Bolaang Mongondow Selatan,Mangrove Dudepo,0.34998,123.919849
8439,Sulawesi Utara,Kabupaten Bolaang Mongondow Selatan,Mangrove Panango,0.377361,124.045995
8440,Sulawesi Utara,Kabupaten Bolaang Mongondow Selatan,Mangrove Transpatoa,0.330721,123.857543
8441,Sulawesi Utara,Kabupaten Bolaang Mongondow Selatan,Pantai Dami,-0.394443,124.176139
8442,Sulawesi Utara,Kabupaten Bolaang Mongondow Selatan,Pantai lungkap,-0.397401,124.195499
8443,Sulawesi Utara,Kabupaten Bolaang Mongondow Selatan,Pantai Modisi,0.384741,124.075188
8444,Sulawesi Utara,Kabupaten Bolaang Mongondow Selatan,Pantai Modisi,-0.384741,124.075188
8445,Sulawesi Utara,Kabupaten Bolaang Mongondow Selatan,Pantai Pasir Timbul,0.364768,124.044804
8446,Sulawesi Utara,Kabupaten Bolaang Mongondow Selatan,Pantai Ponii Luwoo,-0.294364,123.621758
8447,Sulawesi Utara,Kabupaten Bolaang Mongondow Selatan,Pantai Tersakiti,0.362922,123.945105
8448,Sulawesi Utara,Kabupaten Bolaang Mongondow Selatan,Pantai tersakiti,-0.362922,123.945105
8449,Sulawesi Utara,Kabupaten Bolaang Mongondow Selatan,Pasir Timbul,-0.364768,124.044804
8450,Sulawesi Utara,Kabupaten Bolaang Mongondow Selatan,Pelabuhan alam torosik,-0.428538,124.27825
8451,Sulawesi Utara,Kabupaten Bolaang Mongondow Selatan,Pulau Babi,-0.45189,124.460497
8452,Sulawesi Utara,Kabupaten Bolaang Mongondow Selatan,Pulau Lampu,0.448605,124.47738
8453,Sulawesi Utara,Kabupaten Bolaang Mongondow Selatan,Pulau Lampu,-0.448605,124.47738
8454,Sulawesi Utara,Kabupaten Bolaang Mongondow Selatan,Pulau Pondang,-6.2297465,106.829518
8455,Sulawesi Utara,Kabupaten Bolaang Mongondow Selatan,Pulau Pondang,-0.419671,124.352225
8456,Sulawesi Utara,Kabupaten Bolaang Mongondow Selatan,Taman Laut Barakuda Point,0.326495,123.859494
8457,Sulawesi Utara,Kabupaten Bolaang Mongondow Selatan,Taman Laut Barakuda Point,-0.326495,123.859494
8458,Sulawesi Utara,Kabupaten Bolaang Mongondow Selatan,Taman Laut Bilantungan,0.353089,123.937872
8459,Sulawesi Utara,Kabupaten Bolaang Mongondow Selatan,Taman Laut Bilantungan,-0.353089,123.937872
8460,Sulawesi Utara,Kabupaten Bolaang Mongondow Selatan,Taman Laut Biniha,0.346098,123.883779
8461,Sulawesi Utara,Kabupaten Bolaang Mongondow Selatan,Taman Laut Biniha,-0.346098,123.883779
8462,Sulawesi Utara,Kabupaten Bolaang Mongondow Selatan,Taman Laut Kuait Point,0.371869,123.98769
8463,Sulawesi Utara,Kabupaten Bolaang Mongondow Selatan,Taman Laut Lion,-0.307417,123.483845
8464,Sulawesi Utara,Kabupaten Bolaang Mongondow Selatan,Taman Laut Milangodaa,0.317166,123.726917
8465,Sulawesi Utara,Kabupaten Bolaang Mongondow Selatan,Taman Laut Milangodaa,-0.317166,123.726917
8466,Sulawesi Utara,Kabupaten Bolaang Mongondow Selatan,Taman Laut Soputa,0.331922,123.804055
8467,Sulawesi Utara,Kabupaten Bolaang Mongondow Selatan,Taman Laut Soputa,-0.331922,123.804055
8468,Sulawesi Utara,Kabupaten Bolaang Mongondow Selatan,Taman Laut Tanjung Tolu,-0.387946,124.208528
8469,Sulawesi Utara,Kabupaten Bolaang Mongondow Selatan,Wisata Mangrove Dudepo,-0.34998,123.919849
8470,Sulawesi Utara,Kabupaten Bolaang Mongondow Selatan,Wisata Mangrove Panango,-0.377361,124.045995
8471,Sulawesi Utara,Kabupaten Bolaang Mongondow Selatan,Wisata Mangrove Transpatoa,-0.330721,123.857543
8472,Sulawesi Utara,Kabupaten Bolaang Mongondow Selatan,Wisata Paralayang Bukit H2M,-0.418023,124.116533
8473,Sulawesi Utara,Kabupaten Bolaang Mongondow Selatan,Wisata Paralayang Bukit Limbato Berkah,0.331835,123.575993
8474,Sulawesi Utara,Kabupaten Bolaang Mongondow Selatan,Wisata Paralayang Bukit Limbato Berkah,-0.331835,123.575993
8475,Sulawesi Utara,Kabupaten Bolaang Mongondow Selatan,Wonderful Bolsel,0.375547,124.000332
8476,Sulawesi Utara,Kabupaten Bolaang Mongondow Selatan,Wonderful Bolsel,-0.375547,124.000332
8477,Sulawesi Utara,Kabupaten Bolaang Mongondow Timur,Air Terjun Badaro,-6.2297465,106.829518
8478,Sulawesi Utara,Kabupaten Bolaang Mongondow Timur,Air Terjun Liberia,0.754739,124.599792
8479,Sulawesi Utara,Kabupaten Bolaang Mongondow Timur,Air Terjun Matabulu,0.716839,124.59375
8480,Sulawesi Utara,Kabupaten Bolaang Mongondow Timur,Danau Mooat,0.749795,124.453812
8481,Sulawesi Utara,Kabupaten Bolaang Mongondow Timur,Danau Mooat,-6.2297465,106.829518
8482,Sulawesi Utara,Kabupaten Bolaang Mongondow Timur,Danau Tondok,0.751718,124.450859
8483,Sulawesi Utara,Kabupaten Bolaang Mongondow Timur,Pantai Batu Buaya,-6.2297465,106.829518
8484,Sulawesi Utara,Kabupaten Bolaang Mongondow Timur,Pantai Chimori,-6.2297465,106.829518
8485,Sulawesi Utara,Kabupaten Bolaang Mongondow Timur,Pantai Kotabunan,-6.2297465,106.829518
8486,Sulawesi Utara,Kabupaten Bolaang Mongondow Timur,Pantai Nuangan,-6.2297465,106.829518
8487,Sulawesi Utara,Kabupaten Bolaang Mongondow Timur,Pantai Tutuyan,0.757485,124.615448
8488,Sulawesi Utara,Kabupaten Bolaang Mongondow Timur,Pantai Woka,0.713612,124.585373
8489,Sulawesi Utara,Kabupaten Bolaang Mongondow Timur,Pantai Woka,-6.2297465,106.829518
8490,Sulawesi Utara,Kabupaten Bolaang Mongondow Timur,Pulau Kumeke,0.78131,124.649506
8491,Sulawesi Utara,Kabupaten Bolaang Mongondow Timur,Pulau Nanas,0.780898,124.653008
8492,Sulawesi Utara,Kabupaten Bolaang Mongondow Timur,Tanjung Silar,-6.2297465,106.829518
8493,Sulawesi Utara,Kabupaten Bolaang Mongondow Utara,Air Terjun Pontak,0.876769,123.266457
8494,Sulawesi Utara,Kabupaten Bolaang Mongondow Utara,Air Terjun Pontak,-6.2297465,106.829518
8495,Sulawesi Utara,Kabupaten Bolaang Mongondow Utara,Air Terjun Sidodadi,-6.2297465,106.829518
8496,Sulawesi Utara,Kabupaten Bolaang Mongondow Utara,Embung Desa Tote,0.8997566,123.3368983
8497,Sulawesi Utara,Kabupaten Bolaang Mongondow Utara,Makam Raja - Raja (Jere),0.910926,123.279343
8498,Sulawesi Utara,Kabupaten Bolaang Mongondow Utara,Mangrove Binuanga,-6.2297465,106.829518
8499,Sulawesi Utara,Kabupaten Bolaang Mongondow Utara,Nagara Swimming Pool,0.8868584,123.3704174
8500,Sulawesi Utara,Kabupaten Bolaang Mongondow Utara,Naulas Resort,0.8587009,123.3190069
8501,Sulawesi Utara,Kabupaten Bolaang Mongondow Utara,Pantai Air Belanda,0.9273947,123.25178
8502,Sulawesi Utara,Kabupaten Bolaang Mongondow Utara,Pantai Batu Meja,0.878271,123.668289
8503,Sulawesi Utara,Kabupaten Bolaang Mongondow Utara,Pantai Batu Pinagut,0.920548,123.269653
8504,Sulawesi Utara,Kabupaten Bolaang Mongondow Utara,Pantai Batu Pinagut,-6.2297465,106.829518
8505,Sulawesi Utara,Kabupaten Bolaang Mongondow Utara,Pantai Biontong,0.8809982,123.4766306
8506,Sulawesi Utara,Kabupaten Bolaang Mongondow Utara,Pantai Bundho Duini,0.9037208,123.0379989
8507,Sulawesi Utara,Kabupaten Bolaang Mongondow Utara,Pantai Bunga Indah,0.8862178,123.5266468
8508,Sulawesi Utara,Kabupaten Bolaang Mongondow Utara,Pantai Bunga Indah,-6.2297465,106.829518
8509,Sulawesi Utara,Kabupaten Bolaang Mongondow Utara,Pantai Mokente,0.8853566,123.6365551
8510,Sulawesi Utara,Kabupaten Bolaang Mongondow Utara,Pantai Mootame,0.9106199,123.1514506
8511,Sulawesi Utara,Kabupaten Bolaang Mongondow Utara,Pantai Nunuka,-6.2297465,106.829518
8512,Sulawesi Utara,Kabupaten Bolaang Mongondow Utara,Pantai Tanjung Dulang,0.9510738,123.2498646
8513,Sulawesi Utara,Kabupaten Bolaang Mongondow Utara,Pantai Tanjung Labuo,0.8960958,123.4576365
8514,Sulawesi Utara,Kabupaten Bolaang Mongondow Utara,Pantai Tinangoha,0.890479,123.484147
8515,Sulawesi Utara,Kabupaten Bolaang Mongondow Utara,Pantai Tinangoha,-6.2297465,106.829518
8516,Sulawesi Utara,Kabupaten Bolaang Mongondow Utara,Pantai Wakat,0.90303,123.356033
8517,Sulawesi Utara,Kabupaten Bolaang Mongondow Utara,Pulau Bongkil,1.0445464,123.1048571
8518,Sulawesi Utara,Kabupaten Bolaang Mongondow Utara,Pulau Keramat,0.9175494,123.1339529
8519,Sulawesi Utara,Kabupaten Bolaang Mongondow Utara,Situs Komalig R.S. Pontoh Kerajaan Kaidipang Besar,0.9053438,123.2656488
8520,Sulawesi Utara,Kabupaten Bolaang Mongondow Utara,Situs Komaling,-6.2297465,106.829518
8521,Sulawesi Utara,Kabupaten Bolaang Mongondow Utara,Tracking Mangrove Binuanga,0.8947689,123.4200281
8522,Sulawesi Utara,Kabupaten Bolaang Mongondow Utara,Tracking Mangrove Bolangitang 1,0.9077606,123.2922772
8523,Sulawesi Utara,Kabupaten Kepulauan Sangihe,Air Terjun Kadadima,3.4468,125.5978113
8524,Sulawesi Utara,Kabupaten Kepulauan Sangihe,Air Terjun Sura,3.6794975,125.4256118
8525,Sulawesi Utara,Kabupaten Kepulauan Sangihe,Hesang,3.4419628,125.5031141
8526,Sulawesi Utara,Kabupaten Kepulauan Sangihe,Kapehetang,3.4598293,125.4923673
8527,Sulawesi Utara,Kabupaten Kepulauan Sangihe,Kolam Mandi Manganitu ,3.5691809,125.5128036
8528,Sulawesi Utara,Kabupaten Kepulauan Sangihe,Kolam Teletubies,3.6206671,125.474138
8529,Sulawesi Utara,Kabupaten Kepulauan Sangihe,Lembah Kenari,3.5739781,125.512235
8530,Sulawesi Utara,Kabupaten Kepulauan Sangihe,Nawirahi,3.4341501,125.5417552
8531,Sulawesi Utara,Kabupaten Kepulauan Sangihe,Pantai Embuhanga,3.6426405,125.572149
8532,Sulawesi Utara,Kabupaten Kepulauan Sangihe,Pantai Kasaraeng,3.7909463,125.6023633
8533,Sulawesi Utara,Kabupaten Kepulauan Sangihe,Pantai Malahi,3.4877704,125.6665842
8534,Sulawesi Utara,Kabupaten Kepulauan Sangihe,Pantai Pananuareng,3.6238336,125.5834246
8535,Sulawesi Utara,Kabupaten Kepulauan Sangihe,Pantai Pesona,3.6335944,125.4304944
8536,Sulawesi Utara,Kabupaten Kepulauan Sangihe,Pantai Ria,3.6377827,125.4274961
8537,Sulawesi Utara,Kabupaten Kepulauan Sangihe,Pantai Sapaeng,3.5816171,125.577402
8538,Sulawesi Utara,Kabupaten Kepulauan Sangihe,Puncak Alfa,3.6303061,125.5032239
8539,Sulawesi Utara,Kabupaten Kepulauan Sangihe,Puncak Palenteng Lose,3.6217897,125.5235885
8540,Sulawesi Utara,Kabupaten Kepulauan Sangihe,Puncak Peding Bio,3.4353242,125.5351046
8541,Sulawesi Utara,Kabupaten Kepulauan Sangihe,Puncak Pusunge,3.6303061,125.5032239
8542,Sulawesi Utara,Kabupaten Kepulauan Sangihe,Tanjung Lelapide,3.4675088,125.4828743
8543,Sulawesi Utara,Kabupaten Kepulauan Sangihe,Teluk Talengen,3.5920522,125.5632911
8544,Sulawesi Utara,Kabupaten Kepulauan Talaud,Mangaramba Beach,4.1266523,126.7985337
8545,Sulawesi Utara,Kabupaten Kepulauan Talaud,Monumen Tuhan Yesus Raja memberkati,-6.2297465,106.829518
8546,Sulawesi Utara,Kabupaten Kepulauan Talaud,Wisata Lotta,3.8997367,126.7165378
8547,Sulawesi Utara,Kabupaten Kepulauan Talaud,Wisata Watumbarian Mentari,4.391695,126.7387463
8548,Sulawesi Utara,Kabupaten Minahasa,Angela Hot Spring,-6.2297465,106.829518
8549,Sulawesi Utara,Kabupaten Minahasa,Anos Swimming Pool,1.2659,124.898502
8550,Sulawesi Utara,Kabupaten Minahasa,Astound Hill,1.2536814775809964,124.89931323434483
8551,Sulawesi Utara,Kabupaten Minahasa,Benteng Moraya,1.290404,124.909176
8552,Sulawesi Utara,Kabupaten Minahasa,Bukit Kasih,1.1651639993387408,124.76572515975118
8553,Sulawesi Utara,Kabupaten Minahasa,Cagar Budaya Watu Pinawetengan,1.1592442878925426,124.77119200694723
8554,Sulawesi Utara,Kabupaten Minahasa,Camp james,1.2193941162795994,124.85901586686475
8555,Sulawesi Utara,Kabupaten Minahasa,D¡¯88 Resort,1.276774,124.886944
8556,Sulawesi Utara,Kabupaten Minahasa,D¡¯Moy Hot Spring,1.211811,124.855856
8557,Sulawesi Utara,Kabupaten Minahasa,"Gereja, Monumen, dan Makam Johan Gotlieb Schwarz",1.153556183480278,124.84003337521227
8558,Sulawesi Utara,Kabupaten Minahasa,Goa Jepang kawangkoan,1.2136712,124.7867911
8559,Sulawesi Utara,Kabupaten Minahasa,Kanzo Beach,1.245555494452051,125.0540876150309
8560,Sulawesi Utara,Kabupaten Minahasa,Ketama Adventure Park,1.2651322065530433,124.9366500097825
8561,Sulawesi Utara,Kabupaten Minahasa,Knaan Beach,1.2470931485193137,125.05426512046705
8562,Sulawesi Utara,Kabupaten Minahasa,Kolam Air Panas Om Nyong,1.287796,124.878466
8563,Sulawesi Utara,Kabupaten Minahasa,Kolam Marfel,1.287368,124.884905
8564,Sulawesi Utara,Kabupaten Minahasa,Kolam Pemancingan Delta Tetebesi,-6.2297465,106.829518
8565,Sulawesi Utara,Kabupaten Minahasa,Kolam Pemancingan Om Osi,1.140855,124.83701
8566,Sulawesi Utara,Kabupaten Minahasa,Lembah Pinus,1.266450860940676,124.93654686132446
8567,Sulawesi Utara,Kabupaten Minahasa,Makarios Hot Pool,1.292532392654661,124.89889205469207
8568,Sulawesi Utara,Kabupaten Minahasa,Ote - ote Batobo,1.270314,124.894086
8569,Sulawesi Utara,Kabupaten Minahasa,Pantai Manggatasik,1.3942336876384767,124.65809209174469
8570,Sulawesi Utara,Kabupaten Minahasa,Pantai New Triple M,1.2442066196607913,125.05339075851796
8571,Sulawesi Utara,Kabupaten Minahasa,Pemandian Air Panas Leilem,1.2660161132531857,124.81739001729395
8572,Sulawesi Utara,Kabupaten Minahasa,Poopo Hot Spring,1.272623,124.892661
8573,Sulawesi Utara,Kabupaten Minahasa,Rama Beach,1.2450159219819463,125.05384455980142
8574,Sulawesi Utara,Kabupaten Minahasa,Ranowangko Beach Resport,1.2088568148145808,125.04283047062151
8575,Sulawesi Utara,Kabupaten Minahasa,Summaro Endo,1.2344147473318399,124.86977863151799
8576,Sulawesi Utara,Kabupaten Minahasa,Taman Eman Sonder,1.255272,124.778776
8577,Sulawesi Utara,Kabupaten Minahasa,Uluna,1.2988786980300504,124.89233479836022
8578,Sulawesi Utara,Kabupaten Minahasa,View Point Danau Tondano,1.247203,124.897612
8579,Sulawesi Utara,Kabupaten Minahasa,Wawi Kadio,1.164952961674274,124.79616343724345
8580,Sulawesi Utara,Kabupaten Minahasa,Yayasan Insitut Seni Budaya SULUT,1.1834817351565148,124.79237055130167
8581,Sulawesi Utara,Kabupaten Minahasa Selatan,Agrowisata Modoinding,0.802035,124.453069
8582,Sulawesi Utara,Kabupaten Minahasa Selatan,Agrowisata Modoinding,-1.802383,124.452237
8583,Sulawesi Utara,Kabupaten Minahasa Selatan,Air Panas Pinaesaan,-0.932739,106.829518
8584,Sulawesi Utara,Kabupaten Minahasa Selatan,Air Panas Ranopaso Manamburi,-0.885571,124.44832
8585,Sulawesi Utara,Kabupaten Minahasa Selatan,Air Terjun Kuling-Kulung dan Tu'nan,-1.244132,124.744545
8586,Sulawesi Utara,Kabupaten Minahasa Selatan,Air terjun kulung-kulung,1.245321,124.743216
8587,Sulawesi Utara,Kabupaten Minahasa Selatan,Air Terjun Popontolen,1.241087,124.632803
8588,Sulawesi Utara,Kabupaten Minahasa Selatan,Air Terjun Popontolen,-1.269555,124.635516
8589,Sulawesi Utara,Kabupaten Minahasa Selatan,Air Terjun Takaan,-1.153573,124.578791
8590,Sulawesi Utara,Kabupaten Minahasa Selatan,Air Terjun Toley,-1.253314,124.630224
8591,Sulawesi Utara,Kabupaten Minahasa Selatan,Batu Dinding Kilo Tiga,1.15372,124.57879
8592,Sulawesi Utara,Kabupaten Minahasa Selatan,Benteng Portugis,1.185427,124.572712
8593,Sulawesi Utara,Kabupaten Minahasa Selatan,Bukit Doa Pinaling,-1.197902,124.625797
8594,Sulawesi Utara,Kabupaten Minahasa Selatan,Bukit Duluong,-0.773477,124.46523
8595,Sulawesi Utara,Kabupaten Minahasa Selatan,Bukit Sasayaban,1.17875,124.575564
8596,Sulawesi Utara,Kabupaten Minahasa Selatan,Bukit Sasayaban,-1.178464,124574977
8597,Sulawesi Utara,Kabupaten Minahasa Selatan,Cahaya Tatapaan,-1.278263,124.541367
8598,Sulawesi Utara,Kabupaten Minahasa Selatan,Gunung Negeri di Atas Awan,-0.962784,124.467447
8599,Sulawesi Utara,Kabupaten Minahasa Selatan,Gunung Payung,0.956345,124.465529
8600,Sulawesi Utara,Kabupaten Minahasa Selatan,Impit Adventure Park,1.285844,124.65024
8601,Sulawesi Utara,Kabupaten Minahasa Selatan,Impit Adventure Park,-1.276804,124.638603
8602,Sulawesi Utara,Kabupaten Minahasa Selatan,Kampoeng Wisata Modoinding,0.809129,124.456273
8603,Sulawesi Utara,Kabupaten Minahasa Selatan,Lelema House,-1.287444,124.651454
8604,Sulawesi Utara,Kabupaten Minahasa Selatan,Pantai Alar,-1.215316,124.594964
8605,Sulawesi Utara,Kabupaten Minahasa Selatan,Pantai Moinit,1.18473,124.490491
8606,Sulawesi Utara,Kabupaten Minahasa Selatan,Pantai Moinit,-1.184813,124.490583
8607,Sulawesi Utara,Kabupaten Minahasa Selatan,Pantai Molinow,-1.186158,124.455029
8608,Sulawesi Utara,Kabupaten Minahasa Selatan,Pantai Perjuangan Matani,-1.257466,124.604042
8609,Sulawesi Utara,Kabupaten Minahasa Selatan,Pantai Tanjung Mobongo,-1.206694,124.548153
8610,Sulawesi Utara,Kabupaten Minahasa Selatan,Pantai Teletabis ,-1.108256,124.341414
8611,Sulawesi Utara,Kabupaten Minahasa Selatan,Pantai Wawontulap,-1.320508,124.516334
8612,Sulawesi Utara,Kabupaten Minahasa Selatan,RTP Amurang,1.184542,124.572626
8613,Sulawesi Utara,Kabupaten Minahasa Selatan,Rumah batu,-0.932738,124.454589
8614,Sulawesi Utara,Kabupaten Minahasa Selatan,Watu Tiwa Toar Lumimuut,-0.932738,124.454589
8615,Sulawesi Utara,Kabupaten Minahasa Selatan,Wisata Arung Jeram Kilometer Tiga,-1.152573,124.578791
8616,Sulawesi Utara,Kabupaten Minahasa Selatan,Wisata Batu Dinding Kilometer Tiga,-1.153573,124.578791
8617,Sulawesi Utara,Kabupaten Minahasa Selatan,Wisata Desa Maliku,-1.024416,124.670724
8618,Sulawesi Utara,Kabupaten Minahasa Selatan,Wisata Mangrove Sondaken,-1.361017,124.546786
8619,Sulawesi Utara,Kabupaten Minahasa Tenggara,Aer Konde,1.0414139917633478,124.80340950095189
8620,Sulawesi Utara,Kabupaten Minahasa Tenggara,Aer Konde,-1.0414139917633478,124.80340950095189
8621,Sulawesi Utara,Kabupaten Minahasa Tenggara,Air Panas Kelewaha,-1.088006190818128,124.6406449232934
8622,Sulawesi Utara,Kabupaten Minahasa Tenggara,Angel Waterpark Rasi,1.0444295832670945,124.7754649412264
8623,Sulawesi Utara,Kabupaten Minahasa Tenggara,Angel waterpark rasi,-1.0444295832670945,124.7754649412264
8624,Sulawesi Utara,Kabupaten Minahasa Tenggara,D'Jtos Swimming Pool,1.0550513766084582,124.79713989112113
8625,Sulawesi Utara,Kabupaten Minahasa Tenggara,Danau Bulilin,1.0443896292363326,124.67493133788811
8626,Sulawesi Utara,Kabupaten Minahasa Tenggara,Danau Bulilin,-1.048679252774409,124.67932814461304
8627,Sulawesi Utara,Kabupaten Minahasa Tenggara,Danau Seledan,1.048679252774409,124.67932814461304
8628,Sulawesi Utara,Kabupaten Minahasa Tenggara,D¡¯jtos Swimming Pool,-1.0550513766084582,124.79713989112113
8629,Sulawesi Utara,Kabupaten Minahasa Tenggara,Felcidero Swimming Pool,0.9887299432684264,124.795152125583
8630,Sulawesi Utara,Kabupaten Minahasa Tenggara,Felcidero Swimming Pool,-0.9887299432684264,124.795152125583
8631,Sulawesi Utara,Kabupaten Minahasa Tenggara,Kebun raya Megawati Soekarno Putri,0.9730953472585855,124.90232237143366
8632,Sulawesi Utara,Kabupaten Minahasa Tenggara,Kebun raya Megawati Soekarno Putri,-0.9730953472585855,124.90232237143366
8633,Sulawesi Utara,Kabupaten Minahasa Tenggara,Kolam Kawiwi Indah,1.0591256,124.7962392
8634,Sulawesi Utara,Kabupaten Minahasa Tenggara,Lesung Batu Ratu Oki,-1.041595518832125,124.68023691464484
8635,Sulawesi Utara,Kabupaten Minahasa Tenggara,Pantai Lakban,0.8494649861197485,124.70867787115081
8636,Sulawesi Utara,Kabupaten Minahasa Tenggara,Pantai Lakban,-0.8494649861197485,124.70867787115081
8637,Sulawesi Utara,Kabupaten Minahasa Tenggara,Pantai Mega Minanga,0.9702417203530053,124.86065765795095
8638,Sulawesi Utara,Kabupaten Minahasa Tenggara,Pulau Baling-baling,-0.9605481657943339,124.90182396587954
8639,Sulawesi Utara,Kabupaten Minahasa Tenggara,Pulau Bentenan,-0.9730953472585855,124.90232237143366
8640,Sulawesi Utara,Kabupaten Minahasa Tenggara,Pulau Bohoi Besar,-0.9220471511291917,124.79009408921245
8641,Sulawesi Utara,Kabupaten Minahasa Tenggara,Pulau Punten,-0.9539913186278629,124.87961923592391
8642,Sulawesi Utara,Kabupaten Minahasa Tenggara,Pulau Salimburung,-0.8903195962326047,124.78197658477453
8643,Sulawesi Utara,Kabupaten Minahasa Tenggara,Puncak Keletambal,-1.0879632832116848,124.64115990738922
8644,Sulawesi Utara,Kabupaten Minahasa Tenggara,Taman Salak Pangu,1.0747428724789152,124.8136262774241
8645,Sulawesi Utara,Kabupaten Minahasa Tenggara,Tracking Gunung Potong,-1.1147806435171528,124.80046322936587
8646,Sulawesi Utara,Kabupaten Minahasa Tenggara,Waterpark Silora,1.0665818636543085,124.64734045616139
8647,Sulawesi Utara,Kabupaten Minahasa Tenggara,Waterpark Silora,-1.0657974935248569,124.64726257538425
8648,Sulawesi Utara,Kabupaten Minahasa Tenggara,Wisata Kebun Salak Pangu,-1.0747428724789152,124.8136262774241
8649,Sulawesi Utara,Kabupaten Minahasa Tenggara,Wisata Tracking Gunung Potong,1.1147806435171528,124.80046322936587
8650,Sulawesi Utara,Kabupaten Minahasa Utara,Air Terjun Batu,-6.2297465,106.829518
8651,Sulawesi Utara,Kabupaten Minahasa Utara,Air Terjun Masongsor,1.32695,125.019931
8652,Sulawesi Utara,Kabupaten Minahasa Utara,Air Terjun Paseki,-6.2297465,106.829518
8653,Sulawesi Utara,Kabupaten Minahasa Utara,Air Terjun Tunan,1.568521,124.972862
8654,Sulawesi Utara,Kabupaten Minahasa Utara,Air Terjun Tunan,-6.2297465,106.829518
8655,Sulawesi Utara,Kabupaten Minahasa Utara,Batu Besare,-6.2297465,106.829518
8656,Sulawesi Utara,Kabupaten Minahasa Utara,Bendungan Kuwil Kawangkoan,1.446348,124.932209
8657,Sulawesi Utara,Kabupaten Minahasa Utara,Bukit Gangga,-6.2297465,106.829518
8658,Sulawesi Utara,Kabupaten Minahasa Utara,Bukit Larata,-6.2297465,106.829518
8659,Sulawesi Utara,Kabupaten Minahasa Utara,Bukit Pulau Bangka,-6.2297465,106.829518
8660,Sulawesi Utara,Kabupaten Minahasa Utara,Gereja Tua Malak,1.485107,124.973909
8661,Sulawesi Utara,Kabupaten Minahasa Utara,Goa Jepang Sawangan,-6.2297465,106.829518
8662,Sulawesi Utara,Kabupaten Minahasa Utara,Goa Jepang Sawangan,-6.2297465,106.829518
8663,Sulawesi Utara,Kabupaten Minahasa Utara,Hutan Mangrove Budo,-6.2297465,106.829518
8664,Sulawesi Utara,Kabupaten Minahasa Utara,Kolam Sellarya Puma,-6.2297465,106.829518
8665,Sulawesi Utara,Kabupaten Minahasa Utara,Makam Pahlawan Maria Walanda Maramis,1.480532,124.905433
8666,Sulawesi Utara,Kabupaten Minahasa Utara,Mimpi Pool,1.477977,124.891075
8667,Sulawesi Utara,Kabupaten Minahasa Utara,Pantai Kinunang,-6.2297465,106.829518
8668,Sulawesi Utara,Kabupaten Minahasa Utara,Pantai Maleo koki,1.322312,125.06622
8669,Sulawesi Utara,Kabupaten Minahasa Utara,Pantai Nain,-6.2297465,106.829518
8670,Sulawesi Utara,Kabupaten Minahasa Utara,Pantai Paal,-6.2297465,106.829518
8671,Sulawesi Utara,Kabupaten Minahasa Utara,Pantai Pulau Bangka,-6.2297465,106.829518
8672,Sulawesi Utara,Kabupaten Minahasa Utara,Pantai Pulau Lihaga,-6.2297465,106.829518
8673,Sulawesi Utara,Kabupaten Minahasa Utara,Pantai Pulau Paniki,-6.2297465,106.829518
8674,Sulawesi Utara,Kabupaten Minahasa Utara,Pantai Pulisan,-6.2297465,106.829518
8675,Sulawesi Utara,Kabupaten Minahasa Utara,Pantai Tambun,-6.2297465,106.829518
8676,Sulawesi Utara,Kabupaten Minahasa Utara,Taman Purbakala Waruga Sawangan,1.391867,124.965023
8677,Sulawesi Utara,Kabupaten Minahasa Utara,Waruga Airmadidi,1.419815,124.975969
8678,Sulawesi Utara,Kabupaten Minahasa Utara,Waruga Kokole,-6.2297465,106.829518
8679,Sulawesi Utara,Kabupaten Minahasa Utara,Waruga Maumbi,-6.2297465,106.829518
8680,Sulawesi Utara,Kabupaten Minahasa Utara,Waruga Sawangan,-6.2297465,106.829518
8681,Sulawesi Utara,Kabupaten Minahasa Utara,Wisata Hutan Mangrove Desa Budo ,1627,124.879935
8682,Sulawesi Utara,Kabupaten Siau Tagulandang Biaro,Akesio,2.7500462,125.3828328
8683,Sulawesi Utara,Kabupaten Siau Tagulandang Biaro,Batu Minanga,2.3589255,125.4191407
8684,Sulawesi Utara,Kabupaten Siau Tagulandang Biaro,Batu Siau,2.75092,125.3824547
8685,Sulawesi Utara,Kabupaten Siau Tagulandang Biaro,Danau Kapeta,2.6538888,125.3901341
8686,Sulawesi Utara,Kabupaten Siau Tagulandang Biaro,Danau Makalehi,2.736747,125.1677131
8687,Sulawesi Utara,Kabupaten Siau Tagulandang Biaro,Gua Tengkorak Misterius Makalehi,2.7272229,125.1624672
8688,Sulawesi Utara,Kabupaten Siau Tagulandang Biaro,Gunung Api Karangetang,2.7808332,125.3979118
8689,Sulawesi Utara,Kabupaten Siau Tagulandang Biaro,Gunung Tamata,2.7180555,125.3737452
8690,Sulawesi Utara,Kabupaten Siau Tagulandang Biaro,Hutan Bakau Tanaki,2.6398695,125.4029485
8691,Sulawesi Utara,Kabupaten Siau Tagulandang Biaro,Limangu Diving Center,2.7386976,125.3965253
8692,Sulawesi Utara,Kabupaten Siau Tagulandang Biaro,Makam Korban Pembantaian Masal Tentara Jepang,2.7272229,125.1624672
8693,Sulawesi Utara,Kabupaten Siau Tagulandang Biaro,Makam Misionaris Frederick Kelling,2.3494225,125.3748142
8694,Sulawesi Utara,Kabupaten Siau Tagulandang Biaro,Makam Misionaris Paul Kelling,2.743661,125.3974417
8695,Sulawesi Utara,Kabupaten Siau Tagulandang Biaro,Makam Panglima Hengkeng u Naung,2.7758055,125.3773588
8696,Sulawesi Utara,Kabupaten Siau Tagulandang Biaro,Makam Panglima Walandungo,2.328062,125.4048641
8697,Sulawesi Utara,Kabupaten Siau Tagulandang Biaro,Makam Raja Aling Janis,2.7297765,125.4060533
8698,Sulawesi Utara,Kabupaten Siau Tagulandang Biaro,Makam Raja Anthony Jafet Kansil Bogar,2.743661,125.3974417
8699,Sulawesi Utara,Kabupaten Siau Tagulandang Biaro,Makam Raja H.P.H. Jacobs,2.3372404,125.3924987
8700,Sulawesi Utara,Kabupaten Siau Tagulandang Biaro,Makam Raja Ismail Jacobus,2.7217605,125.3627627
8701,Sulawesi Utara,Kabupaten Siau Tagulandang Biaro,Makam Raja Lokongbanua,2.7263228,125.3604143
8702,Sulawesi Utara,Kabupaten Siau Tagulandang Biaro,Makam Raja Manalang Dulag-Kansil,2.743661,125.3974417
8703,Sulawesi Utara,Kabupaten Siau Tagulandang Biaro,Makam Raja Winsulangi,2.733941,125.3624672
8704,Sulawesi Utara,Kabupaten Siau Tagulandang Biaro,Monumen Adikarya,2.7315337,125.1705987
8705,Sulawesi Utara,Kabupaten Siau Tagulandang Biaro,Monumen Kedaulatan NKRI,2.7315337,125.1705987
8706,Sulawesi Utara,Kabupaten Siau Tagulandang Biaro,Monumen Merah Putih,2.6882619,125.3740358
8707,Sulawesi Utara,Kabupaten Siau Tagulandang Biaro,Monumen Pala,2.7217605,125.3627627
8708,Sulawesi Utara,Kabupaten Siau Tagulandang Biaro,Monumen Salak,2.3464974,125.4159437
8709,Sulawesi Utara,Kabupaten Siau Tagulandang Biaro,Monumen SITARO,2.743661,125.3974417
8710,Sulawesi Utara,Kabupaten Siau Tagulandang Biaro,Museum,2.743661,125.3974417
8711,Sulawesi Utara,Kabupaten Siau Tagulandang Biaro,Paaljawa Paseng,2.70241,125.3683936
8712,Sulawesi Utara,Kabupaten Siau Tagulandang Biaro,Pantai Bira - Lamanggo,2.1276174,125.3577365
8713,Sulawesi Utara,Kabupaten Siau Tagulandang Biaro,Pantai Bulangan,2.3718627,125.4294314
8714,Sulawesi Utara,Kabupaten Siau Tagulandang Biaro,Pantai Kalakuhi,2.1016845,125.3544724
8715,Sulawesi Utara,Kabupaten Siau Tagulandang Biaro,Pantai Kisihang,2.3261903,125.4421614
8716,Sulawesi Utara,Kabupaten Siau Tagulandang Biaro,Pantai Lehi,2.7564027,125.3661733
8717,Sulawesi Utara,Kabupaten Siau Tagulandang Biaro,Pantai Mahoro,2.6510621,125.4701503
8718,Sulawesi Utara,Kabupaten Siau Tagulandang Biaro,Pantai Manumpitaeng,2.65569,125.4665766
8719,Sulawesi Utara,Kabupaten Siau Tagulandang Biaro,Pantai Pahepa,2.6535919,124.1975499
8720,Sulawesi Utara,Kabupaten Siau Tagulandang Biaro,Pantai Talawid,2.6596194,125.3840896
8721,Sulawesi Utara,Kabupaten Siau Tagulandang Biaro,Pantai Tanganga,2.6358311,125.4147675
8722,Sulawesi Utara,Kabupaten Siau Tagulandang Biaro,Pantai Tawara,2.3261903,125.4421614
8723,Sulawesi Utara,Kabupaten Siau Tagulandang Biaro,Pantai Timba Ko,2.792966,125.4063178
8724,Sulawesi Utara,Kabupaten Siau Tagulandang Biaro,Pantai Timbako,-6.2297465,106.829518
8725,Sulawesi Utara,Kabupaten Siau Tagulandang Biaro,Pantai Tumora,2.1016079,125.3603552
8726,Sulawesi Utara,Kabupaten Siau Tagulandang Biaro,Patung Tuhan Yesus Memberkati,2.3413615,125.3809671
8727,Sulawesi Utara,Kabupaten Siau Tagulandang Biaro,Perkebunan Pala,2.7223075,125.337589
8728,Sulawesi Utara,Kabupaten Siau Tagulandang Biaro,Perkebunan Salak,2.3464974,125.4159437
8729,Sulawesi Utara,Kabupaten Siau Tagulandang Biaro,Pulau Pasige,2.3558332,125.2920785
8730,Sulawesi Utara,Kabupaten Siau Tagulandang Biaro,Siau Divers,2.7328848,125.3592763
8731,Sulawesi Utara,Kabupaten Siau Tagulandang Biaro,Tanjung (Tonggeng) Napoto,2.3416879,125.4430557
8732,Sulawesi Utara,Kabupaten Siau Tagulandang Biaro,Teluk Buang,2.0706943,125.3442341
8733,Sulawesi Utara,Kabupaten Siau Tagulandang Biaro,Teluk Tope,2.0959455,125.3424027
8734,Sulawesi Utara,Kabupaten Siau Tagulandang Biaro,Timbako Hotspring Beach,2.784945,125.3991578
8735,Sulawesi Utara,Kabupaten Siau Tagulandang Biaro,"Tonggeng Natutung, Pulau Ruang",2.3088888,125.356523
8736,Sulawesi Utara,Kabupaten Siau Tagulandang Biaro,Tonggeng Singkaha,2.653611,125.3662452
8737,Sulawesi Utara,Kabupaten Siau Tagulandang Biaro,Tugu Lohoraung,2.328062,125.4048641
8738,Sulawesi Utara,Kota Bitung,Aer Ujang,1.458235042877965,125.12621737395347
8739,Sulawesi Utara,Kota Bitung,Batu Angus Beach,1.510806,125.245139
8740,Sulawesi Utara,Kota Bitung,Batu Putih Beach,1.5718581271730767,125.16366119206806
8741,Sulawesi Utara,Kota Bitung,Benteng Beach,1.5914782649328845,125.15453703275527
8742,Sulawesi Utara,Kota Bitung,Cagar Alam Batu Angus,1.510111,125.232444
8743,Sulawesi Utara,Kota Bitung,Camping Ground Batu Putih,1.5693169101577402,125.1617597982524
8744,Sulawesi Utara,Kota Bitung,Goa Pantai Kecil Batu Putih,1.596330627628086,125.15498649929535
8745,Sulawesi Utara,Kota Bitung,Gunung Batu Angus,1.510111,125.232444
8746,Sulawesi Utara,Kota Bitung,Hutan Kota Negeri Adat Danowudu,1.4768449763070584,125.12938745238124
8747,Sulawesi Utara,Kota Bitung,Hutan Kota Negeri Adat Danowudu,1.4582465310908366,125.12614282316164
8748,Sulawesi Utara,Kota Bitung,Kolam Renang Mutiara Sagerat,1.429056,125.10875
8749,Sulawesi Utara,Kota Bitung,Mata Air Aer Ujang,1.4582465310908366,125.12614282316164
8750,Sulawesi Utara,Kota Bitung,Monumen Alfred Russel Wallace,1.5676531655902093,125.16703929885009
8751,Sulawesi Utara,Kota Bitung,Monumen Trikora,1.4321129666207748,125.19767437113927
8752,Sulawesi Utara,Kota Bitung,Pantai Benteng Resort,1.5917362072908674,125.1545498024325
8753,Sulawesi Utara,Kota Bitung,Pantai Kanada,1.5977895873261894,125.15382097830437
8754,Sulawesi Utara,Kota Bitung,Pantai Raewaya,1.5017485026661457,125.24101392086244
8755,Sulawesi Utara,Kota Bitung,Pantai Tanjung Merah KIA,1.4017797000671335,125.11838538367347
8756,Sulawesi Utara,Kota Bitung,Pantai Walet Kasawari,1.5030685307561336,125.24071767380546
8757,Sulawesi Utara,Kota Bitung,Pante Kecil dan Goa,1.5984838216513124,125.14909761867442
8758,Sulawesi Utara,Kota Bitung,Parom Waterfall,1.460861,125.119333
8759,Sulawesi Utara,Kota Bitung,Sie Fan You Waterpark,1.438905740628017,125.12296898475748
8760,Sulawesi Utara,Kota Bitung,Taman Binatang Tandu Rusa,1.4550593648486694,125.21199309156528
8761,Sulawesi Utara,Kota Bitung,Tugu Jepang,1.421783431311588,125.12014121773014
8762,Sulawesi Utara,Kota Bitung,Water Blessings Danowudu,1.474056,125.128806
8763,Sulawesi Utara,Kota Kotamobagu,AIR TERJUN BOLIAGONAN,0.710574,124.318075
8764,Sulawesi Utara,Kota Kotamobagu,Air Terjun Molipungan,0.64598,124.240664
8765,Sulawesi Utara,Kota Kotamobagu,AIR TERJUN MOLIPUNGAN,0.71075,124.338559
8766,Sulawesi Utara,Kota Kotamobagu,AIR TERJUN MONGKONAI,0.74043,124.202198
8767,Sulawesi Utara,Kota Kotamobagu,Bukit Bambe'an,0.75532,124.346917
8768,Sulawesi Utara,Kota Kotamobagu,BUKIT BAMBE'AN ,0.732072,124.304103
8769,Sulawesi Utara,Kota Kotamobagu,Gereja Tua GMIBM,0.742144,124.314436
8770,Sulawesi Utara,Kota Kotamobagu,GEREJA TUA GMIBM,0.7420945,124.3146459
8771,Sulawesi Utara,Kota Kotamobagu,Hutan Kota Bonawang,0.73991,124.28241
8772,Sulawesi Utara,Kota Kotamobagu,HUTAN KOTA BONAWANG,0.740058,124.282382
8773,Sulawesi Utara,Kota Kotamobagu,KAWASAN BATU PUTIH MALELANG,0.75954,124.283891
8774,Sulawesi Utara,Kota Kotamobagu,Kelenteng Tian Shan Sheng Mu,0.741028,124.288323
8775,Sulawesi Utara,Kota Kotamobagu,KLENTENG TIAN SHANG SENG MU,0.7404911,124.2881298
8776,Sulawesi Utara,Kota Kotamobagu,KOLAM BANYU ANGET,0.72151,124.31726
8777,Sulawesi Utara,Kota Kotamobagu,KOLAM RENANG ARTABANYU,0.72808,124.32834
8778,Sulawesi Utara,Kota Kotamobagu,MAKAM RAJA ABO TADOHE,0.75297,124.32723
8779,Sulawesi Utara,Kota Kotamobagu,MAKAM RAJA DATU BINANGKANG,0.72439,124.31993
8780,Sulawesi Utara,Kota Kotamobagu,MAKAM RAJA DATU CORNELESS MANOPPO,0.72146,124.30914
8781,Sulawesi Utara,Kota Kotamobagu,Makam Raja Datu' Binangkang,0.724537,124.319945
8782,Sulawesi Utara,Kota Kotamobagu,Makam Raja Tadohe,0.75333,124.327323
8783,Sulawesi Utara,Kota Kotamobagu,MASJID AGUNG RAYA BAITUL MAKMUR,0.742048,124.311523
8784,Sulawesi Utara,Kota Kotamobagu,Masjid Al Huda,0.71739,124.321662
8785,Sulawesi Utara,Kota Kotamobagu,MASJID TERTUA AL-HUDA DESA KOPANDAKAN,0.7101,"124,289"
8786,Sulawesi Utara,Kota Kotamobagu,PAKDE PARK & SWIMMING POOL,0.71951,124.27993
8787,Sulawesi Utara,Kota Kotamobagu,PATUNG BOGANI,0.74016,124.31781
8788,Sulawesi Utara,Kota Kotamobagu,PURA JAGAD NATHA,0.60547,124.0527
8789,Sulawesi Utara,Kota Kotamobagu,Pura Jagadnatha,0.728953,124.30448
8790,Sulawesi Utara,Kota Kotamobagu,RUMAH ADAT KINUYUNGAN,0.76964,124.32616
8791,Sulawesi Utara,Kota Kotamobagu,RUMAH ADAT KOMALIG,0.75728,124.28017
8792,Sulawesi Utara,Kota Manado,Air Terjun Kima Atas,1.556809,124.897059
8793,Sulawesi Utara,Kota Manado,BATU KUANGANG,1.44009,124.800973
8794,Sulawesi Utara,Kota Manado,CITRALAND WATER PARK ,1.441969,124.84723
8795,Sulawesi Utara,Kota Manado,Dermaga Wisata Bunaken,1.596328,124.782056
8796,Sulawesi Utara,Kota Manado,Gelanggang Olahraga KONI,1.471444,124.83548
8797,Sulawesi Utara,Kota Manado,GEREJA SENTRUM,1.490132,124.841076
8798,Sulawesi Utara,Kota Manado,GMIM sentrum,1.490132,124.841076
8799,Sulawesi Utara,Kota Manado,GPI WATER PARK,1.531131,124.921491
8800,Sulawesi Utara,Kota Manado,HUTAN MANGROVE BAHOWO,1.58113,124.81949
8801,Sulawesi Utara,Kota Manado,Jembatan Soekarno,1.496598,124.839835
8802,Sulawesi Utara,Kota Manado,JEMBATAN SOEKARNO ,1.496654,124.839764
8803,Sulawesi Utara,Kota Manado,KAWASAN BOULEVARD,1.470406,124.831579
8804,Sulawesi Utara,Kota Manado,KAWASAN KULINER JALAN RODA,1.492646,124.842548
8805,Sulawesi Utara,Kota Manado,Malalayang Beach Walk,1.463031,124.824214
8806,Sulawesi Utara,Kota Manado,Monumen Lilin,1.494624,124.838151
8807,Sulawesi Utara,Kota Manado,Monumen Pendaratan Batalyon Worang,1.492134,124.839685
8808,Sulawesi Utara,Kota Manado,MUSEUM SULAWESI UTARA,1.4883,124.844662
8809,Sulawesi Utara,Kota Manado,Patung Yesus Memberkati,1.438396,124.847741
8810,Sulawesi Utara,Kota Manado,PATUNG YESUS MEMBERKATI,1.438396,124.847741
8811,Sulawesi Utara,Kota Manado,PULAU BUNAKEN,1.619662,124.765914
8812,Sulawesi Utara,Kota Manado,PULAU MANADO TUA,1.63145,124.70225
8813,Sulawesi Utara,Kota Manado,Taman Berkat (God Bless Park),-1.467403,124.829036
8814,Sulawesi Utara,Kota Manado,TAMAN HUTAN GN. TUMPA,1.56643,124.84481
8815,Sulawesi Utara,Kota Manado,TAMAN HUTAN GN. TUMPA,1.56643,124.84481
8816,Sulawesi Utara,Kota Manado,Taman Hutan Raya Gunung Tumpa,1.56643,124.844881
8817,Sulawesi Utara,Kota Manado,Taman Kesatuan Bangsa,1.49248,124.840908
8818,Sulawesi Utara,Kota Manado,Taman Laut Nasional Bunaken,1.620881,124.754691
8819,Sulawesi Utara,Kota Manado,TELUK PESISIR MALALAYANG,1.46096,124.79189
8820,Sulawesi Utara,Kota Manado,Tugu Adipura,1.52826,124.921061
8821,Sulawesi Utara,Kota Manado,TUGU BOBOCA MANADO,1.46195,124.78223
8822,Sulawesi Utara,Kota Manado,TUGU LILIN ,1.494624,124.838151
8823,Sulawesi Utara,Kota Manado,VELD BOX,1.46026,124.84317
8824,Sulawesi Utara,Kota Manado,Wisata Kuliner Wakeke,1.48593,124.83859
8825,Sulawesi Utara,Kota Manado,WISATA KULINER WAKEKE ,1.48593,124.83859
8826,Sulawesi Utara,Kota Manado,Zero Point,1.490729,124.839127
8827,Sulawesi Utara,Kota Tomohon,Air Terjun Tekaan Telu,1.37633,124.83377
8828,Sulawesi Utara,Kota Tomohon,AIR TERJUN TEKAAN TELU ,1.37633,124.83377
8829,Sulawesi Utara,Kota Tomohon,AIR TERJUN TUMIMPERAS ,1.2955,124.7806
8830,Sulawesi Utara,Kota Tomohon,AMPHITHEATER WOLOAN ,1.32211,124.81064
8831,Sulawesi Utara,Kota Tomohon,Bukit Doa Mahawu,-6.2297465,106.829518
8832,Sulawesi Utara,Kota Tomohon,Cartenz Hills,-6.2297465,106.829518
8833,Sulawesi Utara,Kota Tomohon,D¡¯LINOW RESORT ,1.27083,124.82347
8834,Sulawesi Utara,Kota Tomohon,D¡¯LOKON ,1.35509,124.80999
8835,Sulawesi Utara,Kota Tomohon,GEREJA HATI KUDUS YESUS ,1.3222,124.83827
8836,Sulawesi Utara,Kota Tomohon,Gereja Sion,1.32667,124.83932
8837,Sulawesi Utara,Kota Tomohon,GEREJA SION ,1.32667,124.83932
8838,Sulawesi Utara,Kota Tomohon,GUNUNG EMPUNG ,1.37578,124.80427
8839,Sulawesi Utara,Kota Tomohon,GUNUNG LOKON ,1.35543,124.79558
8840,Sulawesi Utara,Kota Tomohon,GUNUNG MAHAWU ,1.35466,124.86241
8841,Sulawesi Utara,Kota Tomohon,Hidden Gem,1.265635,124.826629
8842,Sulawesi Utara,Kota Tomohon,Hutan Pinus  Lahendong,-6.2297465,106.829518
8843,Sulawesi Utara,Kota Tomohon,Menara Alfa Omega,1.32699,124.84164
8844,Sulawesi Utara,Kota Tomohon,MENARA ALFA OMEGA,1.32699,124.84164
8845,Sulawesi Utara,Kota Tomohon,NARWASTU HILLS ,1.30244,124.84658
8846,Sulawesi Utara,Kota Tomohon,Pagoda Ekayana,1.34805,124.83779
8847,Sulawesi Utara,Kota Tomohon,PAGODA EKAYANA ,1.34805,124.83779
8848,Sulawesi Utara,Kota Tomohon,Puncak Kai Santi,1.322296,124.8029
8849,Sulawesi Utara,Kota Tomohon,PUNCAK KAI SANTI,1.3217,124.8032
8850,Sulawesi Utara,Kota Tomohon,RUMAH PANGGUNG WOLOAN ,1.32162,124.82901
8851,Sulawesi Utara,Kota Tomohon,SANTI LINOW ,1.26549,124.82677
8852,Sulawesi Utara,Kota Tomohon,SHOW WINDOW ,1.35283,124.82256
8853,Sulawesi Utara,Kota Tomohon,TAMAN PELANGI ,1.35356,124.81007
8854,Sulawesi Utara,Kota Tomohon,TUUR MA¡¯SERING,1.35362,124.88009
8855,Sulawesi Utara,Kota Tomohon,VALENTINE HILLS ,1.32297,124.80369
8856,Sulawesi Utara,Kota Tomohon,Wale Ne Reyden,1.339874,124.855147
8857,Sumatera Barat,Kabupaten Agam,AGRO WISATA KOTO GADANG,-0.228729,100.415641
8858,Sumatera Barat,Kabupaten Agam,Ambun Tanai,-0.298595,100.249111
8859,Sumatera Barat,Kabupaten Agam,AMBUN TANAI AMBUN PAGI,-0.301819,100.248704
8860,Sumatera Barat,Kabupaten Agam,ARUNG JERAM SIMARASOK,-6.2297465,106.829518
8861,Sumatera Barat,Kabupaten Agam,bandar mutiara,-0.339039,99.951876
8862,Sumatera Barat,Kabupaten Agam,BANTOROYO,-0.29911,100.377802
8863,Sumatera Barat,Kabupaten Agam,BUNGA RAFLESIA ARNOLDI ,-0.320054,100.400484
8864,Sumatera Barat,Kabupaten Agam,CINGKOLA SAHATI,-0.321159,100.417012
8865,Sumatera Barat,Kabupaten Agam,DANGNAU PASANGAN,-0.353182,100.331005
8866,Sumatera Barat,Kabupaten Agam,Desa Wisata Simarasok,-0.255393,100.493327
8867,Sumatera Barat,Kabupaten Agam,EKO WISATA LASI,-0.34027,100.395752
8868,Sumatera Barat,Kabupaten Agam,GREN HOUSE LAZATA,-0.3627,100.386824
8869,Sumatera Barat,Kabupaten Agam,IKAN SAKTI SUNGAI JANIAH,-0.280762,100.439796
8870,Sumatera Barat,Kabupaten Agam,KAPA TOMAN,-0.296811,100.344238
8871,Sumatera Barat,Kabupaten Agam,LAWANG PARK,-0.300102,100.272279
8872,Sumatera Barat,Kabupaten Agam,Linggai park,-0.254323,100.193861
8873,Sumatera Barat,Kabupaten Agam,LOEBAS WISATA,-0.307725,100.031837
8874,Sumatera Barat,Kabupaten Agam,LUAK GADANG BUKIK BAKA,-0.324821,100.409351
8875,Sumatera Barat,Kabupaten Agam,Museum Rumah Kelahiran Buya Hamka,-0.355732,100.218302
8876,Sumatera Barat,Kabupaten Agam,Pantai Bandar Mutiara,-0.414198,99.937278
8877,Sumatera Barat,Kabupaten Agam,Pantai Pasia Tiku,-0.402824,99.91362
8878,Sumatera Barat,Kabupaten Agam,Pantai Pasia Tiku,-0.402688,99.914764
8879,Sumatera Barat,Kabupaten Agam,Pantai Torpedo,-0.364744,99.904673
8880,Sumatera Barat,Kabupaten Agam,Sajuta Janjang Lereng Singgalang,-0.356075,100.352571
8881,Sumatera Barat,Kabupaten Agam,SAJUTA JANJANG PAKAN SANAYAN,-0.302213,100.364793
8882,Sumatera Barat,Kabupaten Agam,SOUL PUNCAK LAWANG ,-0.294589,100.269889
8883,Sumatera Barat,Kabupaten Agam,Tabek Mandi Sikabu,-0.334929,100.334086
8884,Sumatera Barat,Kabupaten Agam,Taman Bunga Rafflesia Batang Palupuh,-0.245271,100.349733
8885,Sumatera Barat,Kabupaten Agam,Taman Muko- Muko,-0.291465,100.150133
8886,Sumatera Barat,Kabupaten Agam,TAMAN MUKO-MUKO,-0.291026,100.15024
8887,Sumatera Barat,Kabupaten Agam,TAMAN TIRTASARI SONSANG,-0.286235,100.378786
8888,Sumatera Barat,Kabupaten Dharmasraya,3 Putri Sungai Dareh,-0.984521,101.568525
8889,Sumatera Barat,Kabupaten Dharmasraya,Alinia Farm dan Park,-0.997042,101.629786
8890,Sumatera Barat,Kabupaten Dharmasraya,Alinia Park & Resort,-0.99824,101.60981
8891,Sumatera Barat,Kabupaten Dharmasraya,Cand Pulau Sawah,-0.960528,101.576586
8892,Sumatera Barat,Kabupaten Dharmasraya,Candi Padang Roco,-0.9637,101.59903
8893,Sumatera Barat,Kabupaten Dharmasraya,Candi Padang Roco,-0.965055,101.588602
8894,Sumatera Barat,Kabupaten Dharmasraya,Candi Pulau  Sawah,-0.95278,101.56335
8895,Sumatera Barat,Kabupaten Dharmasraya,Kolam Renang Lawai Fantasi,-1.01974,101.61097
8896,Sumatera Barat,Kabupaten Dharmasraya,Kolam Renang Pelangi Garden,-1.03518,101.69752
8897,Sumatera Barat,Kabupaten Dharmasraya,lawai fantasi,-1.014111,101.62864
8898,Sumatera Barat,Kabupaten Dharmasraya,Mega Permai,-1.09073,101.73529
8899,Sumatera Barat,Kabupaten Dharmasraya,Mega Permai Swimming Pool,-1.093156,101.73769
8900,Sumatera Barat,Kabupaten Dharmasraya,Pelangi Garden,-1.063255,101.675637
8901,Sumatera Barat,Kabupaten Dharmasraya,Pemandian Air Siguntur,-0.97666,101.578048
8902,Sumatera Barat,Kabupaten Dharmasraya,Pemandian Ajo Manenggang,-0.98709,101.6141
8903,Sumatera Barat,Kabupaten Dharmasraya,Pemandian Ajo Manenggang,-0.995815,101.631473
8904,Sumatera Barat,Kabupaten Dharmasraya,Pemandian Putri Kembang,-0.94417,101.5012
8905,Sumatera Barat,Kabupaten Dharmasraya,Pemandian Siguntur,-0.9671,101.56202
8906,Sumatera Barat,Kabupaten Dharmasraya,Putri Kembang,-0.949931,101.508742
8907,Sumatera Barat,Kabupaten Dharmasraya,Talago Rindu Water Park,-1.21741,101.72467
8908,Sumatera Barat,Kabupaten Dharmasraya,Talago Rindu Water Park,-1.221404,101.716745
8909,Sumatera Barat,Kabupaten Dharmasraya,Wahana Air Dufana,-0.94636,101.47189
8910,Sumatera Barat,Kabupaten Dharmasraya,Waterland Korea,-1.11888,101.83848
8911,Sumatera Barat,Kabupaten Dharmasraya,Waterland Korea,-1.142073,101.775214
8912,Sumatera Barat,Kabupaten Dharmasraya,Wisata Air Gunung Sari,-1.228736,101.735127
8913,Sumatera Barat,Kabupaten Kepulauan Mentawai,,-2.064202,99.566809
8914,Sumatera Barat,Kabupaten Kepulauan Mentawai,,-6.2297465,106.829518
8915,Sumatera Barat,Kabupaten Lima Puluh Kota,Amai View,-0.0911709,100.5420101
8916,Sumatera Barat,Kabupaten Lima Puluh Kota,Batang Tabik,-0.24686,100.67464
8917,Sumatera Barat,Kabupaten Lima Puluh Kota,batang tabik,-0.2470293,100.6702975
8918,Sumatera Barat,Kabupaten Lima Puluh Kota,Batang Tabik Waterpark,-0.258918,100.691211
8919,Sumatera Barat,Kabupaten Lima Puluh Kota,Bumi Perkemahan Guak Lago,-0.1065044,100.4924962
8920,Sumatera Barat,Kabupaten Lima Puluh Kota,Guguak Rondah,-0.1315331,100.5408064
8921,Sumatera Barat,Kabupaten Lima Puluh Kota,Kampuang Saribu Gonjong,-0.02267,100.58494
8922,Sumatera Barat,Kabupaten Lima Puluh Kota,Kampuang Sarugo (Saribu Gonjong),-0.0228584,100.3478205
8923,Sumatera Barat,Kabupaten Lima Puluh Kota,Kapalo Banda ,-0.1924458,100.7179952
8924,Sumatera Barat,Kabupaten Lima Puluh Kota,Kelok 9,-0.0681626,100.6954011
8925,Sumatera Barat,Kabupaten Lima Puluh Kota,Kubua Jawi Camp,-0.29555,100.68415
8926,Sumatera Barat,Kabupaten Lima Puluh Kota,Kubua Jawi Camp,-0.296194,100.6815886
8927,Sumatera Barat,Kabupaten Lima Puluh Kota,Lembah Harau,-0.10115,100.66625
8928,Sumatera Barat,Kabupaten Lima Puluh Kota,Lembah Harau,-0.100966,100.6647198
8929,Sumatera Barat,Kabupaten Lima Puluh Kota,Panorama Bukik Topuang,-0.1314507,100.5718442
8930,Sumatera Barat,Kabupaten Lima Puluh Kota,Panorama Kayu Kolek,-295,100.66178
8931,Sumatera Barat,Kabupaten Lima Puluh Kota,Panorama Kayu Kolek,-0.2950267,100.659594
8932,Sumatera Barat,Kabupaten Lima Puluh Kota,Pulau Montong,-0.09877,100.52512
8933,Sumatera Barat,Kabupaten Lima Puluh Kota,Pulau Montong,-0.0988603,100.5206334
8934,Sumatera Barat,Kabupaten Lima Puluh Kota,Queen Park,-0.05154,100.44152
8935,Sumatera Barat,Kabupaten Lima Puluh Kota,Queen Park Bocah Godang,-0.0574928,100.4417337
8936,Sumatera Barat,Kabupaten Lima Puluh Kota,Rumah Gadang Sungai Baringin,-0.2214265,100.5827583
8937,Sumatera Barat,Kabupaten Lima Puluh Kota,Rumah Gadang Sungai Beringin,-0.22132,100.58494
8938,Sumatera Barat,Kabupaten Lima Puluh Kota,Sago Park,-0.28098,100.64293
8939,Sumatera Barat,Kabupaten Lima Puluh Kota,Sago Park,-0.2820221,100.6374383
8940,Sumatera Barat,Kabupaten Lima Puluh Kota,Saliguri Green Camp,-0.15381,100.73208
8941,Sumatera Barat,Kabupaten Lima Puluh Kota,Saliguri Green Camp,-0.1540306,100.7299053
8942,Sumatera Barat,Kabupaten Lima Puluh Kota,Torang Saribulan,-0.15728,100.71654
8943,Sumatera Barat,Kabupaten Lima Puluh Kota,Torang Saribulan,-0.1572979,100.7120504
8944,Sumatera Barat,Kabupaten Lima Puluh Kota,Water Park Air Babar,-0.31148,100.7547
8945,Sumatera Barat,Kabupaten Lima Puluh Kota,Waterpark Air Babar,-0.2961027,100.6487575
8946,Sumatera Barat,Kabupaten Lima Puluh Kota,Wisata Kapalo Banda Taram  (WAKANDA),-0.146127,100.713939
8947,Sumatera Barat,Kabupaten Padang Pariaman,Air Terjun Duo Bidadari,-6.2297465,106.829518
8948,Sumatera Barat,Kabupaten Padang Pariaman,Argro Wisata Dama Batang Park,-6.2297465,106.829518
8949,Sumatera Barat,Kabupaten Padang Pariaman,Argro Wisata Dama Batang Park,-6.2297465,106.829518
8950,Sumatera Barat,Kabupaten Padang Pariaman,"Bukit Bidadari Kasang,Puncak Silaha",-6.2297465,106.829518
8951,Sumatera Barat,Kabupaten Padang Pariaman,Desa Wisata Anduring Adventure,-6.2297465,106.829518
8952,Sumatera Barat,Kabupaten Padang Pariaman,Desa Wisata Guranjhil,-6.2297465,106.829518
8953,Sumatera Barat,Kabupaten Padang Pariaman,Ekowisata Air Terjun Nyarai,-0.681167,100.320139
8954,Sumatera Barat,Kabupaten Padang Pariaman,Green Talao Park,-0.696708,100.205548
8955,Sumatera Barat,Kabupaten Padang Pariaman,Kawasan Wisata Dempo Anailand,-6.2297465,106.829518
8956,Sumatera Barat,Kabupaten Padang Pariaman,L.A Rafting,-6.2297465,106.829518
8957,Sumatera Barat,Kabupaten Padang Pariaman,Lubuak Bonta,-0.508271,100.323875
8958,Sumatera Barat,Kabupaten Padang Pariaman,Lubuak Bonta,-0.508271,100.323875
8959,Sumatera Barat,Kabupaten Padang Pariaman,"Museum Perang Sintuk,Talaok Baruak dan Kabau",-6.2297465,106.829518
8960,Sumatera Barat,Kabupaten Padang Pariaman,Pantai Arga Permai,-6.2297465,106.829518
8961,Sumatera Barat,Kabupaten Padang Pariaman,Pantai Arta,-6.2297465,106.829518
8962,Sumatera Barat,Kabupaten Padang Pariaman,Pemandian Rumah Putiah,-6.2297465,106.829518
8963,Sumatera Barat,Kabupaten Padang Pariaman,Pendakian Gunung Tandikek,-6.2297465,106.829518
8964,Sumatera Barat,Kabupaten Padang Pariaman,River Tubing (BASIANYUIK),-6.2297465,106.829518
8965,Sumatera Barat,Kabupaten Padang Pariaman,Tapian Mandi Salisikan,0.727378,100.340466
8966,Sumatera Barat,Kabupaten Padang Pariaman,Wisata Pantai Katapiang,-6.2297465,106.829518
8967,Sumatera Barat,Kabupaten Padang Pariaman,Wisata Pantai Tiram,-6.2297465,106.829518
8968,Sumatera Barat,Kabupaten Pasaman,air terjun sempugen,-6.2297465,106.829518
8969,Sumatera Barat,Kabupaten Pasaman,Air Terjun Siburai Burai,-6.2297465,106.829518
8970,Sumatera Barat,Kabupaten Pasaman,Air Terjun Sipagogo,-6.2297465,106.829518
8971,Sumatera Barat,Kabupaten Pasaman,AMBUN WATER PARK,-6.2297465,106.829518
8972,Sumatera Barat,Kabupaten Pasaman,Bukit Teletubies,-6.2297465,106.829518
8973,Sumatera Barat,Kabupaten Pasaman,Cagar Alam Rimbo Panti,0.351131,100.080506
8974,Sumatera Barat,Kabupaten Pasaman,Cagar Alam Rimbo Panti,-6.2297465,106.829518
8975,Sumatera Barat,Kabupaten Pasaman,Candi Tanjung Medan,0.212516,100.12307
8976,Sumatera Barat,Kabupaten Pasaman,Desa Wisata Ganggo Hilia,-6.2297465,106.829518
8977,Sumatera Barat,Kabupaten Pasaman,Desa Wisata Ganggo Mudik,-6.2297465,106.829518
8978,Sumatera Barat,Kabupaten Pasaman,Desa Wisata Jambak,-6.2297465,106.829518
8979,Sumatera Barat,Kabupaten Pasaman,Desa Wisata Lansek Kodok,-6.2297465,106.829518
8980,Sumatera Barat,Kabupaten Pasaman,Desa Wisata Lubuk Gadang,-6.2297465,106.829518
8981,Sumatera Barat,Kabupaten Pasaman,Desa Wisata Padang Gelugur,-6.2297465,106.829518
8982,Sumatera Barat,Kabupaten Pasaman,Desa Wisata Panti,-6.2297465,106.829518
8983,Sumatera Barat,Kabupaten Pasaman,Desa Wisata Pauh,-6.2297465,106.829518
8984,Sumatera Barat,Kabupaten Pasaman,Desa Wisata Sundata,-6.2297465,106.829518
8985,Sumatera Barat,Kabupaten Pasaman,Ikan Larangan Gelora,-6.2297465,106.829518
8986,Sumatera Barat,Kabupaten Pasaman,Lubuk King,-6.2297465,106.829518
8987,Sumatera Barat,Kabupaten Pasaman,Mega Wisata Bonjol,-6.2297465,106.829518
8988,Sumatera Barat,Kabupaten Pasaman,Musem Tuanku Imam Bonjol,-6.2297465,106.829518
8989,Sumatera Barat,Kabupaten Pasaman,Museum Tuanku Imam Bonjol,0.064673,100.204807
8990,Sumatera Barat,Kabupaten Pasaman,Panorama puncak koto panjang,-6.2297465,106.829518
8991,Sumatera Barat,Kabupaten Pasaman,Pemandian Air Panas,-6.2297465,106.829518
8992,Sumatera Barat,Kabupaten Pasaman,Pemandian Air Panas Rimbo Panti,0.351131,100.067355
8993,Sumatera Barat,Kabupaten Pasaman,Pemandian Batang Sontang,-6.2297465,106.829518
8994,Sumatera Barat,Kabupaten Pasaman,Pemandian Batu Alam,-6.2297465,106.829518
8995,Sumatera Barat,Kabupaten Pasaman,Puncak  Rabbuna,-6.2297465,106.829518
8996,Sumatera Barat,Kabupaten Pasaman,Puncak Bakoreh,-6.2297465,106.829518
8997,Sumatera Barat,Kabupaten Pasaman,Puncak Komoyen,-6.2297465,106.829518
8998,Sumatera Barat,Kabupaten Pasaman,Puncak Koto Panjang,-6.2297465,106.829518
8999,Sumatera Barat,Kabupaten Pasaman,Puncak Rabbuna,0.171318,100.128658
9000,Sumatera Barat,Kabupaten Pasaman,Puncak Tonang Taman Bunga,-6.2297465,106.829518
9001,Sumatera Barat,Kabupaten Pasaman,Resto & Villa Linjuang Puncak Tonang,0.154838,100.142262
9002,Sumatera Barat,Kabupaten Pasaman,Surau Tuo Jambak,0.146599,100.156153
9003,Sumatera Barat,Kabupaten Pasaman,Taman Equator,-6.2297465,106.829518
9004,Sumatera Barat,Kabupaten Pasaman,Taman Wisata Equator Bonjol,0.06021,100.208253
9005,Sumatera Barat,Kabupaten Pasaman,Waterjun 7 Tingkat,-6.2297465,106.829518
9006,Sumatera Barat,Kabupaten Pasaman,Wisata Bayang Aia,0.136471,100.17158
9007,Sumatera Barat,Kabupaten Pasaman,Wisata Bayang Aia,-6.2297465,106.829518
9008,Sumatera Barat,Kabupaten Pasaman,Wisata Linjuang,-6.2297465,106.829518
9009,Sumatera Barat,Kabupaten Pasaman,Wisata Puncak Komoyen,0.450006,100.035082
9010,Sumatera Barat,Kabupaten Pasaman,Wisata Puncak Koto Panjang,0.667919,99.836385
9011,Sumatera Barat,Kabupaten Pasaman Barat,3B CAFE & RESTO,0.31189,99.68644
9012,Sumatera Barat,Kabupaten Pasaman Barat,3B CAFE & RESTO,0.311721,99.686354
9013,Sumatera Barat,Kabupaten Pasaman Barat,AIR TERJUN SARASAH KAJAI,0.114119,99.968538
9014,Sumatera Barat,Kabupaten Pasaman Barat,AIR TERJUN SIPAGOGO,0.412006,99.585406
9015,Sumatera Barat,Kabupaten Pasaman Barat,BUKIK MARANDO,0.298318,99.397515
9016,Sumatera Barat,Kabupaten Pasaman Barat,GUNUNG TALAMAU,0.079724,99.984252
9017,Sumatera Barat,Kabupaten Pasaman Barat,IKAN LARANGAN LUBUAK LANDUA,0.106498,99.886349
9018,Sumatera Barat,Kabupaten Pasaman Barat,LAUT AIR BANGIS,0.197477,99.376429
9019,Sumatera Barat,Kabupaten Pasaman Barat,LIMSA SPORT CENTER & WATER PARK,-0.056258,99.937952
9020,Sumatera Barat,Kabupaten Pasaman Barat,LIMSA SPORT CENTRE & WATER PARK,-0.05417,99.93907
9021,Sumatera Barat,Kabupaten Pasaman Barat,MOUNTAIN VIEW,0.014875,99.818097
9022,Sumatera Barat,Kabupaten Pasaman Barat,MOUNTAIN VIEW WATER  ZONE,0.03779,99.81763
9023,Sumatera Barat,Kabupaten Pasaman Barat,OLALA POOL & RESTO,0.10582,99.83046
9024,Sumatera Barat,Kabupaten Pasaman Barat,Olala Pool & Resto,99.830345,99.830345
9025,Sumatera Barat,Kabupaten Pasaman Barat,PANTAI AIR BANGIS,0.283661,99.344668
9026,Sumatera Barat,Kabupaten Pasaman Barat,PANTAI KATIAGAN,-0.155789,99.756892
9027,Sumatera Barat,Kabupaten Pasaman Barat,PANTAI MALIGI,0.060747,99.626083
9028,Sumatera Barat,Kabupaten Pasaman Barat,PANTAI MANDIANGIN,-0.106694,99.759656
9029,Sumatera Barat,Kabupaten Pasaman Barat,PANTAI MUARO BINGUANG,-0.079232,99.768717
9030,Sumatera Barat,Kabupaten Pasaman Barat,PANTAI MUARO SASAK,0.000934,99.694809
9031,Sumatera Barat,Kabupaten Pasaman Barat,PANTAI POHON SERIBU,-0.02462,99.73534
9032,Sumatera Barat,Kabupaten Pasaman Barat,PANTAI POHON SERIBU SASAK,-0.024665,99.735347
9033,Sumatera Barat,Kabupaten Pasaman Barat,PANTAI SIKABAU,0.148034,99.428632
9034,Sumatera Barat,Kabupaten Pasaman Barat,POHON SERIBU SASAK,-6.2297465,106.829518
9035,Sumatera Barat,Kabupaten Pasaman Barat,PULAU HARIMAU,-6.2297465,106.829518
9036,Sumatera Barat,Kabupaten Pasaman Barat,PULAU PANGKA,0.147417,99.298376
9037,Sumatera Barat,Kabupaten Pasaman Barat,PULAU PANJANG,0.167439,99.300086
9038,Sumatera Barat,Kabupaten Pasaman Barat,PULAU PIGAGO,0.174522,99.280949
9039,Sumatera Barat,Kabupaten Pasaman Barat,PULAU TOLUA,0.141135,99.360911
9040,Sumatera Barat,Kabupaten Pasaman Barat,PUNCAK GALANGGANG,0.2466582,99.9815317
9041,Sumatera Barat,Kabupaten Pasaman Barat,PUNCAK GALANGGANG,0.24691,99.981506
9042,Sumatera Barat,Kabupaten Pasaman Barat,PUNCAK KHALAYAU,0.30469,99.82994
9043,Sumatera Barat,Kabupaten Pasaman Barat,PUNCAK KHALAYAU,-6.2297465,106.829518
9044,Sumatera Barat,Kabupaten Pasaman Barat,RUMAH GADANG TUANKU BOSA,0.218717,99.979455
9045,Sumatera Barat,Kabupaten Pasaman Barat,SPOT PARALAYANG PUTI GONJOLI,0.15962,99.883976
9046,Sumatera Barat,Kabupaten Pesisir Selatan,Air Terjun Bayang Sani,-1.234444,100.545702
9047,Sumatera Barat,Kabupaten Pesisir Selatan,Air Terjun Timbulun Painan,-1.336386,100.630512
9048,Sumatera Barat,Kabupaten Pesisir Selatan,Ekowisata Ampiang Parak,-1.562131,100.717335
9049,Sumatera Barat,Kabupaten Pesisir Selatan,Ekowisata Ampiang Parak (Konservasi Penyu),-1.379313,100.581655
9050,Sumatera Barat,Kabupaten Pesisir Selatan,Jemabatan Akar,-1.192912,100.585191
9051,Sumatera Barat,Kabupaten Pesisir Selatan,Objek Kawasan carocok Painan,-1.351096,100.56624
9052,Sumatera Barat,Kabupaten Pesisir Selatan,Pantai Sago,-1.312016,100.549662
9053,Sumatera Barat,Kabupaten Pesisir Selatan,Panti Batu kalang,-1.265189,100.440985
9054,Sumatera Barat,Kabupaten Pesisir Selatan,Pulau Cingkuak,-1.352975,100.559836
9055,Sumatera Barat,Kabupaten Pesisir Selatan,Pulau Kereta,-1.353466,100.564427
9056,Sumatera Barat,Kabupaten Pesisir Selatan,Pulau Setan,-1.229104,100.4074
9057,Sumatera Barat,Kabupaten Pesisir Selatan,Pulau Setan,-1.215302,100.417625
9058,Sumatera Barat,Kabupaten Pesisir Selatan,Pulau Sironjong Kecil,-1.224919,100.402897
9059,Sumatera Barat,Kabupaten Pesisir Selatan,Puncak Indah Mandeh,-1.188149,100.400087
9060,Sumatera Barat,Kabupaten Pesisir Selatan,Puncak Langkisau,-1.341987,100.574623
9061,Sumatera Barat,Kabupaten Pesisir Selatan,Sungai Gemuruh Mandeh,-1.212814,100.42792
9062,Sumatera Barat,Kabupaten Pesisir Selatan,Taluak Sikulo,-1.27111,100.420887
9063,Sumatera Barat,Kabupaten Pesisir Selatan,Taman Puncak Paku Mandeh,-1.188077,100.399602
9064,Sumatera Barat,Kabupaten Pesisir Selatan,Tourism Imformasi Center (TIC),-1.256562,100.452658
9065,Sumatera Barat,Kabupaten Pesisir Selatan,Wisata Sejarah dan Budaya,-2.046558,100.96015
9066,Sumatera Barat,Kabupaten Pesisir Selatan,Wisata Sejarah dan Budaya,-1.85884,100.843218
9067,Sumatera Barat,Kabupaten Sijunjung,Bukit Malaikat,-6.2297465,106.829518
9068,Sumatera Barat,Kabupaten Sijunjung,Kolam renang pincuran 7,-6.2297465,106.829518
9069,Sumatera Barat,Kabupaten Sijunjung,Kolam Renang Sungai Karang Tirta Wisata,-6.2297465,106.829518
9070,Sumatera Barat,Kabupaten Sijunjung,Pemandian Malutu Indah,-6.2297465,106.829518
9071,Sumatera Barat,Kabupaten Sijunjung,rest area silokek,-0.605255,101.023411
9072,Sumatera Barat,Kabupaten Solok,Alahan Panjang Resort,-6.2297465,106.829518
9073,Sumatera Barat,Kabupaten Solok,CH Alahan Panjang Resort,6.106011568574101e15,100.58519182874609
9074,Sumatera Barat,Kabupaten Solok,Dermaga Danau Ateh,-6.2297465,106.829518
9075,Sumatera Barat,Kabupaten Solok,Desa Wisata Tabek,-6.2297465,106.829518
9076,Sumatera Barat,Kabupaten Solok,Kampung Budaya Jawi Jawi,-6.2297465,106.829518
9077,Sumatera Barat,Kabupaten Solok,Lereng Green View,-6.2297465,106.829518
9078,Sumatera Barat,Kabupaten Solok,Masjid Tuo Kayu Aro,-6.2297465,106.829518
9079,Sumatera Barat,Kabupaten Solok,Panorama Danau Kembar,-6.2297465,106.829518
9080,Sumatera Barat,Kabupaten Solok,Panorama Tanjuang Alai,-6.2297465,106.829518
9081,Sumatera Barat,Kabupaten Solok,Pesanggarahan Singkarak,-6.2297465,106.829518
9082,Sumatera Barat,Kabupaten Solok,Pincuran Ruyung Aripan,-6.2297465,106.829518
9083,Sumatera Barat,Kabupaten Solok,Pulau Indah,-6.2297465,106.829518
9084,Sumatera Barat,Kabupaten Solok,sental Park,-6.2297465,106.829518
9085,Sumatera Barat,Kabupaten Solok Selatan,Air Terjun Kembar,-1.573431,101.236059
9086,Sumatera Barat,Kabupaten Solok Selatan,Air Terjun Tansi 4,-1.585941,101.221017
9087,Sumatera Barat,Kabupaten Solok Selatan,Air Terjun Ulu Suliti,-1.296182,100.919882
9088,Sumatera Barat,Kabupaten Solok Selatan,Bukit Cermin,-1.373095,101.376219
9089,Sumatera Barat,Kabupaten Solok Selatan,Bumi Perekemahan Camintoran,-1.613216,101.256408
9090,Sumatera Barat,Kabupaten Solok Selatan,Danau Bontak,-1.615104,101.256667
9091,Sumatera Barat,Kabupaten Solok Selatan,Goa Batu Kapal ,-1.419455,101.383851
9092,Sumatera Barat,Kabupaten Solok Selatan,Hot water Boom,-1.530569,101.092964
9093,Sumatera Barat,Kabupaten Solok Selatan,Istano Rajo Balun,-1.407714,100.996514
9094,Sumatera Barat,Kabupaten Solok Selatan,Jalur Pendakian Gunung kerinci,-1588,101.246122
9095,Sumatera Barat,Kabupaten Solok Selatan,Kawasan Balun,-1.371759,100.977014
9096,Sumatera Barat,Kabupaten Solok Selatan,Kawasan PDRI,-1.419049,101.356574
9097,Sumatera Barat,Kabupaten Solok Selatan,Kawasan Rumah Gadang RPC,-1.373782,101.372122
9098,Sumatera Barat,Kabupaten Solok Selatan,Kawasan Sungai Batang Sangir,-1.482663,101.311255
9099,Sumatera Barat,Kabupaten Solok Selatan,Kebun Teh Liki,-1.569323,101.214426
9100,Sumatera Barat,Kabupaten Solok Selatan,Menara Songket,-1.481197,101.058896
9101,Sumatera Barat,Kabupaten Solok Selatan,Mesjid 60 Kurang Aso,-1.463028,101.030336
9102,Sumatera Barat,Kabupaten Solok Selatan,Puncak laras,-1.529391,101.087153
9103,Sumatera Barat,Kabupaten Solok Selatan,Rumah Gadang Panjang,-1.325383,101.376042
9104,Sumatera Barat,Kabupaten Solok Selatan,TUBING DUCATI,-1.524577,101.093502
9105,Sumatera Barat,Kabupaten Tanah Datar,Aia Angek Padang Gantiang,-0.527384,100.685304
9106,Sumatera Barat,Kabupaten Tanah Datar,Aie Angek Padang Gantiang,-0.526839,100.684723
9107,Sumatera Barat,Kabupaten Tanah Datar,Air Terjun Lembah Anai,-0.468081,100.338753
9108,Sumatera Barat,Kabupaten Tanah Datar,Aua Sarumpun,-0.515235,100.539236
9109,Sumatera Barat,Kabupaten Tanah Datar,Batu Angkek Angkek,-0.399144,100.610553
9110,Sumatera Barat,Kabupaten Tanah Datar,Batu Angkek-angkek,-0.373305,100.628655
9111,Sumatera Barat,Kabupaten Tanah Datar,Batu Basurek,-6.2297465,106.829518
9112,Sumatera Barat,Kabupaten Tanah Datar,Batu Basurek/ prasasti adytiawarman,-0.468059,100.617959
9113,Sumatera Barat,Kabupaten Tanah Datar,Batu Batikam,-6.2297465,106.829518
9114,Sumatera Barat,Kabupaten Tanah Datar,Batu Batikan,-0.461525,100.570104
9115,Sumatera Barat,Kabupaten Tanah Datar,Benteng Van der capellen,-0.454206,100.595137
9116,Sumatera Barat,Kabupaten Tanah Datar,Eco Park Syariah Tankayo,-0.58357,100.491325
9117,Sumatera Barat,Kabupaten Tanah Datar,Istano Basa Pagaruyung,-0.460288,100.609145
9118,Sumatera Barat,Kabupaten Tanah Datar,Istano Basa Pagaruyung,-0.472217,100.62095
9119,Sumatera Barat,Kabupaten Tanah Datar,Kampung Songket Pandai Sikek,-0.398903,100.377583
9120,Sumatera Barat,Kabupaten Tanah Datar,Lembah Anai,-0.492496,100.373634
9121,Sumatera Barat,Kabupaten Tanah Datar,Lubuak Soda,-0.52174,100.412258
9122,Sumatera Barat,Kabupaten Tanah Datar,Nagari Tuo Pariangan,-6.2297465,106.829518
9123,Sumatera Barat,Kabupaten Tanah Datar,Nagari Tuo Pariangan,-0.44238,100.488214
9124,Sumatera Barat,Kabupaten Tanah Datar,Ngalau Indah Pangian,-0.481539,100.742981
9125,Sumatera Barat,Kabupaten Tanah Datar,Pacu Jawi,-0.456855,100.615898
9126,Sumatera Barat,Kabupaten Tanah Datar,Pakarak River Park,-0.437046,100.606922
9127,Sumatera Barat,Kabupaten Tanah Datar,Panorama Puncak Pato,-0.368087,100.693177
9128,Sumatera Barat,Kabupaten Tanah Datar,Panorama Tabek Patah,-0.340094,100.527752
9129,Sumatera Barat,Kabupaten Tanah Datar,Panorama Tabek Patah,-6.2297465,106.829518
9130,Sumatera Barat,Kabupaten Tanah Datar,Pohon Andaleh,-0.442848,100.456135
9131,Sumatera Barat,Kabupaten Tanah Datar,Puncak Aua Sarumpun,-0.515472,100.541644
9132,Sumatera Barat,Kabupaten Tanah Datar,Puncak Pato,-0.374803,100.690813
9133,Sumatera Barat,Kabupaten Tanah Datar,Rumah Gadang Nagari Sumpu,-0.550956,100.48391
9134,Sumatera Barat,Kabupaten Tanah Datar,Rumah Pohon Tabek Patah,-0.340849,100.530396
9135,Sumatera Barat,Kabupaten Tanah Datar,Tanjung Mutiara,-0.543815,100.510174
9136,Sumatera Barat,Kabupaten Tanah Datar,Tanjung Mutiara,-0.556277,100.758757
9137,Sumatera Barat,Kabupaten Tanah Datar,Ustano Rajo Alam,-6.2297465,106.829518
9138,Sumatera Barat,Kota Bukittinggi,Taman Marga Satwa  Budaya Kinantan,-0.300423,100.367733
9139,Sumatera Barat,Kota Bukittinggi,Taman Marga Satwa Budaya Kinantan Kota Bukittinggi,-0.300558,100.369703
9140,Sumatera Barat,Kota Bukittinggi,Taman Panorama dan Lobang Jepang (TPLJ),-0.307939,100.365906
9141,Sumatera Barat,Kota Bukittinggi,Taman Panorama Lobang Jepang,-0.307891,100.365597
9142,Sumatera Barat,Kota Bukittinggi,Taman Pedestrian Jam Gadang,-0.305203,100.369514
9143,Sumatera Barat,Kota Padang,Air Terjun Lubuak Tampuruang,-0.865493,100.497429
9144,Sumatera Barat,Kota Padang,Air Terjun Sikayan Balumuik,-0.945148,100.514044
9145,Sumatera Barat,Kota Padang,BIFA COTTAGE,-0.853164,100.525382
9146,Sumatera Barat,Kota Padang,Bukit Nobita,-0.974726,100.42599
9147,Sumatera Barat,Kota Padang,Desa Wisata Taluak Buo,-1.073277,100.411155
9148,Sumatera Barat,Kota Padang,Goa Kelelawar,-0.945691,100.521333
9149,Sumatera Barat,Kota Padang,KAMPUANG ADAT RIMBO TAROK,-0.901925,100.40813
9150,Sumatera Barat,Kota Padang,Kampung Adat,-0.900112,100.443353
9151,Sumatera Barat,Kota Padang,Kampung Ikan Hias,-1.016038,100.423831
9152,Sumatera Barat,Kota Padang,KAPAL WISATA SITI NURBAYA,-0.964902,100.360563
9153,Sumatera Barat,Kota Padang,Kawasan Wisata Alam Sungai Bangek,-0.818962,100.361395
9154,Sumatera Barat,Kota Padang,Mesjid Al Hakim,-0.960378,100.353473
9155,Sumatera Barat,Kota Padang,Mesjid Baiturrahmah,-0.902113,100.396181
9156,Sumatera Barat,Kota Padang,Mesjid Raya Gantiang,-0.959719,100.382258
9157,Sumatera Barat,Kota Padang,Mesjid Raya Sumatera Barat,-0.924262,100.362559
9158,Sumatera Barat,Kota Padang,Objek Wisata Gunung Padang,-0.965404,100.34914
9159,Sumatera Barat,Kota Padang,Pantai Air Manis,-0.990558,100.360486
9160,Sumatera Barat,Kota Padang,Pantai Air Manis,-0.98533,100.359261
9161,Sumatera Barat,Kota Padang,Pantai Padang,-6.2297465,106.829518
9162,Sumatera Barat,Kota Padang,Pantai Pasia Jambak,-0.860253,100.330736
9163,Sumatera Barat,Kota Padang,Pemandian Lori,-0.863459,100.504696
9164,Sumatera Barat,Kota Padang,Pemandian Lubuak Paraku,-0.946793,100.508322
9165,Sumatera Barat,Kota Padang,Pulau Pasumpahan,-1.118242,100.367902
9166,Sumatera Barat,Kota Padang,Pulau Sirandah,-1.122361,100.340999
9167,Sumatera Barat,Kota Padang,Ujung Capuri Beach,-1.12104,100.37467
9168,Sumatera Barat,Kota Padang Panjang,Air Terjun 7 Tingkat,-6.2297465,106.829518
9169,Sumatera Barat,Kota Padang Panjang,Canting Buana Creative,-0.4687090440285516,100.38172113943955
9170,Sumatera Barat,Kota Padang Panjang,Desa Wisata Kubu Gadang,-0.47597060187755946,100.43222359053436
9171,Sumatera Barat,Kota Padang Panjang,Diniyah Putri,-0.46146364444465676,100.39783009711128
9172,Sumatera Barat,Kota Padang Panjang,Goa Batu Batirai,-6.2297465,106.829518
9173,Sumatera Barat,Kota Padang Panjang,Institut Seni Indonesia,-0.4587501583192751,100.40363818176769
9174,Sumatera Barat,Kota Padang Panjang,Islamic Center,-0.4764638164927157,100.41040216832421
9175,Sumatera Barat,Kota Padang Panjang,Kampung Wisata Sigando,-6.2297465,106.829518
9176,Sumatera Barat,Kota Padang Panjang,Kauman Muhammadiyah,-0.4663752870128737,100.405682841291
9177,Sumatera Barat,Kota Padang Panjang,Kawasan Bukit Berbunga,-0.47132181631065934,100.37250417012683
9178,Sumatera Barat,Kota Padang Panjang,Mesjid Asasi,-0.4679852300952495,100.42667632599624
9179,Sumatera Barat,Kota Padang Panjang,Mifan,-0.47076308713231124,100.37831931751889
9180,Sumatera Barat,Kota Padang Panjang,Museum  Bustanil Arifin PDIKM,-0.46961737968260386,100.37935293957584
9181,Sumatera Barat,Kota Padang Panjang,Pasar Kuliner,-0.4613657447797648,100.40153100489471
9182,Sumatera Barat,Kota Padang Panjang,PDIKM,-0.47073812949914723,100.37915261937032
9183,Sumatera Barat,Kota Padang Panjang,Pemandian Lubuk Mata Kucing,-0.4549154292198536,100.39710953504641
9184,Sumatera Barat,Kota Padang Panjang,Perguruan Thawalib,-0.46886470164524313,100.42517999716026
9185,Sumatera Barat,Kota Padang Panjang,Pondok Pesantren Serambi Mekah,-0.46576057243439867,100.41005328366833
9186,Sumatera Barat,Kota Padang Panjang,Serambi Milk,-0.46140450175631836,100.42131765089667
9187,Sumatera Barat,Kota Padang Panjang,SMA N 1 PADANG PANJANG,-0.46331803056367976,100.40618304134034
9188,Sumatera Barat,Kota Padang Panjang,Wisata Alam Batu Limo,-0.4605531444154087,100.39304739053433
9189,Sumatera Barat,Kota Pariaman,DESA WISATA AIR SANTOK,-6.2297465,106.829518
9190,Sumatera Barat,Kota Pariaman,DESA WISATA APAR,-6.2297465,106.829518
9191,Sumatera Barat,Kota Pariaman,Desa Wisata Apar,-6.2297465,106.829518
9192,Sumatera Barat,Kota Pariaman,KONSERVASI PENYU KOTA PARIAMAN,-6.2297465,106.829518
9193,Sumatera Barat,Kota Pariaman,MONUMEN ANGKATAN LAUT,-6.2297465,106.829518
9194,Sumatera Barat,Kota Pariaman,PANTAI BELIBIS,-6.2297465,106.829518
9195,Sumatera Barat,Kota Pariaman,PANTAI BINASI,-6.2297465,106.829518
9196,Sumatera Barat,Kota Pariaman,PANTAI BINASI,-6.2297465,106.829518
9197,Sumatera Barat,Kota Pariaman,PANTAI CERMIN,-6.2297465,106.829518
9198,Sumatera Barat,Kota Pariaman,PANTAI CERMIN,-6.2297465,106.829518
9199,Sumatera Barat,Kota Pariaman,PANTAI GANDORIAH,-6.2297465,106.829518
9200,Sumatera Barat,Kota Pariaman,PANTAI GANDORIAH,-6.2297465,106.829518
9201,Sumatera Barat,Kota Pariaman,PANTAI KARAN,-6.2297465,106.829518
9202,Sumatera Barat,Kota Pariaman,PANTAI KATA,-6.2297465,106.829518
9203,Sumatera Barat,Kota Pariaman,PANTAI KATA,-6.2297465,106.829518
9204,Sumatera Barat,Kota Pariaman,PANTAI SUNUA,-6.2297465,106.829518
9205,Sumatera Barat,Kota Pariaman,PULAU ANGSO DUO,-6.2297465,106.829518
9206,Sumatera Barat,Kota Pariaman,PULAU ANGSO DUO,-6.2297465,106.829518
9207,Sumatera Barat,Kota Pariaman,PULAU BANDO,-6.2297465,106.829518
9208,Sumatera Barat,Kota Pariaman,PULAU KASIAK,-6.2297465,106.829518
9209,Sumatera Barat,Kota Pariaman,PULAU TANGAH,-6.2297465,106.829518
9210,Sumatera Barat,Kota Pariaman,PULAU UJUANG,-6.2297465,106.829518
9211,Sumatera Barat,Kota Pariaman,RUMAH TABUIK PASA,-6.2297465,106.829518
9212,Sumatera Barat,Kota Pariaman,RUMAH TABUIK SUBARANG,-6.2297465,106.829518
9213,Sumatera Barat,Kota Pariaman,TALAO PAUH,-6.2297465,106.829518
9214,Sumatera Barat,Kota Pariaman,TALAO PAUH,-6.2297465,106.829518
9215,Sumatera Barat,Kota Pariaman,TAMAN ANAS MALIK,-6.2297465,106.829518
9216,Sumatera Barat,Kota Pariaman,TAMAN AYUNAN,-6.2297465,106.829518
9217,Sumatera Barat,Kota Pariaman,WISATA SAWAH,-6.2297465,106.829518
9218,Sumatera Barat,Kota Pariaman,WISATA SAWAH PAUH TIMUR,-6.2297465,106.829518
9219,Sumatera Barat,Kota Payakumbuh,Goa Ngalau Indah,-6.2297465,106.829518
9220,Sumatera Barat,Kota Payakumbuh,Kolam Renang Ngalau Indah,-6.2297465,106.829518
9221,Sumatera Barat,Kota Payakumbuh,kolam renang ngalau indah ,-6.2297465,106.829518
9222,Sumatera Barat,Kota Sawah Lunto,Camping Ground Sawahlunto,-0.617946,100.744991
9223,Sumatera Barat,Kota Sawah Lunto,Desa Wisata Rantih,-0.637533,100.773783
9224,Sumatera Barat,Kota Sawah Lunto,Kawasan Batu Runcing,-0.730846,100.776358
9225,Sumatera Barat,Kota Sawah Lunto,Kuda Kepang ,-0.68098,100.777055
9226,Sumatera Barat,Kota Sawah Lunto,Lubang Tambang Mbah Soero & Gallery Infobox,-0.679413,100.779362
9227,Sumatera Barat,Kota Sawah Lunto,Lubuak Ampek,-0.738606,100.795389
9228,Sumatera Barat,Kota Sawah Lunto,Makam Pahlawan Muhammad Yamin,-0.583205,100.732413
9229,Sumatera Barat,Kota Sawah Lunto,Museum Gudang Ransoem,-0.67892,100.781003
9230,Sumatera Barat,Kota Sawah Lunto,Museum Kereta Api,-0.682904,100.776941
9231,Sumatera Barat,Kota Sawah Lunto,Puncak Cemara,-0.674097,100.773272
9232,Sumatera Barat,Kota Sawah Lunto,SISSCa,-0.684171,100.778225
9233,Sumatera Barat,Kota Sawah Lunto,Taman Buah,-0.619996,100.753403
9234,Sumatera Barat,Kota Sawah Lunto,Taman Satwa Kandih,-0.618832,100.746848
9235,Sumatera Barat,Kota Sawah Lunto,Waterboom ,-0.70686,100.795556
9236,Sumatera Barat,Kota Solok,Agro Wisata Batu Patah Payo,-0.777195,100.580965
9237,Sumatera Barat,Kota Solok,Agro Wisata Sawah Solok,-0.80675,100.65198
9238,Sumatera Barat,Kota Solok,Aktraksi Batuang Gilo,-6.2297465,106.829518
9239,Sumatera Barat,Kota Solok,Bakawua Turun Ka Sawah ( Tulak Bala),-6.2297465,106.829518
9240,Sumatera Barat,Kota Solok,Basitajik (Pacu Rakik),-6.2297465,106.829518
9241,Sumatera Barat,Kota Solok,Istiqlal Park,-6.2297465,106.829518
9242,Sumatera Barat,Kota Solok,Laing Park,-0.752114,100.66766
9243,Sumatera Barat,Kota Solok,Pulau Belibis dan Taman Pramuka,-0.769737,100.646431
9244,Sumatera Barat,Kota Solok,Rang Solok Baralek Gadang,-6.2297465,106.829518
9245,Sumatera Barat,Kota Solok,Sarasah Batimpo,-0.751293,100.666109
9246,Sumatera Barat,Kota Solok,Solok Water Park,-0.785962,100.649943
9247,Sumatera Barat,Kota Solok,Taman Bidadari,-6.2297465,106.829518
9248,Sumatera Barat,Kota Solok,Taman Syech Kukut,-6.2297465,106.829518
9249,Sumatera Selatan,Kabupaten Banyu Asin,ALUN-ALUN KOTA PANGKALAN BALAI,-2.9057287867855037,104.41065647116469
9250,Sumatera Selatan,Kabupaten Banyu Asin,ALUN-ALUN KOTA PANGKALAN BALAI,-2.9056966416598993,104.41072084417652
9251,Sumatera Selatan,Kabupaten Banyu Asin,BPTU HPT,-2.9135249835803396,104.66730390988427
9252,Sumatera Selatan,Kabupaten Banyu Asin,DANAU TANAH MAS,-2.9224899937430044,104.6705631711647
9253,Sumatera Selatan,Kabupaten Banyu Asin,DERMAGA WISATA I LOVE SUNGSANG,-2.363333347417819,104.90420102698818
9254,Sumatera Selatan,Kabupaten Banyu Asin,KAMPOENG WISATA YASSAMAN CINDO,-3.112479822352237,104.91128703068243
9255,Sumatera Selatan,Kabupaten Banyu Asin,KOLAM RENANG LOMBOK KENTEN,-2.8842250984698334,104.77555165582348
9256,Sumatera Selatan,Kabupaten Banyu Asin,KOLAM RETENSI & JOGGING TRACK PEMKAB BANYUASIN,-2.9150798986371167,104.40608724417653
9257,Sumatera Selatan,Kabupaten Banyu Asin,MONUMEN FRONT LANGKAN,-2.9225977961732266,104.49102444602366
9258,Sumatera Selatan,Kabupaten Banyu Asin,RUMAH ADAT BARI ,-2.8874242864709987,104.39676158114005
9259,Sumatera Selatan,Kabupaten Banyu Asin,RUMAH LELE ATHALLAH,-2.9276310756064845,104.6504492288353
9260,Sumatera Selatan,Kabupaten Banyu Asin,SEMBAWA AGROPARK,-2.927261445661019,104.53854380988436
9261,Sumatera Selatan,Kabupaten Banyu Asin,TAMAN ASIH,-2.948680135457436,105.00735004232939
9262,Sumatera Selatan,Kabupaten Banyu Asin,TAMAN ASMARA,-2.595016991423069,104.89512896931755
9263,Sumatera Selatan,Kabupaten Banyu Asin,TAMAN CELOSIA JOKIS,-2.8836844611532655,104.7757207423294
9264,Sumatera Selatan,Kabupaten Banyu Asin,TAMAN KOTA PANGKALAN BALAI,-2.904805596341792,104.4096046423294
9265,Sumatera Selatan,Kabupaten Banyu Asin,TAMAN NASIONAL SEMBILANG,-2.3171866387253153,104.7604030423294
9266,Sumatera Selatan,Kabupaten Banyu Asin,TAMAN PELANGI BAMBU SERUMPUN,-2.8862476213017447,104.77387815698773
9267,Sumatera Selatan,Kabupaten Banyu Asin,TAMAN RUSA,-2.887367273046517,104.39720577245805
9268,Sumatera Selatan,Kabupaten Banyu Asin,TANJUNG CARAT,-2.2902403074792512,104.9166947435927
9269,Sumatera Selatan,Kabupaten Banyu Asin,TELAGA KAUTSAR,-2.906737296250039,104.5218416364141
9270,Sumatera Selatan,Kabupaten Empat Lawang,Air Bayau Sumber Air Belerang,-6.2297465,106.829518
9271,Sumatera Selatan,Kabupaten Empat Lawang,Air Terjun 7 Panggung,-3.635236,103.047142
9272,Sumatera Selatan,Kabupaten Empat Lawang,Air Terjun Batu Betiang,-6.2297465,106.829518
9273,Sumatera Selatan,Kabupaten Empat Lawang,Air Terjun Bayau,-6.2297465,106.829518
9274,Sumatera Selatan,Kabupaten Empat Lawang,Air Terjun Curup Embun,-6.2297465,106.829518
9275,Sumatera Selatan,Kabupaten Empat Lawang,Air Terjun Ginting,-6.2297465,106.829518
9276,Sumatera Selatan,Kabupaten Empat Lawang,Air Terjun Pacaran,-6.2297465,106.829518
9277,Sumatera Selatan,Kabupaten Empat Lawang,Air Terjun Rindu Bertutun,-3.575556,106.076525
9278,Sumatera Selatan,Kabupaten Empat Lawang,Air Terjun Saling,-6.2297465,106.829518
9279,Sumatera Selatan,Kabupaten Empat Lawang,Air Terjun Sanghe,-3.610458,103.0859
9280,Sumatera Selatan,Kabupaten Empat Lawang,Batu Bedoroh,-6.2297465,106.829518
9281,Sumatera Selatan,Kabupaten Empat Lawang,Batu Betungku,-6.2297465,106.829518
9282,Sumatera Selatan,Kabupaten Empat Lawang,Batu Galang,-6.2297465,106.829518
9283,Sumatera Selatan,Kabupaten Empat Lawang,Batu Gelega,-3.635236,103.047142
9284,Sumatera Selatan,Kabupaten Empat Lawang,Batu Megalite,-6.2297465,106.829518
9285,Sumatera Selatan,Kabupaten Empat Lawang,Bendungan Cekdam/DAM Proyek,-6.2297465,106.829518
9286,Sumatera Selatan,Kabupaten Empat Lawang,Bendungan Karang Tanding,-6.2297465,106.829518
9287,Sumatera Selatan,Kabupaten Empat Lawang,Goa Batu,-6.2297465,106.829518
9288,Sumatera Selatan,Kabupaten Empat Lawang,Goa Kelambit,-6.2297465,106.829518
9289,Sumatera Selatan,Kabupaten Empat Lawang,Jembatan Musi 1,-3.575531,103.076626
9290,Sumatera Selatan,Kabupaten Empat Lawang,Jembatan Musi 2,-3.610458,106.0859
9291,Sumatera Selatan,Kabupaten Empat Lawang,Jerambah Kawat,-6.2297465,106.829518
9292,Sumatera Selatan,Kabupaten Empat Lawang,Lubung Tudung,-6.2297465,106.829518
9293,Sumatera Selatan,Kabupaten Empat Lawang,Makam Puyang  Anak Dirut,-6.2297465,106.829518
9294,Sumatera Selatan,Kabupaten Empat Lawang,Makam Puyang Bawah Manau,-6.2297465,106.829518
9295,Sumatera Selatan,Kabupaten Empat Lawang,Makam Puyang Gadis,-6.2297465,106.829518
9296,Sumatera Selatan,Kabupaten Empat Lawang,Makam Puyang Lambung Mas,-6.2297465,106.829518
9297,Sumatera Selatan,Kabupaten Empat Lawang,Makam Puyang Pasak Rora,-6.2297465,106.829518
9298,Sumatera Selatan,Kabupaten Empat Lawang,Makam Puyang Putri Rambut Emas,-6.2297465,106.829518
9299,Sumatera Selatan,Kabupaten Empat Lawang,Muare Indah,-3.622636,103.060366
9300,Sumatera Selatan,Kabupaten Empat Lawang,Pama Lebar,-6.2297465,106.829518
9301,Sumatera Selatan,Kabupaten Empat Lawang,Pantai Indah Terusan,-3.635197,103.04713
9302,Sumatera Selatan,Kabupaten Empat Lawang,Pulo Mas,-3.585076,103.087225
9303,Sumatera Selatan,Kabupaten Empat Lawang,Rantau Tenang Indah,-3.621717,103.062145
9304,Sumatera Selatan,Kabupaten Empat Lawang,Suban Air Panas,-6.2297465,106.829518
9305,Sumatera Selatan,Kabupaten Empat Lawang,Sungai Kemaang,-6.2297465,106.829518
9306,Sumatera Selatan,Kabupaten Empat Lawang,Taman Bunga Buaksi,-3.680568,103.045806
9307,Sumatera Selatan,Kabupaten Empat Lawang,Tebat Sekedi,-6.2297465,106.829518
9308,Sumatera Selatan,Kabupaten Empat Lawang,Terowongan Kereta Api Terpanjang di Sumatera selatan.,-3.600373,103.090937
9309,Sumatera Selatan,Kabupaten Empat Lawang,Tugu Empat Lawang,-3.59009,106.082834
9310,Sumatera Selatan,Kabupaten Empat Lawang,Tungku Batu Bekapur,-6.2297465,106.829518
9311,Sumatera Selatan,Kabupaten Empat Lawang,Tungku Raksasa,-6.2297465,106.829518
9312,Sumatera Selatan,Kabupaten Lahat,agro wisata tanjung sakti,-6.2297465,106.829518
9313,Sumatera Selatan,Kabupaten Lahat,Ayek Pacar,-6.2297465,106.829518
9314,Sumatera Selatan,Kabupaten Lahat,bukit besak,-6.2297465,106.829518
9315,Sumatera Selatan,Kabupaten Lahat,bukit jukoh kayu kambing,-6.2297465,106.829518
9316,Sumatera Selatan,Kabupaten Lahat,Bukit puteri (Beteri),-6.2297465,106.829518
9317,Sumatera Selatan,Kabupaten Lahat,cughub buluh ,-6.2297465,106.829518
9318,Sumatera Selatan,Kabupaten Lahat,Cughub haman ,-6.2297465,106.829518
9319,Sumatera Selatan,Kabupaten Lahat,Cughub Lawang Agung,-6.2297465,106.829518
9320,Sumatera Selatan,Kabupaten Lahat,Cughub Maung ,-6.342085,107.214895
9321,Sumatera Selatan,Kabupaten Lahat,cughub uhul,-6.2297465,106.829518
9322,Sumatera Selatan,Kabupaten Lahat,gereja santo mikheal,-6.2297465,106.829518
9323,Sumatera Selatan,Kabupaten Lahat,lemangan ,-6.2297465,106.829518
9324,Sumatera Selatan,Kabupaten Lahat,Puncak Gugah,-6.2297465,106.829518
9325,Sumatera Selatan,Kabupaten Lahat,Situs Megalit Muara Dua,-6.2297465,106.829518
9326,Sumatera Selatan,Kabupaten Lahat,Situs Megalit Rindu,-6.2297465,106.829518
9327,Sumatera Selatan,Kabupaten Lahat,Situs Megalit Sekayeon ,-6.2297465,106.829518
9328,Sumatera Selatan,Kabupaten Lahat,Situs Megalit Sinjar Bulan,-6.2297465,106.829518
9329,Sumatera Selatan,Kabupaten Lahat,Situs Megalit Sumber Karya,-6.2297465,106.829518
9330,Sumatera Selatan,Kabupaten Lahat,Situs Megalit Tanjung Raja,-6.2297465,106.829518
9331,Sumatera Selatan,Kabupaten Lahat,Situs Megalit Tinggi Hari II,-6.2297465,106.829518
9332,Sumatera Selatan,Kabupaten Lahat,Situs Megalit Tinggi Hari III,-6.2297465,106.829518
9333,Sumatera Selatan,Kabupaten Lahat,Situs Megalit Tinggi Hari IV,-6.2297465,106.829518
9334,Sumatera Selatan,Kabupaten Lahat,Sumber air panas ,-6.2297465,106.829518
9335,Sumatera Selatan,Kabupaten Lahat,teladas barun,-6.2297465,106.829518
9336,Sumatera Selatan,Kabupaten Lahat,Water Blue,-6.2297465,106.829518
9337,Sumatera Selatan,Kabupaten Muara Enim,Agrowisata Buah Anggur ,-3.650602,103.774925
9338,Sumatera Selatan,Kabupaten Muara Enim,Agrowisata kebun Kopi Semende,-4.279182,103.456202
9339,Sumatera Selatan,Kabupaten Muara Enim,Air Panas Gemuhak,-6.2297465,106.829518
9340,Sumatera Selatan,Kabupaten Muara Enim,Air Terjun Curup Bali,-6.2297465,106.829518
9341,Sumatera Selatan,Kabupaten Muara Enim,Air Terjun Curup Tenang Bedegung,-3.937404,103.801443
9342,Sumatera Selatan,Kabupaten Muara Enim,Air Terjun Lemutu,-3.937717,103.809553
9343,Sumatera Selatan,Kabupaten Muara Enim,Arung Jeram Bedegung,-3.937404,103.8011443
9344,Sumatera Selatan,Kabupaten Muara Enim,Curup Selingsing,-3.939002,103.811165
9345,Sumatera Selatan,Kabupaten Muara Enim,Danau Cecuho,-3.63926,103.738884
9346,Sumatera Selatan,Kabupaten Muara Enim,Danau Deduhuk,-4.285095,103.452915
9347,Sumatera Selatan,Kabupaten Muara Enim,Danau Kampung Malaka,-3.2119658,104.3599318
9348,Sumatera Selatan,Kabupaten Muara Enim,Danau Kibikan,-3.5765907,104.4308243
9349,Sumatera Selatan,Kabupaten Muara Enim,Danau Mas,-3.530315,103.775075
9350,Sumatera Selatan,Kabupaten Muara Enim,Danau Pulun Lestari,-3.440364,103.918653
9351,Sumatera Selatan,Kabupaten Muara Enim,Danau Segayam,-6.2297465,106.829518
9352,Sumatera Selatan,Kabupaten Muara Enim,Danau Sekintang,-3.684897,104.318006
9353,Sumatera Selatan,Kabupaten Muara Enim,Danau Shuji Lembak,-3.338706,104.306422
9354,Sumatera Selatan,Kabupaten Muara Enim,Kampung Kemayoran Berwarne,-3.654497,103.775673
9355,Sumatera Selatan,Kabupaten Muara Enim,Lembah Dewi Sri,-3.494231,103.924484
9356,Sumatera Selatan,Kabupaten Muara Enim,Museum Batubara Bukit Asam,-3.767541,103.795843
9357,Sumatera Selatan,Kabupaten Muara Enim,Perkebunan Strawberry,-4.19142,103.49207
9358,Sumatera Selatan,Kabupaten Muara Enim,Plumeria Ecopark,-3.633941,103.808365
9359,Sumatera Selatan,Kabupaten Muara Enim,Taman Hijrah ,-3.678839,103.773135
9360,Sumatera Selatan,Kabupaten Muara Enim,Tanjung Enim Zoo & Jogging Track,-3.761563,103.788476
9361,Sumatera Selatan,Kabupaten Muara Enim,Wisata Air Betung Berseri,-3.55104,104.127575
9362,Sumatera Selatan,Kabupaten Muara Enim,Wisata Tambelang Sriwijaya,-3.687624,103.796428
9363,Sumatera Selatan,Kabupaten Musi Banyuasin,AIR MANCUR WARNA WARNI,-6.2297465,106.829518
9364,Sumatera Selatan,Kabupaten Musi Banyuasin,BUKIT PENDAPE,-3.114365,103.706534
9365,Sumatera Selatan,Kabupaten Musi Banyuasin,DANAU KONGER,-2.742559,104.480511
9366,Sumatera Selatan,Kabupaten Musi Banyuasin,Danau Ulak Lia,-6.2297465,106.829518
9367,Sumatera Selatan,Kabupaten Musi Banyuasin,Embung Senja ,-6.2297465,106.829518
9368,Sumatera Selatan,Kabupaten Musi Banyuasin,Manau Kuning ,-6.2297465,106.829518
9369,Sumatera Selatan,Kabupaten Musi Banyuasin,Museum Penghulu Muhammad Soleh,-6.2297465,106.829518
9370,Sumatera Selatan,Kabupaten Musi Banyuasin,PANTAI BONGEN,-2.876263,103.831531
9371,Sumatera Selatan,Kabupaten Musi Banyuasin,Rawa Hijau,-6.2297465,106.829518
9372,Sumatera Selatan,Kabupaten Musi Banyuasin,SIRKUIT SKYLAND,-2.917066,103.767492
9373,Sumatera Selatan,Kabupaten Musi Banyuasin,TAMAN ADIPURA,-3.299469,104.480033
9374,Sumatera Selatan,Kabupaten Musi Banyuasin,TAMAN AIR SERASAN SEKATE,-6.2297465,106.829518
9375,Sumatera Selatan,Kabupaten Musi Banyuasin,TAMAN BELAKANG RUMAH BUPATI,-2.875019,103.838688
9376,Sumatera Selatan,Kabupaten Musi Banyuasin,TAMAN PERMATA MUBA,-6.2297465,106.829518
9377,Sumatera Selatan,Kabupaten Musi Banyuasin,TAMAN SELARAI INDAH,-2.866374,103.837701
9378,Sumatera Selatan,Kabupaten Musi Banyuasin,Taman Toga Mangun Jaya,-6.2297465,106.829518
9379,Sumatera Selatan,Kabupaten Musi Banyuasin,TUGU BINTANG,-6.2297465,106.829518
9380,Sumatera Selatan,Kabupaten Musi Banyuasin,Water Boom Gunung Sari Jos,-6.2297465,106.829518
9381,Sumatera Selatan,Kabupaten Musi Banyuasin,WATERFRONT,-2.874676,103.831798
9382,Sumatera Selatan,Kabupaten Musi Rawas,Air Mancur Batu Putih,-2.9448,"103,184"
9383,Sumatera Selatan,Kabupaten Musi Rawas,Air Terjun Curug Panjang,-3.34245,"102,984"
9384,Sumatera Selatan,Kabupaten Musi Rawas,Air Terjun Curug Tinggi,-3.27717,"102,691"
9385,Sumatera Selatan,Kabupaten Musi Rawas,Air Terjun Gatan,-3.13425,"102,932"
9386,Sumatera Selatan,Kabupaten Musi Rawas,Air Terjun Satan,-3.23883,103.02
9387,Sumatera Selatan,Kabupaten Musi Rawas,Air Terjun Sri Pengantin,-3.12153,"102,713"
9388,Sumatera Selatan,Kabupaten Musi Rawas,Bendungan Tingkip,-3.10113,"102,972"
9389,Sumatera Selatan,Kabupaten Musi Rawas,Bukit Botak,-3.15626,"102,923"
9390,Sumatera Selatan,Kabupaten Musi Rawas,Bukit Cogong,-3.15126,"102,907"
9391,Sumatera Selatan,Kabupaten Musi Rawas,Danau Aur,-3.09948,"102,927"
9392,Sumatera Selatan,Kabupaten Musi Rawas,Danau Gegas,-3.24965,"103,137"
9393,Sumatera Selatan,Kabupaten Musi Rawas,Danau Suka Hati,-3.07972,"102,944"
9394,Sumatera Selatan,Kabupaten Musi Rawas,Embung Desa T2 Purwakarya,-3.10113,"102,972"
9395,Sumatera Selatan,Kabupaten Musi Rawas,Masjid Agung Darussalam,-3.2419,103.01
9396,Sumatera Selatan,Kabupaten Musi Rawas,Rumah Pangeran Roes,-2.856590700000001,103.3081736
9397,Sumatera Selatan,Kabupaten Musi Rawas,Taman Beliti Anggong,-3.25552,"103,026"
9398,Sumatera Selatan,Kabupaten Musi Rawas,Taman Beregam,-3.2422,"103,012"
9399,Sumatera Selatan,Kabupaten Musi Rawas,Taman Wisata Mia Al-Nasri,-2.89811,"103,313"
9400,Sumatera Selatan,Kabupaten Musi Rawas Utara,Air Terjun Muara meredem,-2.913677,102.6462
9401,Sumatera Selatan,Kabupaten Musi Rawas Utara,Air terjun sosokan,-2.701536,102.403087
9402,Sumatera Selatan,Kabupaten Musi Rawas Utara,Air Terjun Tingkat Pulau Kidak,-2.733062,102.537038
9403,Sumatera Selatan,Kabupaten Musi Rawas Utara,Air Terjun Ulu Tiku,-2.856587,102.780316
9404,Sumatera Selatan,Kabupaten Musi Rawas Utara,Batu Ampar,-2.69881,102.337727
9405,Sumatera Selatan,Kabupaten Musi Rawas Utara,Bekarang sawah,-2.849121,102.811051
9406,Sumatera Selatan,Kabupaten Musi Rawas Utara,Candi Lesung Batu,-2.628969,102.807227
9407,Sumatera Selatan,Kabupaten Musi Rawas Utara,Candi Tingkip,-6.2297465,106.829518
9408,Sumatera Selatan,Kabupaten Musi Rawas Utara,curug leran,-2.633044,102.793601
9409,Sumatera Selatan,Kabupaten Musi Rawas Utara,dam buki ulu,-3.009366,102.710545
9410,Sumatera Selatan,Kabupaten Musi Rawas Utara,Dam lesung batu,-2.629566,102.810995
9411,Sumatera Selatan,Kabupaten Musi Rawas Utara,Danau Biru,-2.747844,102.894138
9412,Sumatera Selatan,Kabupaten Musi Rawas Utara,danau rayo,-2.641354,102.881292
9413,Sumatera Selatan,Kabupaten Musi Rawas Utara,Ex Tambang BTM,-2.911008,102.719642
9414,Sumatera Selatan,Kabupaten Musi Rawas Utara,goa batu napal licin,-2.705303,102.360454
9415,Sumatera Selatan,Kabupaten Musi Rawas Utara,Jerambah Lamo,-2.717554,102.909344
9416,Sumatera Selatan,Kabupaten Musi Rawas Utara,Makam Keramat Putri Daro Putih,-2.665053,102.835029
9417,Sumatera Selatan,Kabupaten Musi Rawas Utara,Pusaka Tanduk Kerbau,-2.858025,102.784013
9418,Sumatera Selatan,Kabupaten Musi Rawas Utara,Taman Bunga Agro Politan,-2.55883,102.727756
9419,Sumatera Selatan,Kabupaten Musi Rawas Utara,Taman Kuliner,-2.698319,102.902811
9420,Sumatera Selatan,Kabupaten Musi Rawas Utara,Taman Tugu Perbatasan,-3.003303,102.797801
9421,Sumatera Selatan,Kabupaten Musi Rawas Utara,Telun7,-2.796531,102.822306
9422,Sumatera Selatan,Kabupaten Ogan Ilir,Danau Palem Raya,-3.2166041,104.6960602
9423,Sumatera Selatan,Kabupaten Ogan Ilir,Danau Teluk Seruo,-3.259351,104.6435
9424,Sumatera Selatan,Kabupaten Ogan Ilir,Kebun SiPunai,-3.2373754,104.6708631
9425,Sumatera Selatan,Kabupaten Ogan Ilir,Kolam Renang Adellia Tirta,-3.3513503,104.7589948
9426,Sumatera Selatan,Kabupaten Ogan Ilir,Kolam Renang Rafflesia Tirta,-3.3718105,104.7542676
9427,Sumatera Selatan,Kabupaten Ogan Ilir,Masjid H. Bayumi Wahab,-3.26568718785,104.682409689
9428,Sumatera Selatan,Kabupaten Ogan Ilir,Sejarah Putri Pinang Masak,-3.426034,104.65044
9429,Sumatera Selatan,Kabupaten Ogan Ilir,Taman Pancasila,-3.20617,104.653397
9430,Sumatera Selatan,Kabupaten Ogan Ilir,Tanjung Pering Garden,-3.2247121,104.612479
9431,Sumatera Selatan,Kabupaten Ogan Ilir,Terraz Waterpark,-3.3493321,104.6203986
9432,Sumatera Selatan,Kabupaten Ogan Komering Ilir,Bukit Batu Serunting Sakti,-3.114242047501752,105.11996994021982
9433,Sumatera Selatan,Kabupaten Ogan Komering Ilir,Danau Teloko,-3.3644645290997612,104.88358016252559
9434,Sumatera Selatan,Kabupaten Ogan Komering Ilir,Griya Tirta,-3.3792884364588325,104.83198481020683
9435,Sumatera Selatan,Kabupaten Ogan Komering Ilir,Kolam Renang 5 Saudara,-3.4043803588974373,104.83087672554896
9436,Sumatera Selatan,Kabupaten Ogan Komering Ilir,Lebak Deling,-3.248886005043531,105.08376243175266
9437,Sumatera Selatan,Kabupaten Ogan Komering Ilir,Midang Morge Siwe,-3.3676042570788387,104.83551145428854
9438,Sumatera Selatan,Kabupaten Ogan Komering Ilir,Pantai Menjangan,-3.794455431741126,105.9414022136025
9439,Sumatera Selatan,Kabupaten Ogan Komering Ilir,Pulau Maspari,-3.2122410827738057,106.21729447036233
9440,Sumatera Selatan,Kabupaten Ogan Komering Ilir,Rumah 100 Tiang Desa Sugih Waras,-3.515084189838517,104.76250593745492
9441,Sumatera Selatan,Kabupaten Ogan Komering Ilir,Sungai Komering,-3.392966890485965,104.83406475489147
9442,Sumatera Selatan,Kabupaten Ogan Komering Ilir,Taman Beladas,-3.516006494781659,104.76261624650492
9443,Sumatera Selatan,Kabupaten Ogan Komering Ilir,Taman Kota Residen Yahya,-3.391237913887973,104.83248978752663
9444,Sumatera Selatan,Kabupaten Ogan Komering Ilir,Taman Panatai Love,-3.3923521327632655,104.83389321458164
9445,Sumatera Selatan,Kabupaten Ogan Komering Ilir,Taman SegItiga Emas Kayuagung,-3.4069313338530605,104.82438818288341
9446,Sumatera Selatan,Kabupaten Ogan Komering Ilir,Tirta Kahuripan,-3.8587210438011947,104.88985347952439
9447,Sumatera Selatan,Kabupaten Ogan Komering Ilir,Tugu Gading Gajah,-3.36317065465026,104.81904598819446
9448,Sumatera Selatan,Kabupaten Ogan Komering Ilir,Waterboom Sedyo Mulyo Asri,-3.6515734346704547,105.03737449353173
9449,Sumatera Selatan,Kabupaten Ogan Komering Ilir,Waterboom Tirta Mulya,-3.54775625945739,104.89309464957732
9450,Sumatera Selatan,Kabupaten Ogan Komering Ilir,Wisata Air Danau Teluk Gelam,-3.5627760030344318,104.79405301245913
9451,Sumatera Selatan,Kabupaten Ogan Komering Ilir,Wisata Danau Teluk Rasau,-3.5218882371274067,104.8508482
9452,Sumatera Selatan,Kabupaten Ogan Komering Ulu,Agro Wisata,-6.2297465,106.829518
9453,Sumatera Selatan,Kabupaten Ogan Komering Ulu,Air Panas Gemuhak,-6.2297465,106.829518
9454,Sumatera Selatan,Kabupaten Ogan Komering Ulu,Air Terjun Ayakh Panas Nabang,-4.173483,103.708191
9455,Sumatera Selatan,Kabupaten Ogan Komering Ulu,Air Terjun Batu Pahat,-6.2297465,106.829518
9456,Sumatera Selatan,Kabupaten Ogan Komering Ulu,Air Terjun Cuhup Pisang,-4.11801,103.742867
9457,Sumatera Selatan,Kabupaten Ogan Komering Ulu,Air Terjun Cuhup Puakh,-4.190432,103.74218
9458,Sumatera Selatan,Kabupaten Ogan Komering Ulu,Air Terjun Curup Dukduk,-6.2297465,106.829518
9459,Sumatera Selatan,Kabupaten Ogan Komering Ulu,Air Terjun Duk Duk,-6.2297465,106.829518
9460,Sumatera Selatan,Kabupaten Ogan Komering Ulu,Air Terjun Gambir,-4.182557,103.72673
9461,Sumatera Selatan,Kabupaten Ogan Komering Ulu,Air Terjun Junjung Agung,-4.22002,103.697205
9462,Sumatera Selatan,Kabupaten Ogan Komering Ulu,Air Terjun Katung,-4.152253,104.141636
9463,Sumatera Selatan,Kabupaten Ogan Komering Ulu,Air Terjun Kudau,-6.2297465,106.829518
9464,Sumatera Selatan,Kabupaten Ogan Komering Ulu,Air Terjun Napalan,-6.2297465,106.829518
9465,Sumatera Selatan,Kabupaten Ogan Komering Ulu,Air Terjun Pahatan,-4.155999,104.1467
9466,Sumatera Selatan,Kabupaten Ogan Komering Ulu,Air Terjun Pungau,-6.2297465,106.829518
9467,Sumatera Selatan,Kabupaten Ogan Komering Ulu,Air Terjun Putri Mandi,-6.2297465,106.829518
9468,Sumatera Selatan,Kabupaten Ogan Komering Ulu,Air Terjun Siang Bulan,-6.2297465,106.829518
9469,Sumatera Selatan,Kabupaten Ogan Komering Ulu,Air Terjun Tembulun,-3.965269,103.934097
9470,Sumatera Selatan,Kabupaten Ogan Komering Ulu,Aliran Sungai Ogan,-6.2297465,106.829518
9471,Sumatera Selatan,Kabupaten Ogan Komering Ulu,Ayakh Nangke,-4.182043,103.73806
9472,Sumatera Selatan,Kabupaten Ogan Komering Ulu,Ayakh Suak Lintang,-4.156333,103.743896
9473,Sumatera Selatan,Kabupaten Ogan Komering Ulu,Balai Benih Ikan,-4.120576,103.954974
9474,Sumatera Selatan,Kabupaten Ogan Komering Ulu,Batu Ampar,-6.2297465,106.829518
9475,Sumatera Selatan,Kabupaten Ogan Komering Ulu,Batu Bekatak,-4.26767,104.136314
9476,Sumatera Selatan,Kabupaten Ogan Komering Ulu,Batu Buaya ,-4.113866,104.179154
9477,Sumatera Selatan,Kabupaten Ogan Komering Ulu,Batu Lesung Bintang,-4.163721,104.133688
9478,Sumatera Selatan,Kabupaten Ogan Komering Ulu,Batu Tupai,-6.2297465,106.829518
9479,Sumatera Selatan,Kabupaten Ogan Komering Ulu,Baturaja Eco Park Zoo,-3.859323,104.415678
9480,Sumatera Selatan,Kabupaten Ogan Komering Ulu,Bedali PTP. Nusantara VII,-4.042978,104.250565
9481,Sumatera Selatan,Kabupaten Ogan Komering Ulu,Bukit Pasir Kuarsa,-4.138667,104.199779
9482,Sumatera Selatan,Kabupaten Ogan Komering Ulu,Bukit Pelawi,-6.2297465,106.829518
9483,Sumatera Selatan,Kabupaten Ogan Komering Ulu,Curug Langgah,-4.303946,104.007053
9484,Sumatera Selatan,Kabupaten Ogan Komering Ulu,Curup Air Paoh,-6.2297465,106.829518
9485,Sumatera Selatan,Kabupaten Ogan Komering Ulu,Curup Sabatra,-4.1497,104.128418
9486,Sumatera Selatan,Kabupaten Ogan Komering Ulu,Curup Tri Mulya,-6.2297465,106.829518
9487,Sumatera Selatan,Kabupaten Ogan Komering Ulu,DAM,-4.163054,104.138374
9488,Sumatera Selatan,Kabupaten Ogan Komering Ulu,Gelanggang Olahraga,-4.133982,104.189322
9489,Sumatera Selatan,Kabupaten Ogan Komering Ulu,Goa Akar,-6.2297465,106.829518
9490,Sumatera Selatan,Kabupaten Ogan Komering Ulu,Goa Gajah,-4.143008,104.120693
9491,Sumatera Selatan,Kabupaten Ogan Komering Ulu,Goa Harimau,-4.139031,104.019298
9492,Sumatera Selatan,Kabupaten Ogan Komering Ulu,Goa Kelambit,-4.137526,104.204564
9493,Sumatera Selatan,Kabupaten Ogan Komering Ulu,Goa Putri,-4.139391,104.018628
9494,Sumatera Selatan,Kabupaten Ogan Komering Ulu,Goa Selabe,-3.34097,103.410394
9495,Sumatera Selatan,Kabupaten Ogan Komering Ulu,Goa Tembus,-6.2297465,106.829518
9496,Sumatera Selatan,Kabupaten Ogan Komering Ulu,Gua Lubuk Hidung,-4.137909,104.203367
9497,Sumatera Selatan,Kabupaten Ogan Komering Ulu,Kolam Renang,-4.132795,104.189303
9498,Sumatera Selatan,Kabupaten Ogan Komering Ulu,Kubangan Naga,-4.14594,104.140005
9499,Sumatera Selatan,Kabupaten Ogan Komering Ulu,Makam Puyang,-4.155506,104.139919
9500,Sumatera Selatan,Kabupaten Ogan Komering Ulu,Masjid Agung Baturaja,-4.139331,104.186496
9501,Sumatera Selatan,Kabupaten Ogan Komering Ulu,Objek Wisata Air Terjun Kambas ,-4.094037,103.770803
9502,Sumatera Selatan,Kabupaten Ogan Komering Ulu,Objek Wisata Rantau Kumpai,-4.195632,104.088152
9503,Sumatera Selatan,Kabupaten Ogan Komering Ulu,Ogan Mati,-6.2297465,106.829518
9504,Sumatera Selatan,Kabupaten Ogan Komering Ulu,Pemandian Cucul,-6.2297465,106.829518
9505,Sumatera Selatan,Kabupaten Ogan Komering Ulu,Pemandian Hawa,-6.2297465,106.829518
9506,Sumatera Selatan,Kabupaten Ogan Komering Ulu,Perkebunan Duku,-6.2297465,106.829518
9507,Sumatera Selatan,Kabupaten Ogan Komering Ulu,Sakura Island,-4.09592,104.172487
9508,Sumatera Selatan,Kabupaten Ogan Komering Ulu,Stadion Madya Kemiling,-4.134207,104.20385
9509,Sumatera Selatan,Kabupaten Ogan Komering Ulu,Taman Bunga Baturaja,-4.131789,104.194742
9510,Sumatera Selatan,Kabupaten Ogan Komering Ulu,Taman Jodoh Farlasta,-4.191938,104.279711
9511,Sumatera Selatan,Kabupaten Ogan Komering Ulu,Taman Kota A. Yani,-4.124073,104.167972
9512,Sumatera Selatan,Kabupaten Ogan Komering Ulu,Taman Wisata Arga Indah,-4.12137,104.156985
9513,Sumatera Selatan,Kabupaten Ogan Komering Ulu,Taman Wisata Family,-4.188857,104.282452
9514,Sumatera Selatan,Kabupaten Ogan Komering Ulu,Taman Wisata Mini Taman Anak Anak Tirta Nirmala Dewi,-4.193325,104.277949
9515,Sumatera Selatan,Kabupaten Ogan Komering Ulu,"UPTD, Agrabisnis Pertanian ",-4.05592,104.063692
9516,Sumatera Selatan,Kabupaten Ogan Komering Ulu,Wisata Bukit Karang ,-4.135887,104.20269
9517,Sumatera Selatan,Kabupaten Ogan Komering Ulu,Wisata Pondok Pangkul,-4.096287,104.179947
9518,Sumatera Selatan,Kabupaten Ogan Komering Ulu,Wisata Telaga Arum,-4.204253,104.245977
9519,Sumatera Selatan,Kabupaten Ogan Komering Ulu Selatan,AIR MUNCAR,-6.2297465,106.829518
9520,Sumatera Selatan,Kabupaten Ogan Komering Ulu Selatan,AIR PANAS GEMBUHAK BUBUW,-6.2297465,106.829518
9521,Sumatera Selatan,Kabupaten Ogan Komering Ulu Selatan,AIR PANAS GEMBUHAK MALUAN,-6.2297465,106.829518
9522,Sumatera Selatan,Kabupaten Ogan Komering Ulu Selatan,AIR PANAS GEMUHAK,-6.2297465,106.829518
9523,Sumatera Selatan,Kabupaten Ogan Komering Ulu Selatan,AIR PANAS KOTA BATU,-4.877581195462723,103.98191756574154
9524,Sumatera Selatan,Kabupaten Ogan Komering Ulu Selatan,AIR PANAS/GEMBUHAK BADAS,-4.368890508735328,103.66057539965954
9525,Sumatera Selatan,Kabupaten Ogan Komering Ulu Selatan,AIR PANAS/GEMBUHAK MAH RAHAYU,-4.368327188940109,103.66601684334358
9526,Sumatera Selatan,Kabupaten Ogan Komering Ulu Selatan,AIR TEJUN MELKI,-6.2297465,106.829518
9527,Sumatera Selatan,Kabupaten Ogan Komering Ulu Selatan,AIR TERJUN  CEMADANG TIGA  TINGKAT,-6.2297465,106.829518
9528,Sumatera Selatan,Kabupaten Ogan Komering Ulu Selatan,AIR TERJUN 10 PANGGUNG,-6.2297465,106.829518
9529,Sumatera Selatan,Kabupaten Ogan Komering Ulu Selatan,AIR TERJUN 100 METER,-6.2297465,106.829518
9530,Sumatera Selatan,Kabupaten Ogan Komering Ulu Selatan,AIR TERJUN 7 PAPAN,-6.2297465,106.829518
9531,Sumatera Selatan,Kabupaten Ogan Komering Ulu Selatan,AIR TERJUN AIK ITAM,-4.468772446843983,103.65174212391449
9532,Sumatera Selatan,Kabupaten Ogan Komering Ulu Selatan,AIR TERJUN AYIK TAK BERIKAN,-6.2297465,106.829518
9533,Sumatera Selatan,Kabupaten Ogan Komering Ulu Selatan,AIR TERJUN BATU BEDEGUM,-4.401402571352492,103.65153848394367
9534,Sumatera Selatan,Kabupaten Ogan Komering Ulu Selatan,AIR TERJUN BETRI,-4.438820693359133,103.55330023814922
9535,Sumatera Selatan,Kabupaten Ogan Komering Ulu Selatan,AIR TERJUN BUKIT GERBA,-6.2297465,106.829518
9536,Sumatera Selatan,Kabupaten Ogan Komering Ulu Selatan,AIR TERJUN CAMPANG,-6.2297465,106.829518
9537,Sumatera Selatan,Kabupaten Ogan Komering Ulu Selatan,AIR TERJUN CURUP EMBUN,-6.2297465,106.829518
9538,Sumatera Selatan,Kabupaten Ogan Komering Ulu Selatan,AIR TERJUN CURUP MERPANG,-6.2297465,106.829518
9539,Sumatera Selatan,Kabupaten Ogan Komering Ulu Selatan,AIR TERJUN CURUP PAYUNG,-6.2297465,106.829518
9540,Sumatera Selatan,Kabupaten Ogan Komering Ulu Selatan,AIR TERJUN CURUP SENAKAU,-6.2297465,106.829518
9541,Sumatera Selatan,Kabupaten Ogan Komering Ulu Selatan,AIR TERJUN CURUP TEMIANG,-6.2297465,106.829518
9542,Sumatera Selatan,Kabupaten Ogan Komering Ulu Selatan,AIR TERJUN DANAU RINGIT,-4.380648178243932,103.64580293621235
9543,Sumatera Selatan,Kabupaten Ogan Komering Ulu Selatan,AIR TERJUN DATAR,-4.526339668926539,104.03080239372873
9544,Sumatera Selatan,Kabupaten Ogan Komering Ulu Selatan,AIR TERJUN DYANG KANDUM,-6.2297465,106.829518
9545,Sumatera Selatan,Kabupaten Ogan Komering Ulu Selatan,AIR TERJUN HURANGAN,-6.2297465,106.829518
9546,Sumatera Selatan,Kabupaten Ogan Komering Ulu Selatan,AIR TERJUN JATI,-6.2297465,106.829518
9547,Sumatera Selatan,Kabupaten Ogan Komering Ulu Selatan,AIR TERJUN JERAM,-6.2297465,106.829518
9548,Sumatera Selatan,Kabupaten Ogan Komering Ulu Selatan,AIR TERJUN JERAM,-6.2297465,106.829518
9549,Sumatera Selatan,Kabupaten Ogan Komering Ulu Selatan,AIR TERJUN JERAM SUNGAI KISAM,-6.2297465,106.829518
9550,Sumatera Selatan,Kabupaten Ogan Komering Ulu Selatan,AIR TERJUN JURING MUTUNG,-4.401918652177274,103.64947100956387
9551,Sumatera Selatan,Kabupaten Ogan Komering Ulu Selatan,AIR TERJUN KABAYAN,-6.2297465,106.829518
9552,Sumatera Selatan,Kabupaten Ogan Komering Ulu Selatan,AIR TERJUN KEBAN AGUNG,-6.2297465,106.829518
9553,Sumatera Selatan,Kabupaten Ogan Komering Ulu Selatan,AIR TERJUN KELUMPANG,-6.2297465,106.829518
9554,Sumatera Selatan,Kabupaten Ogan Komering Ulu Selatan,AIR TERJUN KEMBAR,-6.2297465,106.829518
9555,Sumatera Selatan,Kabupaten Ogan Komering Ulu Selatan,AIR TERJUN KEPAYANG,-6.2297465,106.829518
9556,Sumatera Selatan,Kabupaten Ogan Komering Ulu Selatan,AIR TERJUN KUBANG,-6.2297465,106.829518
9557,Sumatera Selatan,Kabupaten Ogan Komering Ulu Selatan,AIR TERJUN LA'AI,-4.83008667029442,103.89611581584495
9558,Sumatera Selatan,Kabupaten Ogan Komering Ulu Selatan,AIR TERJUN LUMAI,-6.2297465,106.829518
9559,Sumatera Selatan,Kabupaten Ogan Komering Ulu Selatan,AIR TERJUN MANDURIANG,-6.2297465,106.829518
9560,Sumatera Selatan,Kabupaten Ogan Komering Ulu Selatan,AIR TERJUN NIAGARA,-6.2297465,106.829518
9561,Sumatera Selatan,Kabupaten Ogan Komering Ulu Selatan,AIR TERJUN PAPAN,-4.403674517417678,103.89727349046211
9562,Sumatera Selatan,Kabupaten Ogan Komering Ulu Selatan,AIR TERJUN PIUS,-6.2297465,106.829518
9563,Sumatera Selatan,Kabupaten Ogan Komering Ulu Selatan,AIR TERJUN REJAB,-6.2297465,106.829518
9564,Sumatera Selatan,Kabupaten Ogan Komering Ulu Selatan,AIR TERJUN SAKA KIRI,-4.40749875298511,103.64973383760626
9565,Sumatera Selatan,Kabupaten Ogan Komering Ulu Selatan,AIR TERJUN SEKELI,-6.2297465,106.829518
9566,Sumatera Selatan,Kabupaten Ogan Komering Ulu Selatan,AIR TERJUN SEKUPUI,-6.2297465,106.829518
9567,Sumatera Selatan,Kabupaten Ogan Komering Ulu Selatan,AIR TERJUN SELENDANG,-6.2297465,106.829518
9568,Sumatera Selatan,Kabupaten Ogan Komering Ulu Selatan,AIR TERJUN SERUMAN,-6.2297465,106.829518
9569,Sumatera Selatan,Kabupaten Ogan Komering Ulu Selatan,AIR TERJUN SIMPANG SENDER,-6.2297465,106.829518
9570,Sumatera Selatan,Kabupaten Ogan Komering Ulu Selatan,AIR TERJUN SUBIK TUHA,-4.8363300310187505,103.99971345930382
9571,Sumatera Selatan,Kabupaten Ogan Komering Ulu Selatan,AIR TERJUN SUNGAI KISAM,-6.2297465,106.829518
9572,Sumatera Selatan,Kabupaten Ogan Komering Ulu Selatan,AIR TERJUN SUNGAI SAKA,-6.2297465,106.829518
9573,Sumatera Selatan,Kabupaten Ogan Komering Ulu Selatan,AIR TERJUN SUNGAI SENULU,-6.2297465,106.829518
9574,Sumatera Selatan,Kabupaten Ogan Komering Ulu Selatan,AIR TERJUN TANJUNG BARU,-6.2297465,106.829518
9575,Sumatera Selatan,Kabupaten Ogan Komering Ulu Selatan,AIR TERJUN TIDURAN KAMBING,-6.2297465,106.829518
9576,Sumatera Selatan,Kabupaten Ogan Komering Ulu Selatan,AIR TERJUN TUJUH PANGGUNG,-6.2297465,106.829518
9577,Sumatera Selatan,Kabupaten Ogan Komering Ulu Selatan,AIR TERJUN UJAN MAS,-6.2297465,106.829518
9578,Sumatera Selatan,Kabupaten Ogan Komering Ulu Selatan,AYIK JEHIJIH,-6.2297465,106.829518
9579,Sumatera Selatan,Kabupaten Ogan Komering Ulu Selatan,BALAI BENIH IKAN,-6.2297465,106.829518
9580,Sumatera Selatan,Kabupaten Ogan Komering Ulu Selatan,BALAI BENIH IKAN (BBI),-6.2297465,106.829518
9581,Sumatera Selatan,Kabupaten Ogan Komering Ulu Selatan,BATU BADAK,-6.2297465,106.829518
9582,Sumatera Selatan,Kabupaten Ogan Komering Ulu Selatan,BATU BERSUSUN,-6.2297465,106.829518
9583,Sumatera Selatan,Kabupaten Ogan Komering Ulu Selatan,BATU BERTANGKUP,-6.2297465,106.829518
9584,Sumatera Selatan,Kabupaten Ogan Komering Ulu Selatan,BATU CIUMAN,-6.2297465,106.829518
9585,Sumatera Selatan,Kabupaten Ogan Komering Ulu Selatan,BATU JUNG,-6.2297465,106.829518
9586,Sumatera Selatan,Kabupaten Ogan Komering Ulu Selatan,BATU KEBAYAN,-6.2297465,106.829518
9587,Sumatera Selatan,Kabupaten Ogan Komering Ulu Selatan,BATU KURSI,-6.2297465,106.829518
9588,Sumatera Selatan,Kabupaten Ogan Komering Ulu Selatan,BATU LESUNG,-6.2297465,106.829518
9589,Sumatera Selatan,Kabupaten Ogan Komering Ulu Selatan,BATU LESUNG,-6.2297465,106.829518
9590,Sumatera Selatan,Kabupaten Ogan Komering Ulu Selatan,BATU MARMER,-6.2297465,106.829518
9591,Sumatera Selatan,Kabupaten Ogan Komering Ulu Selatan,BATU MEGA,-6.2297465,106.829518
9592,Sumatera Selatan,Kabupaten Ogan Komering Ulu Selatan,BATU MERIAM,-6.2297465,106.829518
9593,Sumatera Selatan,Kabupaten Ogan Komering Ulu Selatan,BATU PASIR BERAS PASIR,-6.2297465,106.829518
9594,Sumatera Selatan,Kabupaten Ogan Komering Ulu Selatan,BATU PERAHU TELUNGKUP,-6.2297465,106.829518
9595,Sumatera Selatan,Kabupaten Ogan Komering Ulu Selatan,BATU PETI,-6.2297465,106.829518
9596,Sumatera Selatan,Kabupaten Ogan Komering Ulu Selatan,BATU SEJAJAR,-6.2297465,106.829518
9597,Sumatera Selatan,Kabupaten Ogan Komering Ulu Selatan,BATU TAPAK PUYANG,-6.2297465,106.829518
9598,Sumatera Selatan,Kabupaten Ogan Komering Ulu Selatan,BATU TAPAK SERIBU,-6.2297465,106.829518
9599,Sumatera Selatan,Kabupaten Ogan Komering Ulu Selatan,BATU TAPAL,-6.2297465,106.829518
9600,Sumatera Selatan,Kabupaten Ogan Komering Ulu Selatan,BENTENG TINGGI,-6.2297465,106.829518
9601,Sumatera Selatan,Kabupaten Ogan Komering Ulu Selatan,BUKIT BATU BARA,-6.2297465,106.829518
9602,Sumatera Selatan,Kabupaten Ogan Komering Ulu Selatan,BUKIT MUTIARA GARDEN,-4.843288754536666,104.0093501477054
9603,Sumatera Selatan,Kabupaten Ogan Komering Ulu Selatan,CANDI JEPARA,-6.2297465,106.829518
9604,Sumatera Selatan,Kabupaten Ogan Komering Ulu Selatan,DANAU KUNING,-6.2297465,106.829518
9605,Sumatera Selatan,Kabupaten Ogan Komering Ulu Selatan,DANAU RAKIHAN,-6.2297465,106.829518
9606,Sumatera Selatan,Kabupaten Ogan Komering Ulu Selatan,DANAU UPUNGAN,-6.2297465,106.829518
9607,Sumatera Selatan,Kabupaten Ogan Komering Ulu Selatan,GOA ASMARA,-6.2297465,106.829518
9608,Sumatera Selatan,Kabupaten Ogan Komering Ulu Selatan,GOA KELAMBIT,-4.416477190576693,104.15236321919194
9609,Sumatera Selatan,Kabupaten Ogan Komering Ulu Selatan,GOA KELAMBIT PELANGKI,-6.2297465,106.829518
9610,Sumatera Selatan,Kabupaten Ogan Komering Ulu Selatan,GOA RATU,-4.517851327215415,103.96737241498566
9611,Sumatera Selatan,Kabupaten Ogan Komering Ulu Selatan,GOA SARANG BURUNG WALET,-6.2297465,106.829518
9612,Sumatera Selatan,Kabupaten Ogan Komering Ulu Selatan,GOA SERAWO,-6.2297465,106.829518
9613,Sumatera Selatan,Kabupaten Ogan Komering Ulu Selatan,ICON TULISAN DANAU RANAU,-6.2297465,106.829518
9614,Sumatera Selatan,Kabupaten Ogan Komering Ulu Selatan,JEMBATAN GANTUNG,-6.2297465,106.829518
9615,Sumatera Selatan,Kabupaten Ogan Komering Ulu Selatan,KERAMAT SERANJANG,-6.2297465,106.829518
9616,Sumatera Selatan,Kabupaten Ogan Komering Ulu Selatan,KERAMAT TANJUNG KEDATUN,-6.2297465,106.829518
9617,Sumatera Selatan,Kabupaten Ogan Komering Ulu Selatan,KERAMAT UMPU BATIN TUHA,-6.2297465,106.829518
9618,Sumatera Selatan,Kabupaten Ogan Komering Ulu Selatan,KOLAM AIR DERAS,-6.2297465,106.829518
9619,Sumatera Selatan,Kabupaten Ogan Komering Ulu Selatan,LAMBAN TUHA,-6.2297465,106.829518
9620,Sumatera Selatan,Kabupaten Ogan Komering Ulu Selatan,LAMBAN TUHA,-6.2297465,106.829518
9621,Sumatera Selatan,Kabupaten Ogan Komering Ulu Selatan,LEMARI TUE,-6.2297465,106.829518
9622,Sumatera Selatan,Kabupaten Ogan Komering Ulu Selatan,LESUNG BATU,-6.2297465,106.829518
9623,Sumatera Selatan,Kabupaten Ogan Komering Ulu Selatan,LUANG BETUNG,-6.2297465,106.829518
9624,Sumatera Selatan,Kabupaten Ogan Komering Ulu Selatan,LUBUK KOLAM,-6.2297465,106.829518
9625,Sumatera Selatan,Kabupaten Ogan Komering Ulu Selatan,MAKAM PUYANG AIR RAMBUTAN,-6.2297465,106.829518
9626,Sumatera Selatan,Kabupaten Ogan Komering Ulu Selatan,MAKAM PUYANG BALE SERIBU,-6.2297465,106.829518
9627,Sumatera Selatan,Kabupaten Ogan Komering Ulu Selatan,MAKAM PUYANG EMPU SERAWAN,-6.2297465,106.829518
9628,Sumatera Selatan,Kabupaten Ogan Komering Ulu Selatan,MAKAM PUYANG GERIZAK,-6.2297465,106.829518
9629,Sumatera Selatan,Kabupaten Ogan Komering Ulu Selatan,MAKAM PUYANG H. ABDULLAH,-6.2297465,106.829518
9630,Sumatera Selatan,Kabupaten Ogan Komering Ulu Selatan,MAKAM PUYANG ITAM MANIS,-6.2297465,106.829518
9631,Sumatera Selatan,Kabupaten Ogan Komering Ulu Selatan,MAKAM PUYANG MAMBANG SAKTI,-6.2297465,106.829518
9632,Sumatera Selatan,Kabupaten Ogan Komering Ulu Selatan,MAKAM PUYANG MERUHUM,-6.2297465,106.829518
9633,Sumatera Selatan,Kabupaten Ogan Komering Ulu Selatan,MAKAM PUYANG MINAK BALA SERIBU,-6.2297465,106.829518
9634,Sumatera Selatan,Kabupaten Ogan Komering Ulu Selatan,MAKAM PUYANG PUTRI,-6.2297465,106.829518
9635,Sumatera Selatan,Kabupaten Ogan Komering Ulu Selatan,MAKAM PUYANG RAJE KUASE,-6.2297465,106.829518
9636,Sumatera Selatan,Kabupaten Ogan Komering Ulu Selatan,MAKAM PUYANG RAKSA BAYA,-6.2297465,106.829518
9637,Sumatera Selatan,Kabupaten Ogan Komering Ulu Selatan,MAKAM PUYANG SEKUNTAI,-6.2297465,106.829518
9638,Sumatera Selatan,Kabupaten Ogan Komering Ulu Selatan,MAKAM PUYANG SEMBRANI SAKTI,-6.2297465,106.829518
9639,Sumatera Selatan,Kabupaten Ogan Komering Ulu Selatan,MAKAM PUYANG SERUNTING SAKTI,-4.498487320324078,103.63638862238558
9640,Sumatera Selatan,Kabupaten Ogan Komering Ulu Selatan,MAKAM RATU NEGKUSE,-6.2297465,106.829518
9641,Sumatera Selatan,Kabupaten Ogan Komering Ulu Selatan,MAKAM SIPAHIT LIDAH,-6.2297465,106.829518
9642,Sumatera Selatan,Kabupaten Ogan Komering Ulu Selatan,MATA AIR KUCING,-6.2297465,106.829518
9643,Sumatera Selatan,Kabupaten Ogan Komering Ulu Selatan,MENHER,-6.2297465,106.829518
9644,Sumatera Selatan,Kabupaten Ogan Komering Ulu Selatan,OBJEK WISATA DANAU RANAU,-4.842445904163393,103.93691974811424
9645,Sumatera Selatan,Kabupaten Ogan Komering Ulu Selatan,PANTAI BIDADARI,-4.815965577381515,103.91704719703901
9646,Sumatera Selatan,Kabupaten Ogan Komering Ulu Selatan,PANTAI PELANGI,-4.8029166825452,103.9775053027559
9647,Sumatera Selatan,Kabupaten Ogan Komering Ulu Selatan,PATUNG ANJING,-6.2297465,106.829518
9648,Sumatera Selatan,Kabupaten Ogan Komering Ulu Selatan,PATUNG GAJAH,-4.407752803784484,103.7768072291083
9649,Sumatera Selatan,Kabupaten Ogan Komering Ulu Selatan,PATUNG MALIN SINDI,-4.4085443751300755,103.77530508341134
9650,Sumatera Selatan,Kabupaten Ogan Komering Ulu Selatan,PELATIHAN GAJAH,-6.2297465,106.829518
9651,Sumatera Selatan,Kabupaten Ogan Komering Ulu Selatan,PEMANDANGAN TANJUNG INDAH,-6.2297465,106.829518
9652,Sumatera Selatan,Kabupaten Ogan Komering Ulu Selatan,PENDAKIAN SEMINUNG,-4.888296036583611,103.97113505567062
9653,Sumatera Selatan,Kabupaten Ogan Komering Ulu Selatan,PERKEBUNAN KOPI,-6.2297465,106.829518
9654,Sumatera Selatan,Kabupaten Ogan Komering Ulu Selatan,PIANO TUE,-6.2297465,106.829518
9655,Sumatera Selatan,Kabupaten Ogan Komering Ulu Selatan,PTENSI TAMBANG EMAS,-6.2297465,106.829518
9656,Sumatera Selatan,Kabupaten Ogan Komering Ulu Selatan,PULAU MARISA,-6.2297465,106.829518
9657,Sumatera Selatan,Kabupaten Ogan Komering Ulu Selatan,RANAU RAFTING ADVENTURE,-4.791020986555896,103.90214754275434
9658,Sumatera Selatan,Kabupaten Ogan Komering Ulu Selatan,RUMAH ADAT SUKU SEMENDO,-6.2297465,106.829518
9659,Sumatera Selatan,Kabupaten Ogan Komering Ulu Selatan,SAWAH BERTINGKAT,-6.2297465,106.829518
9660,Sumatera Selatan,Kabupaten Ogan Komering Ulu Selatan,SELABUNG RAFTING ADVENTURE,-6.2297465,106.829518
9661,Sumatera Selatan,Kabupaten Ogan Komering Ulu Selatan,SENJATA PUSAK KERIS SAKTI SKIN,-6.2297465,106.829518
9662,Sumatera Selatan,Kabupaten Ogan Komering Ulu Selatan,SESEBIK HILL,-4.835415175507719,103.98596752199911
9663,Sumatera Selatan,Kabupaten Ogan Komering Ulu Selatan,SUB. PELATIHAN GAJAH,-6.2297465,106.829518
9664,Sumatera Selatan,Kabupaten Ogan Komering Ulu Selatan,SUMBER AIR JERNIH,-6.2297465,106.829518
9665,Sumatera Selatan,Kabupaten Ogan Komering Ulu Selatan,SUMBER AIR PANAS,-6.2297465,106.829518
9666,Sumatera Selatan,Kabupaten Ogan Komering Ulu Selatan,SUMBER MATA AIR JERNIH,-6.2297465,106.829518
9667,Sumatera Selatan,Kabupaten Ogan Komering Ulu Selatan,SUMUR PUTRI,-6.2297465,106.829518
9668,Sumatera Selatan,Kabupaten Ogan Komering Ulu Selatan,TAMAN KOTA (ALUN-ALUN),-4.533122457710178,104.07320889261752
9669,Sumatera Selatan,Kabupaten Ogan Komering Ulu Selatan,TEBAT BINGKOK,-4.369761664734381,103.79561146153199
9670,Sumatera Selatan,Kabupaten Ogan Komering Ulu Selatan,TEBING BATU,-6.2297465,106.829518
9671,Sumatera Selatan,Kabupaten Ogan Komering Ulu Selatan,TEROWONGAN MEHANGGIN,-6.2297465,106.829518
9672,Sumatera Selatan,Kabupaten Ogan Komering Ulu Selatan,WATERBOOM (WATERPARK),-4.555024661236417,104.04635846698254
9673,Sumatera Selatan,Kabupaten Ogan Komering Ulu Selatan,WATERSPOT JETSKI DAN BANANA BOAT,-4.811729854660599,103.92818324589032
9674,Sumatera Selatan,Kabupaten Ogan Komering Ulu Selatan,WISATA ALAM PUNCAK BERSEMI,-4.858144410089479,104.06143079766368
9675,Sumatera Selatan,Kabupaten Ogan Komering Ulu Selatan,WISATA BATU KODOK,-4.537881543253067,104.06023023796165
9676,Sumatera Selatan,Kabupaten Ogan Komering Ulu Selatan,WISATA SAWAH,-4.439853648898059,103.56444014035362
9677,Sumatera Selatan,Kabupaten Ogan Komering Ulu Timur,Agro Wisata,-6.2297465,106.829518
9678,Sumatera Selatan,Kabupaten Ogan Komering Ulu Timur,Agro Wisata Perkebunan Duku dan Durian,-4.121293,104.561571
9679,Sumatera Selatan,Kabupaten Ogan Komering Ulu Timur,Alam Komering,-6.2297465,106.829518
9680,Sumatera Selatan,Kabupaten Ogan Komering Ulu Timur,Alam Wisata,-6.2297465,106.829518
9681,Sumatera Selatan,Kabupaten Ogan Komering Ulu Timur,Batu Lesung Bintang,-6.2297465,106.829518
9682,Sumatera Selatan,Kabupaten Ogan Komering Ulu Timur,Batu Mulia,-6.2297465,106.829518
9683,Sumatera Selatan,Kabupaten Ogan Komering Ulu Timur,Bendungan Perjaya,-6.2297465,106.829518
9684,Sumatera Selatan,Kabupaten Ogan Komering Ulu Timur,Cekdam Wisata,-6.2297465,106.829518
9685,Sumatera Selatan,Kabupaten Ogan Komering Ulu Timur,Danau Datuk,-6.2297465,106.829518
9686,Sumatera Selatan,Kabupaten Ogan Komering Ulu Timur,Kerajinan Songket,-6.2297465,106.829518
9687,Sumatera Selatan,Kabupaten Ogan Komering Ulu Timur,Kerajinan Songket,-6.2297465,106.829518
9688,Sumatera Selatan,Kabupaten Ogan Komering Ulu Timur,Mencar Jaya,-6.2297465,106.829518
9689,Sumatera Selatan,Kabupaten Ogan Komering Ulu Timur,Pulau Tengah,-6.2297465,106.829518
9690,Sumatera Selatan,Kabupaten Ogan Komering Ulu Timur,Pusat Kerajinan Batu Aji,-6.2297465,106.829518
9691,Sumatera Selatan,Kabupaten Ogan Komering Ulu Timur,Rawa Guci,-6.2297465,106.829518
9692,Sumatera Selatan,Kabupaten Ogan Komering Ulu Timur,Sarang Burung Walet di Sunu,-6.2297465,106.829518
9693,Sumatera Selatan,Kabupaten Ogan Komering Ulu Timur,Sinar Bali,-6.2297465,106.829518
9694,Sumatera Selatan,Kabupaten Ogan Komering Ulu Timur,Sungai Komering,-6.2297465,106.829518
9695,Sumatera Selatan,Kabupaten Ogan Komering Ulu Timur,Taman Rekreasi Mencar Jaya,-6.2297465,106.829518
9696,Sumatera Selatan,Kabupaten Ogan Komering Ulu Timur,Tanjung Kejang,-6.2297465,106.829518
9697,Sumatera Selatan,Kabupaten Ogan Komering Ulu Timur,UPPER Komering,-6.2297465,106.829518
9698,Sumatera Selatan,Kabupaten Ogan Komering Ulu Timur,Vila Masin,-6.2297465,106.829518
9699,Sumatera Selatan,Kabupaten Ogan Komering Ulu Timur,Wisata Air,-6.2297465,106.829518
9700,Sumatera Selatan,Kabupaten Penukal Abab Lematang Ilir, GEDUNG KOLEKSI KAWASAN PERCANDIAN BUMI AYU,-6.2297465,106.829518
9701,Sumatera Selatan,Kabupaten Penukal Abab Lematang Ilir,AIR RITAM FAMILY PARK,-6.2297465,106.829518
9702,Sumatera Selatan,Kabupaten Penukal Abab Lematang Ilir,DANAU 2000,-6.2297465,106.829518
9703,Sumatera Selatan,Kabupaten Penukal Abab Lematang Ilir,DANAU BATANGHARI SIKU,-6.2297465,106.829518
9704,Sumatera Selatan,Kabupaten Penukal Abab Lematang Ilir,DANAU LUBUK GUCI,-6.2297465,106.829518
9705,Sumatera Selatan,Kabupaten Penukal Abab Lematang Ilir,DANAU TANGGA RAJA,-6.2297465,106.829518
9706,Sumatera Selatan,Kabupaten Penukal Abab Lematang Ilir,DANAU TAPUS,-6.2297465,106.829518
9707,Sumatera Selatan,Kabupaten Penukal Abab Lematang Ilir,KALICALAK,-6.2297465,106.829518
9708,Sumatera Selatan,Kabupaten Penukal Abab Lematang Ilir,KAWASAN PERCANDIAN BUMI AYU,-6.2297465,106.829518
9709,Sumatera Selatan,Kabupaten Penukal Abab Lematang Ilir,LAPANGAN GOLF PENDOPO,-6.2297465,106.829518
9710,Sumatera Selatan,Kabupaten Penukal Abab Lematang Ilir,MONUMEN TUGU BOR MINYAK TALANG AKAR,-6.2297465,106.829518
9711,Sumatera Selatan,Kabupaten Penukal Abab Lematang Ilir,PANTAI JODOH,-6.2297465,106.829518
9712,Sumatera Selatan,Kabupaten Penukal Abab Lematang Ilir,PENDESTARIAN GEDUNG PENTAS SENI,-6.2297465,106.829518
9713,Sumatera Selatan,Kabupaten Penukal Abab Lematang Ilir,PERSAWAHAN SUMBERJO,-6.2297465,106.829518
9714,Sumatera Selatan,Kabupaten Penukal Abab Lematang Ilir,POKDARWIS TEBAT JAMBU,-6.2297465,106.829518
9715,Sumatera Selatan,Kabupaten Penukal Abab Lematang Ilir,TAMAN BUNGA LIPALI,-6.2297465,106.829518
9716,Sumatera Selatan,Kabupaten Penukal Abab Lematang Ilir,TAMAN WISATA ARCHILES VINEYARD,-6.2297465,106.829518
9717,Sumatera Selatan,Kabupaten Penukal Abab Lematang Ilir,WATERDAM PRIANG JAYA,-6.2297465,106.829518
9718,Sumatera Selatan,Kabupaten Penukal Abab Lematang Ilir,WISATA CAHAYA 1000 LAMPU,-6.2297465,106.829518
9719,Sumatera Selatan,Kabupaten Penukal Abab Lematang Ilir,WISATA DANAU KAPUK,-6.2297465,106.829518
9720,Sumatera Selatan,Kabupaten Penukal Abab Lematang Ilir,WISATA KAWASAN SIMPANG LIMO (KASIMO),-6.2297465,106.829518
9721,Sumatera Selatan,Kota Lubuklinggau,AIR TERJUN CURUQ LAYANG,-3.3412156760251452,102.95111484629082
9722,Sumatera Selatan,Kota Lubuklinggau,AIR TERJUN CURUQ LEKO,-3.3359563256918,102.92520266632593
9723,Sumatera Selatan,Kota Lubuklinggau,AIR TERJUN SEI SANDO,-3.328858158976799,102.8178400886361
9724,Sumatera Selatan,Kota Lubuklinggau,AIR TERJUN TAQLI,-3.169951945683492,102.87158114147486
9725,Sumatera Selatan,Kota Lubuklinggau,AIR TERJUN TEMAM,-3.2933054263054617,102.93007322814226
9726,Sumatera Selatan,Kota Lubuklinggau,AIR TERJUN WATERVANG,-3.2715650562758456,102.89717432961726
9727,Sumatera Selatan,Kota Lubuklinggau,ARUNG JERAM SUNGAI KELINGI,-3.2910489923457336,102.85464157032519
9728,Sumatera Selatan,Kota Lubuklinggau,AYO KELINGI REFTING,-3.285677614851717,102.85499461469917
9729,Sumatera Selatan,Kota Lubuklinggau,BENDUNGAN WATERVANG,-3.2716084226231286,102.89723002826241
9730,Sumatera Selatan,Kota Lubuklinggau,BUKIT SULAP,-3.2856782916192087,102.85693519941962
9731,Sumatera Selatan,Kota Lubuklinggau,GUA BATU LERO,-3.3027357914951914,102.88645116062139
9732,Sumatera Selatan,Kota Lubuklinggau,GUA BATU LERO,-3.329919,102.94558
9733,Sumatera Selatan,Kota Lubuklinggau,GUA BATU NAGA,-3.33606419759917,102.92513065992847
9734,Sumatera Selatan,Kota Lubuklinggau,GUA BATU NAGA,-3.329919,102.94558
9735,Sumatera Selatan,Kota Lubuklinggau,GUA RUJUK,-3.1775944971866505,102.88587692816606
9736,Sumatera Selatan,Kota Lubuklinggau,GUA RUJUK,-3.1669621512618424,102.88545107376827
9737,Sumatera Selatan,Kota Lubuklinggau,KAMPUNG WARNA WARNI,-3.290950091957063,102.86081449897222
9738,Sumatera Selatan,Kota Lubuklinggau,KAMPUNG WARNA-WARNI KOTA LUBUKLINGGAU,-3.29105720530162,102.8608252282111
9739,Sumatera Selatan,Kota Lubuklinggau,MASJID  AN NASIR SOHE,-3.2538699277484726,102.88961288590482
9740,Sumatera Selatan,Kota Lubuklinggau,MASJID AGUNG AS SALAM,-3.296684682814626,102.86010052620313
9741,Sumatera Selatan,Kota Lubuklinggau,Masjid Musi Al Muallaf,-3.281060562734913,102.90174644407901
9742,Sumatera Selatan,Kota Lubuklinggau,MUSEUM SRIWIJAYA SUBKOS GARUDA,-3.2954609398017243,102.86059575714873
9743,Sumatera Selatan,Kota Lubuklinggau,MUSEUM SUBKOS GARUDA GARUDA SRIWIJAYA,-3.2954073823796364,102.86060648577043
9744,Sumatera Selatan,Kota Lubuklinggau,RUMAH ADAT RUMAH  WANITA,-3.2132528413695978,102.84155108837503
9745,Sumatera Selatan,Kota Lubuklinggau,TEPIAN SUNGAI KELINGI,-3.2887210033465135,102.85855632830891
9746,Sumatera Selatan,Kota Lubuklinggau,TRACK DOWNHILL MOUNTAIN BIKE,-3.28500406348092,102.85677480205375
9747,Sumatera Selatan,Kota Lubuklinggau,TRACK DOWNHILL MOUNTAIN BIKE BUKIT SULAP,-3.2849285141798,102.85676353862355
9748,Sumatera Selatan,Kota Lubuklinggau,VIHARA MEGA SAKTI,-3.2865967840884345,102.87331088045794
9749,Sumatera Selatan,Kota Lubuklinggau,WISATA ALAM AIR TERJUN CURUQ LAKENAI,-3.3342133150135447,102.92644725400233
9750,Sumatera Selatan,Kota Lubuklinggau,WISATA ALAM AIR TERJUN CURUQ LAYANG,-3.3418084621674615,102.95115923966861
9751,Sumatera Selatan,Kota Lubuklinggau,WISATA ALAM AIR TERJUN SEI-SANDO,-3.3309800163914427,102.81460861480083
9752,Sumatera Selatan,Kota Lubuklinggau,WISATA ALAM AIR TERJUN TA'LI,-3.197821601546554,102.88259292160589
9753,Sumatera Selatan,Kota Lubuklinggau,WISATA ALAM AIR TERJUN TEMAM,-3.293388850255827,102.93013913035868
9754,Sumatera Selatan,Kota Lubuklinggau,WISATA ALAM BUKIT SULAP,-3.2849499369365738,102.8571497765514
9755,Sumatera Selatan,Kota Lubuklinggau,WISATA BUATAN BENDUNGAN DAM NOL,-3.2243983038991284,102.83076153524607
9756,Sumatera Selatan,Kota Lubuklinggau,WISATA BUATAN KAMPUNG ULUNG,-3.289401422182424,102.86390125036849
9757,Sumatera Selatan,Kota Lubuklinggau,WISATA BUATAN PEMANDIAN SUNGAI KASIE,-3.302077430114008,102.8290365098191
9758,Sumatera Selatan,Kota Lubuklinggau,WISATA BUATAN TEMAM WATER PARK,-3.2924387884934165,102.93007006118559
9759,Sumatera Selatan,Kota Lubuklinggau,WISATA BUDAYA KAMPUNG BATU URIB,-3.2758938109044737,102.89118104986319
9760,Sumatera Selatan,Kota Lubuklinggau,WISATA DAM NOL,-3.226273544732955,102.8304601148287
9761,Sumatera Selatan,Kota Lubuklinggau,WISATA KAMPUNG ULUNG ,-3.2894978364960386,102.86404072817142
9762,Sumatera Selatan,Kota Lubuklinggau,WISATA PEMANDIAN KASIE,-3.3055333406100225,102.82862085495847
9763,Sumatera Selatan,Kota Lubuklinggau,WISATA RELIGI MASJID AGUNG AS-SALAM,-3.296657906674553,102.86020781433915
9764,Sumatera Selatan,Kota Lubuklinggau,WISATA RELIGI MASJID AN NASIR SOHE,-3.2538592018904926,102.88964507195429
9765,Sumatera Selatan,Kota Lubuklinggau,WISATA RELIGI MASJID MUSI AL MUALLAF,-3.283053791796007,102.90212838593146
9766,Sumatera Selatan,Kota Lubuklinggau,WISATA RELIGI VIHARA MEGA SAKTI LUBUKLINGGAU,-3.2866427789035413,102.87329537054418
9767,Sumatera Selatan,Kota Pagar Alam,Air Terjun Lematang Indah,-4.07279,103.322675
9768,Sumatera Selatan,Kota Pagar Alam,Cughup Embun,-4.016495,103.195068
9769,Sumatera Selatan,Kota Pagar Alam,Cughup Mangkok,-4.015437,103.192844
9770,Sumatera Selatan,Kota Pagar Alam,Cughup Tuju Kenangan ,-4.013093,103.193844
9771,Sumatera Selatan,Kota Pagar Alam,Dempo Park,-4.012871,103.189843
9772,Sumatera Selatan,Kota Pagar Alam,Green Paradise,-4.068513,103.191919
9773,Sumatera Selatan,Kota Pagar Alam,Makam Puyang Serunting Sakti,-4.081933,103.291059
9774,Sumatera Selatan,Kota Pagar Alam,MR. D,-4.066521,103.317443
9775,Sumatera Selatan,Kota Pagar Alam,Oziel Garden Amazing,-4.048991,103.245688
9776,Sumatera Selatan,Kota Pagar Alam,Pendakian Gunung Dempo,-4.027955,103.157231
9777,Sumatera Selatan,Kota Pagar Alam,Pesona Alam,-4.061988,103.2291
9778,Sumatera Selatan,Kota Pagar Alam,Rizal Camping Ground,-4.125428,103.27136
9779,Sumatera Selatan,Kota Pagar Alam,"Situs Tanjung Aro ( Arca, Dolmen, Kubur Batu, Lesung Batu)",-3.993848,103.221984
9780,Sumatera Selatan,Kota Pagar Alam,"Situs Tebing Tinggi ( Arca Manusia, Dolmen, Batu Kursi, Batu Bertulis, Batu Tapak Tangan, Batu Gong, Sarung Keris) ",-4.094159,103.34452
9781,Sumatera Selatan,Kota Pagar Alam,"Situs Tebing Tinggi ( Arca Manusia, Dolmen, Batu Kursi, Batu Bertulis, Batu Tapak Tangan, Batu Gong, Sarung Keris) ",-4.094159,103.34452
9782,Sumatera Selatan,Kota Pagar Alam,"Situs Tebing Tinggi ( Arca Manusia, Dolmen, Batu Kursi, Batu Bertulis, Batu Tapak Tangan, Batu Gong, Sarung Keris) ",-4.085963,103.338125
9783,Sumatera Selatan,Kota Pagar Alam,"Situs Tegur Wangi ( Arca, Dolmen, Kubur Batu )",-4.045824,103.20743
9784,Sumatera Selatan,Kota Pagar Alam,Tangga 2001,-4.03522,103.19078
9785,Sumatera Selatan,Kota Pagar Alam,Tebat Gheban,-4.016734,103.263444
9786,Sumatera Selatan,Kota Pagar Alam,Wisata Alam Gunung Dempo,-4.024884,103.161125
9787,Sumatera Selatan,Kota Pagar Alam,Wisata Tugu Rimau (Titik Awal Pendakian Gunung Dempo),-4.024812,103.154357
9788,Sumatera Selatan,Kota Palembang,Al Qur'an Al Akbar,-3.0111162,104.701841
9789,Sumatera Selatan,Kota Palembang,Amanzi Waterpark,-2.9379403,104.6814326
9790,Sumatera Selatan,Kota Palembang,Benteng Kuto Besak,-2.9913304,104.7570398
9791,Sumatera Selatan,Kota Palembang,Bukit Siguntang,-2.9971425,104.7236046
9792,Sumatera Selatan,Kota Palembang,Danau OPI,-3.0482293,104.7855363
9793,Sumatera Selatan,Kota Palembang,Fantasy Island,-6.2297465,106.829518
9794,Sumatera Selatan,Kota Palembang,Jakabaring Sport City (JSC),-3.0181722,104.7897575
9795,Sumatera Selatan,Kota Palembang,Kambang Iwak Besak,-2.9901952,104.744918
9796,Sumatera Selatan,Kota Palembang,Kampung AL Munawar,-2.9881552,104.7711399
9797,Sumatera Selatan,Kota Palembang,Kampung Kapitan,-2.9961041,104.7616614
9798,Sumatera Selatan,Kota Palembang,Kampung Tuan Kentang,-3.0169777,104.7517491
9799,Sumatera Selatan,Kota Palembang,Klenteng Pulau Kemaro,-2.9785896,104.8087452
9800,Sumatera Selatan,Kota Palembang,Kuto Besak Teater ,-2.989327,104.758718
9801,Sumatera Selatan,Kota Palembang,makam ariodila,-2.964446,104.7379003
9802,Sumatera Selatan,Kota Palembang,Makam Kawah Tekurep,-3.0163286,104.7564693
9803,Sumatera Selatan,Kota Palembang,Makam Ki Gede Ing Suro,-2.9779393,104.7898192
9804,Sumatera Selatan,Kota Palembang,Masjid Agung,-3.1070479,104.5819311
9805,Sumatera Selatan,Kota Palembang,Masjid Ceng Ho ,-6.2297465,106.829518
9806,Sumatera Selatan,Kota Palembang,Masjid Ki Merogan,-6.2297465,106.829518
9807,Sumatera Selatan,Kota Palembang,Museum AK. Gani,-2.9295722,104.7676982
9808,Sumatera Selatan,Kota Palembang,Museum Balaputera Dewa,-2.9508812,104.7284836
9809,Sumatera Selatan,Kota Palembang,Museum Sultan Mahmud Badaruddin II,-2.9901655,104.759221
9810,Sumatera Selatan,Kota Palembang,Museum Sultan Mahmud Badarudin II,-2.9901709,104.759221
9811,Sumatera Selatan,Kota Palembang,OPI Water Fun,-6.2297465,106.829518
9812,Sumatera Selatan,Kota Palembang,Plaza Benteng Kuto Besak,-6.2297465,106.829518
9813,Sumatera Selatan,Kota Palembang,pulau kerto,-3.001486,104.6208586
9814,Sumatera Selatan,Kota Palembang,Pusat Kerajinan Tenun Songket 32 Ilir,-3.0150321,104.7169085
9815,Sumatera Selatan,Kota Palembang,Rumah Limas Azis,-2.9675868,104.7315149
9816,Sumatera Selatan,Kota Palembang,Sekanak Lambidaro,-2.986563,104.746245
9817,Sumatera Selatan,Kota Palembang,Sekanak Lambidaro,-6.2297465,106.829518
9818,Sumatera Selatan,Kota Palembang,Statisiun Kertapati ,-3.0165286,104.7494145
9819,Sumatera Selatan,Kota Palembang,Sungai Musi,-3.0341359,103.4507975
9820,Sumatera Selatan,Kota Palembang,Taman Purbakala Kerajaan Sriwijaya,-3.0150322,104.7322295
9821,Sumatera Selatan,Kota Palembang,Taman Wisata Alam Puntikayu,-2.9428237,104.7235639
9822,Sumatera Selatan,Kota Palembang,Taman Wisata Kerajaan Sriwijaya ,-3.0150268,104.7322295
9823,Sumatera Selatan,Kota Palembang,Tugu Monpera,-3.8050751,103.3131069
9824,Sumatera Selatan,Kota Prabumulih,D'Pool Caffe dan Resto,-6.2297465,106.829518
9825,Sumatera Selatan,Kota Prabumulih,Danau Bujoan,-6.2297465,106.829518
9826,Sumatera Selatan,Kota Prabumulih,islamic Center Kota Prabumulih,-6.2297465,106.829518
9827,Sumatera Selatan,Kota Prabumulih,Rere Park,-6.2297465,106.829518
9828,Sumatera Selatan,Kota Prabumulih,Sindur Waterpark,-6.2297465,106.829518
9829,Sumatera Selatan,Kota Prabumulih,Taman Kramat Puyang Gunung Ibul,-6.2297465,106.829518
9830,Sumatera Utara,Kabupaten Asahan,AIR TERJUN AEK LIMUT,-6.2297465,106.829518
9831,Sumatera Utara,Kabupaten Asahan,AIR TERJUN NIRWANA,-6.2297465,106.829518
9832,Sumatera Utara,Kabupaten Asahan,AIR TERJUN PONOT,-6.2297465,106.829518
9833,Sumatera Utara,Kabupaten Asahan,AIR TERJUN UNONG SISAPA,-6.2297465,106.829518
9834,Sumatera Utara,Kabupaten Asahan,ALAM TANI,-6.2297465,106.829518
9835,Sumatera Utara,Kabupaten Asahan,ARUM JERAM ASAHAN,2.5875,99.0674
9836,Sumatera Utara,Kabupaten Asahan,BEDENG TUJUH,2.60426,99.45842
9837,Sumatera Utara,Kabupaten Asahan,DANAU KELAPA GADING,2.97005,99.61351
9838,Sumatera Utara,Kabupaten Asahan,DANAU TERATAI,2868,99.56593
9839,Sumatera Utara,Kabupaten Asahan,DMANDOR WATERPARK,2.98721,99.54649
9840,Sumatera Utara,Kabupaten Asahan,DOGE WATERPARK,2.77286,99.36251
9841,Sumatera Utara,Kabupaten Asahan,HUTAN MANGROVE,-6.2297465,106.829518
9842,Sumatera Utara,Kabupaten Asahan,MAKAM TUAN SYECH SILAU,3.09056,99.69787
9843,Sumatera Utara,Kabupaten Asahan,MAKAM TUAN SYECH SILAU,3.09056,99.69787
9844,Sumatera Utara,Kabupaten Asahan,MANDIAN AEK SIBATU LENDING BEDENG TUJUH,2.60332,99.45741
9845,Sumatera Utara,Kabupaten Asahan,MASJID AGUNG H. AHMAD BAKRIE,2.98837,99.6119
9846,Sumatera Utara,Kabupaten Asahan,MUSEUM GEDUNG JUANG 45,2.98537,99.62777
9847,Sumatera Utara,Kabupaten Asahan,PANTAI PADAS,-6.2297465,106.829518
9848,Sumatera Utara,Kabupaten Asahan,SEPATU BUNUT ABANG ADIK,3.01158,99.60601
9849,Sumatera Utara,Kabupaten Asahan,TAMAN HIBURAN DAMOR,3.0784,99.63947
9850,Sumatera Utara,Kabupaten Asahan,TAMAN HUTAN KOTA TAUPAN GAMA SIMATUPANG,2.99323,99.61198
9851,Sumatera Utara,Kabupaten Asahan,WATER HILL,-6.2297465,106.829518
9852,Sumatera Utara,Kabupaten Asahan,WATERBOOM,2.96513,99.60653
9853,Sumatera Utara,Kabupaten Asahan,WATERBOOM BLUE,2.99033,99.67552
9854,Sumatera Utara,Kabupaten Asahan,WISATA DAYUNG SAMPAN,3.09299,99.70476
9855,Sumatera Utara,Kabupaten Asahan,WISATA DAYUNG SAMPAN,3.09299,99.70476
9856,Sumatera Utara,Kabupaten Batu Bara,batu bara mangrove park,-6.2297465,106.829518
9857,Sumatera Utara,Kabupaten Batu Bara,DOGI PARK,3.292248,99.374624
9858,Sumatera Utara,Kabupaten Batu Bara,ISTANA NIAT LIMA LARAS,3.222062,99.585672
9859,Sumatera Utara,Kabupaten Batu Bara,KUBAH DATUK BATU BARA,3.174358,99.481913
9860,Sumatera Utara,Kabupaten Batu Bara,PANTAI BUNGA KUBAH MERIAM,-6.2297465,106.829518
9861,Sumatera Utara,Kabupaten Batu Bara,Pantai GALUH INDAH Permai,3.2056,99.596789
9862,Sumatera Utara,Kabupaten Batu Bara,Pemandian Air Panas Citra Teluk Sibayan,3.167087,99.45744
9863,Sumatera Utara,Kabupaten Batu Bara,Pulau Pandang,3.420816,99.757863
9864,Sumatera Utara,Kabupaten Batu Bara,Pulau Salah Namo,3.420816,99.757863
9865,Sumatera Utara,Kabupaten Batu Bara,Singapore Land Waterpark Batu Bara,-6.2297465,106.829518
9866,Sumatera Utara,Kabupaten Batu Bara,WATER PARK BANYUWANGI,3.172825,99.427604
9867,Sumatera Utara,Kabupaten Batu Bara,Wisata Danau Palas Asri,3.358884,99.420074
9868,Sumatera Utara,Kabupaten Dairi,Air Terjun Lae Pandaroh,2.734779,98.3792914
9869,Sumatera Utara,Kabupaten Dairi,Dermaga Apung silahisabungan,2.791377,98.532159
9870,Sumatera Utara,Kabupaten Dairi,Gedung Nasional Djauli Manik,2.751219,98.311335
9871,Sumatera Utara,Kabupaten Dairi,Kolam Pancing 3 Putri,2.796562,98.227471
9872,Sumatera Utara,Kabupaten Dairi,Kolam Pancing Rura Mas,2.793282,98.2171
9873,Sumatera Utara,Kabupaten Dairi,KOLAM RENANG KALSIM,2.752159,98.316296
9874,Sumatera Utara,Kabupaten Dairi,Kolam renang Lestari,2.918211,98.223866
9875,Sumatera Utara,Kabupaten Dairi,Parhonasan Buluduri,2.789029,98.214961
9876,Sumatera Utara,Kabupaten Dairi,Parhonasan Labamba,2.842543,98.10307
9877,Sumatera Utara,Kabupaten Dairi,Parhonasan Sidumpe Anturi,2.791017,98.199466
9878,Sumatera Utara,Kabupaten Dairi,Parhonasan Ucok Buluduri,2788279,98206987
9879,Sumatera Utara,Kabupaten Dairi,Pemandian Alam LG,2.921462,98.215333
9880,Sumatera Utara,Kabupaten Dairi,Pemandian Lau Timah,3.087525,98.057349
9881,Sumatera Utara,Kabupaten Dairi,PUNCAK ANUGRAH RAJA EMPU LADANG SARAAN,2.804038,98.184227
9882,Sumatera Utara,Kabupaten Dairi,Taman wisata Iman,2.73205,98.380211
9883,Sumatera Utara,Kabupaten Dairi,Tugu L. Manik dan T. B. Simatupang,2.742017,98.375853
9884,Sumatera Utara,Kabupaten Dairi,Wisata Bukit Naga Dairi Km 12,2.837047,98.258634
9885,Sumatera Utara,Kabupaten Deli Serdang,BUDAYALAND,3.52538,98.758912
9886,Sumatera Utara,Kabupaten Deli Serdang,HAIROS WATER PARK,3.49413,98.610189
9887,Sumatera Utara,Kabupaten Deli Serdang,KOLAM RENANG 74 PONDOK CABE,3.518233,98.728459
9888,Sumatera Utara,Kabupaten Deli Serdang,Kolam Renang Deli Serdang,3.553178,98.866516
9889,Sumatera Utara,Kabupaten Deli Serdang,KOLAM RENANG ISTIQLAL,3.5181155,98.697652
9890,Sumatera Utara,Kabupaten Deli Serdang,Kolam Renang Kuala Mega,3.498286,98.76421
9891,Sumatera Utara,Kabupaten Deli Serdang,KOLAM RENANG TIRTA MAS,3.542547,98.775993
9892,Sumatera Utara,Kabupaten Deli Serdang,MUSEUM DAERAH DELI SERDANG,3.551841,98.86627
9893,Sumatera Utara,Kabupaten Deli Serdang,Pemandian Alam  Bali,3.381412,98.623856
9894,Sumatera Utara,Kabupaten Deli Serdang,Pemandian Alam  Baruga,3.365921,98.612045
9895,Sumatera Utara,Kabupaten Deli Serdang,Pemandian Alam  Beta,3.382415,98.624551
9896,Sumatera Utara,Kabupaten Deli Serdang,Pemandian Alam  Bolrem,3.34558,98.589609
9897,Sumatera Utara,Kabupaten Deli Serdang,Pemandian Alam  Gantang Rani,3.346865,98.599789
9898,Sumatera Utara,Kabupaten Deli Serdang,Pemandian Alam  Lembah Naga,3.34211,98.586751
9899,Sumatera Utara,Kabupaten Deli Serdang,Pemandian Alam  Lestari,3.362357,98.61232
9900,Sumatera Utara,Kabupaten Deli Serdang,Pemandian Alam  Mitra,3.381515,98.621761
9901,Sumatera Utara,Kabupaten Deli Serdang,Pemandian Alam  Mitra Deli Sayum,3.371713,98.611341
9902,Sumatera Utara,Kabupaten Deli Serdang,Pemandian Alam  Penungkiran Baru,3.350532,98.601849
9903,Sumatera Utara,Kabupaten Deli Serdang,Pemandian Alam  Yoro Tata,3.381412,98.624748
9904,Sumatera Utara,Kabupaten Deli Serdang,Pemandian Alam Bitra,3.384881,98.636744
9905,Sumatera Utara,Kabupaten Deli Serdang,Pemandian Alam Citra Nauli,3.341296,98.594484
9906,Sumatera Utara,Kabupaten Deli Serdang,Pemandian Alam Family Barokah,3.379946,98.629356
9907,Sumatera Utara,Kabupaten Deli Serdang,Pemandian Alam Karomah,3.375353,98.610013
9908,Sumatera Utara,Kabupaten Deli Serdang,Pemandian Alam Kata Huli,3.381906,98.624415
9909,Sumatera Utara,Kabupaten Deli Serdang,Pemandian Alam Kenan,3.330397,98.573971
9910,Sumatera Utara,Kabupaten Deli Serdang,Pemandian Alam LAULITA,3.353291,98.602432
9911,Sumatera Utara,Kabupaten Deli Serdang,Pemandian Alam Lorena,3.341088,98.584444
9912,Sumatera Utara,Kabupaten Deli Serdang,Pemandian Alam Metropilitan,3.344226,98.587257
9913,Sumatera Utara,Kabupaten Deli Serdang,Pemandian Alam Morimar,3.385798,98.649673
9914,Sumatera Utara,Kabupaten Deli Serdang,Pemandian Alam Nesia,3.346831,98.58997
9915,Sumatera Utara,Kabupaten Deli Serdang,Pemandian alam Rorerari Sepakat,3.426583,98.658669
9916,Sumatera Utara,Kabupaten Deli Serdang,Pemandian Alam Sosa,3.380151,98.629198
9917,Sumatera Utara,Kabupaten Deli Serdang,Pemandian Alam ULUTA,3.371079,98.615753
9918,Sumatera Utara,Kabupaten Deli Serdang,Taman Buah Lubuk Pakam,3.544046,98.869005
9919,Sumatera Utara,Kabupaten Deli Serdang,TAMAN WISATA MERCI,3.508886,98.676577
9920,Sumatera Utara,Kabupaten Deli Serdang,THE HILL,3.1644,98.3252
9921,Sumatera Utara,Kabupaten Deli Serdang,THE LE HU GARDEN,3.4804,98.6944
9922,Sumatera Utara,Kabupaten Deli Serdang,WATER LAND TAMORA,3.49409,98.774548
9923,Sumatera Utara,Kabupaten Deli Serdang,Wisata Alam Peken Tebu,3.327209,98.566074
9924,Sumatera Utara,Kabupaten Deli Serdang,Wisata Sawah Punden Rejo,3.544104,98.837376
9925,Sumatera Utara,Kabupaten Humbang Hasundutan,AEK SIPANGOLU,2324,98.8461
9926,Sumatera Utara,Kabupaten Humbang Hasundutan,Aek Sitio-Tio,2.30335,98.80435
9927,Sumatera Utara,Kabupaten Humbang Hasundutan,Air Terjun Janji,2.339433,98.815186
9928,Sumatera Utara,Kabupaten Humbang Hasundutan,Air Terjun Sipultak Hoda,2.35568,98.80578
9929,Sumatera Utara,Kabupaten Humbang Hasundutan,Batu Hundul-Hundulan,-6.2297465,106.829518
9930,Sumatera Utara,Kabupaten Humbang Hasundutan,Batu Siungkap-Ungkapon,2.30619,98.81246
9931,Sumatera Utara,Kabupaten Humbang Hasundutan,Bukit Batu Maranak,2.37015,98.81936
9932,Sumatera Utara,Kabupaten Humbang Hasundutan,GEOSITE SIPINSUR ,2.3288,98.88131
9933,Sumatera Utara,Kabupaten Humbang Hasundutan,GUA SIHONONGAN,2.30068,98.94226
9934,Sumatera Utara,Kabupaten Humbang Hasundutan,Hariara Tungkot,2.32053,98.82648
9935,Sumatera Utara,Kabupaten Humbang Hasundutan,ISTANA RAJA SISINGAMANGARAJA,2.305717,98.81262
9936,Sumatera Utara,Kabupaten Humbang Hasundutan,Jalan Salib,2.11696,98.59511
9937,Sumatera Utara,Kabupaten Humbang Hasundutan,KOLAM PANCING REKEL GALATAMA,2.27898,98.91117
9938,Sumatera Utara,Kabupaten Humbang Hasundutan,KOLAM RENANG RESTO RICHVIA,2.3196,98.83778
9939,Sumatera Utara,Kabupaten Humbang Hasundutan,Lembah Bakara,2.29883,98.79317
9940,Sumatera Utara,Kabupaten Humbang Hasundutan,Lokasi Wafat Raja Sisingamangaraja XII,2.41136,98.43509
9941,Sumatera Utara,Kabupaten Humbang Hasundutan,Makam 37 Panglima Raja Sisingamangaraja XII,2.26597,98.41244
9942,Sumatera Utara,Kabupaten Humbang Hasundutan,Markas Pertahanan Raja Sisingamangaraja XII,2.38099,98.44899
9943,Sumatera Utara,Kabupaten Humbang Hasundutan,Panoguan Solu,2.3364,98.86366
9944,Sumatera Utara,Kabupaten Humbang Hasundutan,Panorama Puncak Gonting,2.37279,98.81444
9945,Sumatera Utara,Kabupaten Humbang Hasundutan,Panorama Sileme-Leme,2.33658,98.81094
9946,Sumatera Utara,Kabupaten Humbang Hasundutan,Pantai Mess Pemkab,2.3237,98.82602
9947,Sumatera Utara,Kabupaten Humbang Hasundutan,Sarcofagus Ompu Oloan Banjarnahor,2.35376,98.757215
9948,Sumatera Utara,Kabupaten Humbang Hasundutan,Seribu Goa,2.2234,98.53365
9949,Sumatera Utara,Kabupaten Humbang Hasundutan,TAO SILOSUNG ,2.26847,98.8247
9950,Sumatera Utara,Kabupaten Humbang Hasundutan,Tao Toba Sipinsur Waterpark,2.32704,98.88021
9951,Sumatera Utara,Kabupaten Humbang Hasundutan,Terasering Sibara-bara,2.35991,98.81579
9952,Sumatera Utara,Kabupaten Humbang Hasundutan,Toguan (Batu Siungkap-Ungkapon),2.36087,98.81696
9953,Sumatera Utara,Kabupaten Humbang Hasundutan,TOMBAK SULU SULU,2.309111,98.805318
9954,Sumatera Utara,Kabupaten Humbang Hasundutan,TUAN NAGANI PARADISE,2.24561,98.67332
9955,Sumatera Utara,Kabupaten Humbang Hasundutan,WATER BOOM GRESIA ,2.25574,98.6854
9956,Sumatera Utara,Kabupaten Humbang Hasundutan,WATERBOOM ANUGRAH SIAMBATON,2.3194,98.83884
9957,Sumatera Utara,Kabupaten Karo,AIR TERJUN SIKULIKAP,3.24472,98.53545
9958,Sumatera Utara,Kabupaten Karo,AIR TERJUN SIPISO-PISO ,2.9164873,98.5169289
9959,Sumatera Utara,Kabupaten Karo,ALAM SIBAYAK,3.22279,98.51373
9960,Sumatera Utara,Kabupaten Karo,ANUGRAH SIBAYAK,3.22416,98.51472
9961,Sumatera Utara,Kabupaten Karo,BELLA SAFITRI KEBUN STRAWBERY,3.204739,98.535496
9962,Sumatera Utara,Kabupaten Karo,GOA  MENTE,3.152118,98.359996
9963,Sumatera Utara,Kabupaten Karo,GREEN SUTA,3.22493,98.51186
9964,Sumatera Utara,Kabupaten Karo,KARONA FAMILY,3.22118,98.51808
9965,Sumatera Utara,Kabupaten Karo,KEA GARDEN ,3.093433,98.523013
9966,Sumatera Utara,Kabupaten Karo,KOLAM PANCING LAU SIANGIN,3.09003,98.46389
9967,Sumatera Utara,Kabupaten Karo,KOPERASI RIMBA MERGA SILIMA,3.20879,98.51259
9968,Sumatera Utara,Kabupaten Karo,LOKEN RESORT,2.92079,98.52181
9969,Sumatera Utara,Kabupaten Karo,MAKA BRENA AIR PANAS,3.223755,98.51406
9970,Sumatera Utara,Kabupaten Karo,MUSEUM PUSAKA KARO,3.194832,98.508503
9971,Sumatera Utara,Kabupaten Karo,NAGOYA VIEW,3.22499,98.51041
9972,Sumatera Utara,Kabupaten Karo,OBJEK WISATA GUNDALING,3.19288,98.500879
9973,Sumatera Utara,Kabupaten Karo,PANTAI SINALSAL TONGGING ,2.892497,98.521062
9974,Sumatera Utara,Kabupaten Karo,PEMANDIAN AIR PANAS GINTING,3.22468,98.51411
9975,Sumatera Utara,Kabupaten Karo,PEMANDIAN AIR PANAS LA MEGOGO,3.1817033,98.4911065
9976,Sumatera Utara,Kabupaten Karo,PEMANDIAN AIR PANAS MELIALA,3.22529,98.51133
9977,Sumatera Utara,Kabupaten Karo,PEMANDIAN PARIBAN,3.22349,98.51036
9978,Sumatera Utara,Kabupaten Karo,PESONA SIBAYAK,3.22099,98.51575
9979,Sumatera Utara,Kabupaten Karo,PUNCAK DP,3.22395,98.51186
9980,Sumatera Utara,Kabupaten Karo,PUNCAK TANGKE TABU,3.208744,98.512516
9981,Sumatera Utara,Kabupaten Karo,SABANA SINABUNG VULCANO PARK,3.191986,98.410703
9982,Sumatera Utara,Kabupaten Karo,SAPO JUMA,2.91035,"98,035"
9983,Sumatera Utara,Kabupaten Karo,SIBAYAK NCOLE,3.21974,98.51874
9984,Sumatera Utara,Kabupaten Karo,TAMAN ALAM LUMBINI,3.188864,98.545151
9985,Sumatera Utara,Kabupaten Karo,TAMORA SIBAYAK PEMANDIAN AIR PANAS,3.2237824,98.5118475
9986,Sumatera Utara,Kabupaten Labuhan Batu,BOMBARA WATER PARK,2.058579,99.857907
9987,Sumatera Utara,Kabupaten Labuhan Batu,BUKIT HIJAU PERMAI,2.074932,99.836048
9988,Sumatera Utara,Kabupaten Labuhan Batu,KOLAM PANCING RIKA RAHAYU,2.096543,99.861822
9989,Sumatera Utara,Kabupaten Labuhan Batu,KOLAM PEMANDIAN BANYU WANGI,2.124203,99.818671
9990,Sumatera Utara,Kabupaten Labuhan Batu,KOLAM RENANG PERMATA LAND,2.096762,99.833993
9991,Sumatera Utara,Kabupaten Labuhan Batu,PEMANDIAN ALAM GUNUNG GAJAH,1.992916,99.88267
9992,Sumatera Utara,Kabupaten Labuhan Batu,PEMANDIAN PASURUAN JAYA,2.069288,99.830909
9993,Sumatera Utara,Kabupaten Labuhan Batu,PUNCAK PENATAPAN,2.075017,99.829921
9994,Sumatera Utara,Kabupaten Labuhan Batu,WAHANA KYA,2.020664,99.877352
9995,Sumatera Utara,Kabupaten Labuhan Batu,"WATER BOOM ""SKM""",2.080594,99.959927
9996,Sumatera Utara,Kabupaten Labuhan Batu,"WATER BOOM""PESONA ALAM DESA JANJI""",2.117494,99.790254
9997,Sumatera Utara,Kabupaten Labuhan Batu,"WATER PARK""WZ""",2.054228,100.012601
9998,Sumatera Utara,Kabupaten Labuhan Batu Selatan,FAMILY HILL,1.893323,100.089808
9999,Sumatera Utara,Kabupaten Labuhan Batu Selatan,Kolam Padang,1.897721,99.931323
10000,Sumatera Utara,Kabupaten Labuhan Batu Selatan,KOLAM PANCING RAHMAT,1.96473,99.93639
10001,Sumatera Utara,Kabupaten Labuhan Batu Selatan,Kolam Pancing Sitepu,1.791388,106.20944
10002,Sumatera Utara,Kabupaten Labuhan Batu Selatan,KOLAM PANCING SRI PINANG,2.031877,100.077697
10003,Sumatera Utara,Kabupaten Labuhan Batu Selatan,Kolam Pancing Syafar,1.723502,99.949811
10004,Sumatera Utara,Kabupaten Labuhan Batu Selatan,KOLAM RENANG TELAGA ASRI,1.893113,100.080545
10005,Sumatera Utara,Kabupaten Labuhan Batu Selatan,Kolam Suraji,1.88917,100.18528
10006,Sumatera Utara,Kabupaten Labuhan Batu Selatan,PANDAYANGAN INDAH,1.8748,99.94249
10007,Sumatera Utara,Kabupaten Labuhan Batu Selatan,Pantai Hugo,1.771979,99.855702
10008,Sumatera Utara,Kabupaten Labuhan Batu Selatan,PEMANDIAN AEK GAPUK,1.92452,99.89884
10009,Sumatera Utara,Kabupaten Labuhan Batu Selatan,Pemandian Aek Lumpatan Tali Tali,1.79224,99.773694
10010,Sumatera Utara,Kabupaten Labuhan Batu Selatan,Pemandian Air Aqua,1.760687,99.975725
10011,Sumatera Utara,Kabupaten Labuhan Batu Selatan,TAMAN BUAH AL ASRI,2.047178,100.134357
10012,Sumatera Utara,Kabupaten Labuhan Batu Selatan,ViveTato Water and Farm,1.7219,99.960111
10013,Sumatera Utara,Kabupaten Labuhan Batu Selatan,WATERPARK PESONA,1.7825,100.21436
10014,Sumatera Utara,Kabupaten Labuhan Batu Utara,AIR TERJUN AEK SORDANG ,2.347456,99.3314264
10015,Sumatera Utara,Kabupaten Labuhan Batu Utara,Air Terjun Pelangi Indah,2.5499,99.53589
10016,Sumatera Utara,Kabupaten Labuhan Batu Utara,AIR TERJUN PELANGI INDAH ,2549,99.53589
10017,Sumatera Utara,Kabupaten Labuhan Batu Utara,PANTAI I,2.52189,99.52476
10018,Sumatera Utara,Kabupaten Labuhan Batu Utara,PANTAI III ,2.3234,99.301586
10019,Sumatera Utara,Kabupaten Labuhan Batu Utara,WATER PARK RINDI  WIJAYA ,2.35689,99.4028867
10020,Sumatera Utara,Kabupaten Labuhan Batu Utara,WISATA GOMARA SWISS,2.30094,99.67417
10021,Sumatera Utara,Kabupaten Labuhan Batu Utara,WISATA SAWAH LABURA ,2.51793,99.64753
10022,Sumatera Utara,Kabupaten Langkat,agrowisata suka jadi,-6.2297465,106.829518
10023,Sumatera Utara,Kabupaten Langkat,air terjun lepan pancasila ,-6.2297465,106.829518
10024,Sumatera Utara,Kabupaten Langkat,air terjun sei glugur,-6.2297465,106.829518
10025,Sumatera Utara,Kabupaten Langkat,ampera,-6.2297465,106.829518
10026,Sumatera Utara,Kabupaten Langkat,aras napal,-6.2297465,106.829518
10027,Sumatera Utara,Kabupaten Langkat,batu malenggang,-6.2297465,106.829518
10028,Sumatera Utara,Kabupaten Langkat,batu rongring,-6.2297465,106.829518
10029,Sumatera Utara,Kabupaten Langkat,ekowisata tangkahan,-6.2297465,106.829518
10030,Sumatera Utara,Kabupaten Langkat,getek online pematang serai,-6.2297465,106.829518
10031,Sumatera Utara,Kabupaten Langkat,Giant Hill Circuit,98.43453913068292,3.7032968990951423
10032,Sumatera Utara,Kabupaten Langkat,jaring halus,-6.2297465,106.829518
10033,Sumatera Utara,Kabupaten Langkat,kampung bali,-6.2297465,106.829518
10034,Sumatera Utara,Kabupaten Langkat,KOLAM RENANG DENDANG TIRTA,-6.2297465,106.829518
10035,Sumatera Utara,Kabupaten Langkat,pantai berawe,-6.2297465,106.829518
10036,Sumatera Utara,Kabupaten Langkat,pantai buaya,-6.2297465,106.829518
10037,Sumatera Utara,Kabupaten Langkat,pantai jigo,-6.2297465,106.829518
10038,Sumatera Utara,Kabupaten Langkat,Pantai Kuala Besar Secanggang,-6.2297465,106.829518
10039,Sumatera Utara,Kabupaten Langkat,pantai kuala serapu,-6.2297465,106.829518
10040,Sumatera Utara,Kabupaten Langkat,pantai pasir hitam kwala gebang,-6.2297465,106.829518
10041,Sumatera Utara,Kabupaten Langkat,PANTAI RUDANG MAYANG,-6.2297465,106.829518
10042,Sumatera Utara,Kabupaten Langkat,pantai tanjung aepk pulau sembilan,-6.2297465,106.829518
10043,Sumatera Utara,Kabupaten Langkat,pantai teluk aru,-6.2297465,106.829518
10044,Sumatera Utara,Kabupaten Langkat,pantai teluk kerang,-6.2297465,106.829518
10045,Sumatera Utara,Kabupaten Langkat,pantai waras,-6.2297465,106.829518
10046,Sumatera Utara,Kabupaten Langkat,salahaji,-6.2297465,106.829518
10047,Sumatera Utara,Kabupaten Langkat,serang jaya hilir,-6.2297465,106.829518
10048,Sumatera Utara,Kabupaten Langkat,sungai mano,-6.2297465,106.829518
10049,Sumatera Utara,Kabupaten Langkat,taman asrin,-6.2297465,106.829518
10050,Sumatera Utara,Kabupaten Langkat,Taman Liza,-6.2297465,106.829518
10051,Sumatera Utara,Kabupaten Langkat,Waterpark RIA,-6.2297465,106.829518
10052,Sumatera Utara,Kabupaten Langkat,WISATA BATU KATAK,3.4461182305166496,98.14886832642641
10053,Sumatera Utara,Kabupaten Langkat,wisata mangrove beras basah,-6.2297465,106.829518
10054,Sumatera Utara,Kabupaten Langkat,wisata mangrove lubuk kasih,-6.2297465,106.829518
10055,Sumatera Utara,Kabupaten Langkat,wisata mangrove lubuk kertang,-6.2297465,106.829518
10056,Sumatera Utara,Kabupaten Langkat,wisata mangrove pantai tiram,-6.2297465,106.829518
10057,Sumatera Utara,Kabupaten Mandailing Natal,Aek Milas Purba Julu,0.722142,99.574824
10058,Sumatera Utara,Kabupaten Mandailing Natal,Aek Milas Siabu,1.020637,99.504529
10059,Sumatera Utara,Kabupaten Mandailing Natal,Aek Milas Sibanggor Tonga,0.706618,99.579692
10060,Sumatera Utara,Kabupaten Mandailing Natal,Agrowisata Puncak Hutanamale,0.694193,99.587798
10061,Sumatera Utara,Kabupaten Mandailing Natal,Air Terjun Caroce,0.467994,99.361079
10062,Sumatera Utara,Kabupaten Mandailing Natal,Air Terjun Pagaran Gala-gala,0.726128,99.539419
10063,Sumatera Utara,Kabupaten Mandailing Natal,Air Terjun Sinabuan,0.544813,99.762815
10064,Sumatera Utara,Kabupaten Mandailing Natal,Bagas Godang Huta Godang,0.540564,99.766741
10065,Sumatera Utara,Kabupaten Mandailing Natal,Eko Wisata Aek Batu Bontar,0.80406,99.635353
10066,Sumatera Utara,Kabupaten Mandailing Natal,Lia Garden Water Park,0.813428,99.56845
10067,Sumatera Utara,Kabupaten Mandailing Natal,Panatapan Jazirah Panyabungan,0.793338,99.58004
10068,Sumatera Utara,Kabupaten Mandailing Natal,Pantai Batu Badaun,1.219223,98.8640338
10069,Sumatera Utara,Kabupaten Mandailing Natal,Pantai Batu Rusa,0.821226,99.013622
10070,Sumatera Utara,Kabupaten Mandailing Natal,Pantai Buburan,0.664886,99.064026
10071,Sumatera Utara,Kabupaten Mandailing Natal,Pantai Kahona,0.774476,99.040451
10072,Sumatera Utara,Kabupaten Mandailing Natal,Pantai Karo,0.768888,99.042932
10073,Sumatera Utara,Kabupaten Mandailing Natal,Pantai Natal,0.5567,99.110122
10074,Sumatera Utara,Kabupaten Mandailing Natal,Pantai Sikara-kara,0.6376614,99.072832
10075,Sumatera Utara,Kabupaten Mandailing Natal,Pemandian Aek Milas Putusan,0.70887,99.542396
10076,Sumatera Utara,Kabupaten Mandailing Natal,Pemandian Aek Sikarak,0.821396,99.617315
10077,Sumatera Utara,Kabupaten Mandailing Natal,Pemandian Si DAEng,0.809562,99.632467
10078,Sumatera Utara,Kabupaten Mandailing Natal,Perpustakaan dan Museum Kebudayaan Mandailing,0.648087,99.754102
10079,Sumatera Utara,Kabupaten Mandailing Natal,Rindang Water Park,0.803322,99.577231
10080,Sumatera Utara,Kabupaten Mandailing Natal,Rumah Kelahiran Jenderal Besar Abdul Haris Nasution,0.639818,99.753472
10081,Sumatera Utara,Kabupaten Mandailing Natal,Sampuran Aek Binanga,0.702507,99.562395
10082,Sumatera Utara,Kabupaten Mandailing Natal,Silangit Koi,0.860626,99.571638
10083,Sumatera Utara,Kabupaten Mandailing Natal,Taman Pantai Barat,0.611203,99.093341
10084,Sumatera Utara,Kabupaten Mandailing Natal,Taman Rekreasi Danau Marambe,0.799594,99.539014
10085,Sumatera Utara,Kabupaten Mandailing Natal,Taman Rekreasi Syariah,0.839798,99.562417
10086,Sumatera Utara,Kabupaten Mandailing Natal,Tapian Jakarta,0.707262,99.566949
10087,Sumatera Utara,Kabupaten Mandailing Natal,Wisata Legenda Sampuraga,0.817852,99.533266
10088,Sumatera Utara,Kabupaten Nias,AIR TERJUN HANDRO-HANDRO,1.00577,97.71423
10089,Sumatera Utara,Kabupaten Nias,Desa Wisata Bozihona Beach,1.087423,97.828472
10090,Sumatera Utara,Kabupaten Nias,PANTAI BOZIHONA,1.094844,97.834041
10091,Sumatera Utara,Kabupaten Nias,PANTAI BOZIHONA,1.094844,97.834041
10092,Sumatera Utara,Kabupaten Nias,PANTAI BOZIHONA,1.09486,97.83306
10093,Sumatera Utara,Kabupaten Nias,PANTAI NALAWO/DAWALO,1.061717,97.85505
10094,Sumatera Utara,Kabupaten Nias,PANTAI SOMI,1.152009,97.76802
10095,Sumatera Utara,Kabupaten Nias,PANTAI TAGAULE,1.0724,97.8785
10096,Sumatera Utara,Kabupaten Nias,PEMANDIAN AIR PANAS MBOMBO AUKHU,1.0103,97.753172
10097,Sumatera Utara,Kabupaten Nias,Rumah Tradisional,-6.2297465,106.829518
10098,Sumatera Utara,Kabupaten Nias,SITUS TUADA HO di LAHEMO,1.089657,97.69219
10099,Sumatera Utara,Kabupaten Nias,TAMAN TARI MOYO,-6.2297465,106.829518
10100,Sumatera Utara,Kabupaten Nias Barat,Bale Bukit Zaitun,1.13759,97.49898
10101,Sumatera Utara,Kabupaten Nias Barat,Batu Megalith Kara Fanahae Gowasa Balugu Tuha Lauru Dan Famago Gana'a Gaweda Bakola,0.98738,97.514618
10102,Sumatera Utara,Kabupaten Nias Barat,BATU MEGALITH NAHAMBANUA,1.04883,97.49309
10103,Sumatera Utara,Kabupaten Nias Barat,Bukit Hermon,0.987232,97.515238
10104,Sumatera Utara,Kabupaten Nias Barat,GREAT GO'O,0.98066,97.48564
10105,Sumatera Utara,Kabupaten Nias Barat,Kamadu Beach,0.93198,97.49228
10106,Sumatera Utara,Kabupaten Nias Barat,Mata Air Hele Duada,0.987124,97.515184
10107,Sumatera Utara,Kabupaten Nias Barat,Pantai Falaete,0.906539,97.513385
10108,Sumatera Utara,Kabupaten Nias Barat,Pantai Fari'i,0.885521,97.543737
10109,Sumatera Utara,Kabupaten Nias Barat,Pantai Guu,0.954561,97.410439
10110,Sumatera Utara,Kabupaten Nias Barat,Pantai Indah Gawu Balohili,1.03843,97.386739
10111,Sumatera Utara,Kabupaten Nias Barat,Pantai Nona,0.979505,97.407236
10112,Sumatera Utara,Kabupaten Nias Barat,Pantai Sirombu,0.948716,97.413384
10113,Sumatera Utara,Kabupaten Nias Barat,Pantai Ture,0.942008,97.433224
10114,Sumatera Utara,Kabupaten Nias Barat,PUNCAK HARMONI SOMOMO,1.0405,97.55956
10115,Sumatera Utara,Kabupaten Nias Barat,RPJ BEACH,0.949572,97.413633
10116,Sumatera Utara,Kabupaten Nias Barat,Rumah Adat  Desa Balodano,1.083782,97.528075
10117,Sumatera Utara,Kabupaten Nias Barat,Rumah Adat dan Situs Batu Megalith  Desa Simaeasi,1.022485,97.487107
10118,Sumatera Utara,Kabupaten Nias Barat,Rumah Adat Tradisional Sitolubanua,0.964552,97.514366
10119,Sumatera Utara,Kabupaten Nias Barat,Situs Batu Megalith Desa Balodano,1.081638,97.526263
10120,Sumatera Utara,Kabupaten Nias Barat,Situs Batu Megalith Tekhembowo,1.065793,97.483454
10121,Sumatera Utara,Kabupaten Nias Selatan,AIR TERJUN DESA BAWODOBARA,0.601293,97.845425
10122,Sumatera Utara,Kabupaten Nias Selatan,AIR TERJUN GUMBU,0.630237,97.8788555
10123,Sumatera Utara,Kabupaten Nias Selatan,AIR TERJUN HELAOWO,0.881857,97.7687
10124,Sumatera Utara,Kabupaten Nias Selatan,BALOHO BEACH RESORT,0.55856,97.80514
10125,Sumatera Utara,Kabupaten Nias Selatan,BUKIT DOREMI,0.5602566,97.75761
10126,Sumatera Utara,Kabupaten Nias Selatan,CAGAR BUDAYA NASIONAL DESA BAWOMATALUO,0.61504,97.770699
10127,Sumatera Utara,Kabupaten Nias Selatan,GENASI HILL,0.649164,97.89354
10128,Sumatera Utara,Kabupaten Nias Selatan,HOLYDAY BEACH,0.581471,97.735274
10129,Sumatera Utara,Kabupaten Nias Selatan,IDANO BAWAMBAHO,0.6493901,97.8267111
10130,Sumatera Utara,Kabupaten Nias Selatan,IKHU GAWU BEACH,0.563686,97.819507
10131,Sumatera Utara,Kabupaten Nias Selatan,MOALE BEACH,0.800087,97.636588
10132,Sumatera Utara,Kabupaten Nias Selatan,NARU'U SOMAMBAWA BEACH,0.867538,97.896417
10133,Sumatera Utara,Kabupaten Nias Selatan,OMO SEBUA DESA HILINAWALO MAZINO,0.706107,97.850143
10134,Sumatera Utara,Kabupaten Nias Selatan,PANTAI FINO BOTOHILI SALO'O,0.5814436,97.6888867
10135,Sumatera Utara,Kabupaten Nias Selatan,PANTAI HALELUYA,0.6154338,97.6958705
10136,Sumatera Utara,Kabupaten Nias Selatan,PANTAI HARUS DAMAI,0.580003,97.733192
10137,Sumatera Utara,Kabupaten Nias Selatan,PANTAI LADEHA,0.766435,97.64175
10138,Sumatera Utara,Kabupaten Nias Selatan,PANTAI MOGAE,0.76603,97.89069
10139,Sumatera Utara,Kabupaten Nias Selatan,PANTAI NANIO SONDREGEASI,0.55411,97.74338
10140,Sumatera Utara,Kabupaten Nias Selatan,PANTAI ROCKSTAR,0.6173,97.89022
10141,Sumatera Utara,Kabupaten Nias Selatan,PANTAI ROCKSTAR,0.6173,97.89022
10142,Sumatera Utara,Kabupaten Nias Selatan,PANTAI SOMBAGI MBOHO,0.6393999,97.6829121
10143,Sumatera Utara,Kabupaten Nias Selatan,PANTAI TETEZOU,0.7628,97.89034
10144,Sumatera Utara,Kabupaten Nias Selatan,PANTAI WALOHIU,0.5960341,97.6829245
10145,Sumatera Utara,Kabupaten Nias Selatan,PUNCAK GOMO,0.877012,97.819629
10146,Sumatera Utara,Kabupaten Nias Selatan,Puncak Ku,0.627372,97.892827
10147,Sumatera Utara,Kabupaten Nias Selatan,PUNCAK MOHILI ,0.867864,97.808332
10148,Sumatera Utara,Kabupaten Nias Selatan,SITUS MEGALITIK DAN DESA TRADISIONAL BOTOHILITANO,0.574674,97.725304
10149,Sumatera Utara,Kabupaten Nias Selatan,SITUS MEGALITIK DAN DESA TRADISIONAL HILINAWALO FAU,0.652149,97.779565
10150,Sumatera Utara,Kabupaten Nias Selatan,SITUS MEGALITIK DAN DESA TRADISIONAL HILISIMAETANO,0.643087,97.745654
10151,Sumatera Utara,Kabupaten Nias Selatan,SITUS MEGALITIK DAN DESA TRADISIONAL LAHUSA FAU,0.63769,97.76259
10152,Sumatera Utara,Kabupaten Nias Selatan,SITUS MEGALITIK DAN DESA TRADISIONAL ONOHONDRO ,0.64542,97.77858
10153,Sumatera Utara,Kabupaten Nias Selatan,SITUS MEGALITIK DESA BAWOGOSALI,0.65529,97.75711
10154,Sumatera Utara,Kabupaten Nias Selatan,SITUS MEGALITIK DESA HILIMONDREGE RAYA,0.6290207,97.8124618
10155,Sumatera Utara,Kabupaten Nias Selatan,SITUS MEGALITIK TETEGEWO,0.8312,97.826033
10156,Sumatera Utara,Kabupaten Nias Selatan,SITUS MEGALITIK TUNDRUMBAHO,0.862838,97.83194
10157,Sumatera Utara,Kabupaten Nias Selatan,SORAKE BEACH,0.56984,97.73123
10158,Sumatera Utara,Kabupaten Nias Selatan,TAMAN BALOHO INDAH,0.55972,97.802231
10159,Sumatera Utara,Kabupaten Nias Selatan,TELAGA ZUMALI ,0.646202,97.778933
10160,Sumatera Utara,Kabupaten Nias Selatan,VILLA BALUSE,0.571003,97.745774
10161,Sumatera Utara,Kabupaten Nias Selatan,WALO GREEN,0.576877,97.846514
10162,Sumatera Utara,Kabupaten Nias Selatan,ZEMA BEACH,0.748076,97.673004
10163,Sumatera Utara,Kabupaten Nias Utara,GREAT LUAHA NDROI,1.218937,97.415395
10164,Sumatera Utara,Kabupaten Nias Utara,HOLLY BEACH,1.470099,97.459411
10165,Sumatera Utara,Kabupaten Nias Utara,HUTAN MANGGROVE TELUK BA'A,1.513124,97.374879
10166,Sumatera Utara,Kabupaten Nias Utara,KOLAM RENANG HILIGODU HOYA,1.355905,97.20028
10167,Sumatera Utara,Kabupaten Nias Utara,MARISA BEACH,1.436533,97.510263
10168,Sumatera Utara,Kabupaten Nias Utara,OBJEK WISATA SAWA KETE,1.2545473,97.2337165
10169,Sumatera Utara,Kabupaten Nias Utara,PANTAI ASI WALO,1.510315,97.42486
10170,Sumatera Utara,Kabupaten Nias Utara,PANTAI FOFOLA INDAH,1.471787,97.4482
10171,Sumatera Utara,Kabupaten Nias Utara,PANTAI INOVASI DESA TELUK BENGKUANG,1.508132,97.427364
10172,Sumatera Utara,Kabupaten Nias Utara,PANTAI LAFAU INDAH,1.403443,97.219206
10173,Sumatera Utara,Kabupaten Nias Utara,Pantai Laosi-Laosi,1.204469,97.286233
10174,Sumatera Utara,Kabupaten Nias Utara,PANTAI MUARA SOHAHAU,1.411929,97.227849
10175,Sumatera Utara,Kabupaten Nias Utara,PANTAI PASIR MERAH,1.287846,97.205373
10176,Sumatera Utara,Kabupaten Nias Utara,PANTAI PASIR PUTIH,1.241458,97.263385
10177,Sumatera Utara,Kabupaten Nias Utara,PANTAI SELANCAR TUREDAWOLA WALO,1.265262,97.233101
10178,Sumatera Utara,Kabupaten Nias Utara,PANTAI SIMALI INDAH SOWU,1.424112,97.520426
10179,Sumatera Utara,Kabupaten Nias Utara,Pantai Toyo Lawa,1.40175,97.064099
10180,Sumatera Utara,Kabupaten Nias Utara,PANTAI TURE SOULIHO,1.417548,97.271708
10181,Sumatera Utara,Kabupaten Nias Utara,PULAU HILI MAKORA,1.439286,97.233128
10182,Sumatera Utara,Kabupaten Nias Utara,SAITI BEACH,1.521331,97.413256
10183,Sumatera Utara,Kabupaten Nias Utara,TUREDOWI BEACH,1.520544,97.417593
10184,Sumatera Utara,Kabupaten Nias Utara,TURELOTO BEACH,1.429349,97.143102
10185,Sumatera Utara,Kabupaten Nias Utara,WISATA ALAM PUNCAK HILI MAZIAYA,1.378108,97.406502
10186,Sumatera Utara,Kabupaten Nias Utara,WISATA KARA SANGADULO,1.227914,97.428973
10187,Sumatera Utara,Kabupaten Padang Lawas,AIR TERJUN SIPATABUNG,1.229746,99.829518
10188,Sumatera Utara,Kabupaten Padang Lawas,ALWANSA (KOLAM AIR PANAS),1.05996,99.65194
10189,Sumatera Utara,Kabupaten Padang Lawas,Bagas Godang Hasahatan Julu,1.065818,99.702166
10190,Sumatera Utara,Kabupaten Padang Lawas,Candi Sakkilon,1.130428,99.754868
10191,Sumatera Utara,Kabupaten Padang Lawas,CANDI SIPAMUTUNG ,1.392866,99.754514
10192,Sumatera Utara,Kabupaten Padang Lawas,DANAU GAYAMBANG,1.229746,99.829518
10193,Sumatera Utara,Kabupaten Padang Lawas,GOA LIANG NAMUAP,1.044523,99.727643
10194,Sumatera Utara,Kabupaten Padang Lawas,Kolam Pancing Andi,-6.2297465,106.829518
10195,Sumatera Utara,Kabupaten Padang Lawas,Kolam Pancing Arie,-6.2297465,106.829518
10196,Sumatera Utara,Kabupaten Padang Lawas,KOLAM PANCING HUTANOPAN,1.050475,99.777149
10197,Sumatera Utara,Kabupaten Padang Lawas,Kolam Pancing Iwan,-6.2297465,106.829518
10198,Sumatera Utara,Kabupaten Padang Lawas,Kolam Pancing Warsino,-6.2297465,106.829518
10199,Sumatera Utara,Kabupaten Padang Lawas,MAKAM OPPUNG PARMATA SAPIHAK,1.2297465,99.829518
10200,Sumatera Utara,Kabupaten Padang Lawas,MAKAM PUTRI SEMBILAN JOGI,1.158381,99.863041
10201,Sumatera Utara,Kabupaten Padang Lawas,PEMANDIAN AEK HAPUNG,1966,99.7787
10202,Sumatera Utara,Kabupaten Padang Lawas,PEMANDIAN AEK LAKKUT,1.750727,99.728812
10203,Sumatera Utara,Kabupaten Padang Lawas,PEMANDIAN AEK SIRAISAN,1.100119,99.612398
10204,Sumatera Utara,Kabupaten Padang Lawas,Pemandian Air Panas Paringgonan,1.059975,99.651942
10205,Sumatera Utara,Kabupaten Padang Lawas,Swim Park Sibuhuan,1.050608,99.753176
10206,Sumatera Utara,Kabupaten Padang Lawas,Tor Sinaongan,1.045876,99.26954
10207,Sumatera Utara,Kabupaten Padang Lawas,WATER BOOM DOFA,1.092889,99.634419
10208,Sumatera Utara,Kabupaten Padang Lawas,Water Boom Sisunggullungun,-6.2297465,106.829518
10209,Sumatera Utara,Kabupaten Padang Lawas Utara,AIR PANAS ROKAN BARU,1.3448,99.5231
10210,Sumatera Utara,Kabupaten Padang Lawas Utara,Air terjun batu nanggar,1.408793,99.463937
10211,Sumatera Utara,Kabupaten Padang Lawas Utara,Air terjun batu nanggar,1.225348,99.501457
10212,Sumatera Utara,Kabupaten Padang Lawas Utara,Air terjun desa tanjung longat,1.4754,99.4149
10213,Sumatera Utara,Kabupaten Padang Lawas Utara,Air terjun lubuk torop,1.64403,99.553887
10214,Sumatera Utara,Kabupaten Padang Lawas Utara,Air terjun sampuran,1.410367,99.455624
10215,Sumatera Utara,Kabupaten Padang Lawas Utara,Air terjun sandean,1.664464,99.607495
10216,Sumatera Utara,Kabupaten Padang Lawas Utara,Air terjun saroha,1.896938,99.776704
10217,Sumatera Utara,Kabupaten Padang Lawas Utara,Air terjun Sigitan,1.496345,99.375446
10218,Sumatera Utara,Kabupaten Padang Lawas Utara,Air terjun sihorbo,1.5223,99.3837
10219,Sumatera Utara,Kabupaten Padang Lawas Utara,Air terjun silakkitang,1.517726,99.441719
10220,Sumatera Utara,Kabupaten Padang Lawas Utara,AIR TERJUN SIOMBOB,1.646677,99.571936
10221,Sumatera Utara,Kabupaten Padang Lawas Utara,Air terjun Siraga,1.869576,99.691413
10222,Sumatera Utara,Kabupaten Padang Lawas Utara,Air terjun tor maranggun,1.441681,99.593517
10223,Sumatera Utara,Kabupaten Padang Lawas Utara,Bendungan janji manahan,1.884799,99.70186
10224,Sumatera Utara,Kabupaten Padang Lawas Utara,Cekdam gunje,1.51705,99.6609
10225,Sumatera Utara,Kabupaten Padang Lawas Utara,Danau Mandasip,1.907612,99.658141
10226,Sumatera Utara,Kabupaten Padang Lawas Utara,Danau tahalak godang,1.894291,99.785728
10227,Sumatera Utara,Kabupaten Padang Lawas Utara,GUA LIANG HABOR,1.465951,99.538732
10228,Sumatera Utara,Kabupaten Padang Lawas Utara,GUA LIANG LILU,1.4655,"99,414"
10229,Sumatera Utara,Kabupaten Padang Lawas Utara,Gua silantoyung,1.63884,99.75236
10230,Sumatera Utara,Kabupaten Padang Lawas Utara,Irigasi Batang Ilung,1.571841,99.603007
10231,Sumatera Utara,Kabupaten Padang Lawas Utara,Kolam renang,1.896291,99.779549
10232,Sumatera Utara,Kabupaten Padang Lawas Utara,Pasir putih paranginan,1.563833,99.714759
10233,Sumatera Utara,Kabupaten Padang Lawas Utara,Pemandian aek sibung,1.63151,99.739932
10234,Sumatera Utara,Kabupaten Padang Lawas Utara,Pemandian air panas si jabi jabi,1353,"99,526"
10235,Sumatera Utara,Kabupaten Padang Lawas Utara,penatapan siholbung,1.419966,99.534999
10236,Sumatera Utara,Kabupaten Padang Lawas Utara,PUNCAK PALUTA,1.876447,99.728737
10237,Sumatera Utara,Kabupaten Padang Lawas Utara,RCM WATER BOOM,1.2917,99.3638
10238,Sumatera Utara,Kabupaten Padang Lawas Utara,Wisata aek sitabu tabu,1.856839,99.649478
10239,Sumatera Utara,Kabupaten Padang Lawas Utara,WISATA ALAM PAYA SIHORKOR,1.52134,99.6617
10240,Sumatera Utara,Kabupaten Padang Lawas Utara,Wisata bebek aek haruaya,1.46982,99.64298
10241,Sumatera Utara,Kabupaten Padang Lawas Utara,Wisata Bebek Janji Manahan,1.4844,99.4917
10242,Sumatera Utara,Kabupaten Padang Lawas Utara,Wisata paya goti,1.446446,99.712601
10243,Sumatera Utara,Kabupaten Padang Lawas Utara,Wisata perahu,1.616174,99.645898
10244,Sumatera Utara,Kabupaten Pakpak Bharat,1000 Tangga Pakpak Bharat,-2.537555,98.320887
10245,Sumatera Utara,Kabupaten Pakpak Bharat,Air Terjun Lae Sipinang,-2.631821,98.177731
10246,Sumatera Utara,Kabupaten Pakpak Bharat,Air Terjun Raja Mengampu,-2844,98.0722
10247,Sumatera Utara,Kabupaten Pakpak Bharat,Air Terjun Singgabit,-2.58411,98.278771
10248,Sumatera Utara,Kabupaten Pakpak Bharat,Air Terjun Tanjung Suari,-2.312547,98.091741
10249,Sumatera Utara,Kabupaten Pakpak Bharat,Batu Tettal Marga Padang,-2.572584,98.345122
10250,Sumatera Utara,Kabupaten Pakpak Bharat,Delleng Simenoto,-2.337979,98.173776
10251,Sumatera Utara,Kabupaten Pakpak Bharat,Eluh Bru Tinambun,-2.46011,98.39642
10252,Sumatera Utara,Kabupaten Pakpak Bharat,Kasean Banurea Napasengkut,-2.551628,98.321844
10253,Sumatera Utara,Kabupaten Pakpak Bharat,Kopi Delleng,2.3318852,98.2027798
10254,Sumatera Utara,Kabupaten Pakpak Bharat,Lae Une Waterfall,-2.338298,98.1725554
10255,Sumatera Utara,Kabupaten Pakpak Bharat,Mejan Berutu Perjaga,-2.628116,98.252303
10256,Sumatera Utara,Kabupaten Pakpak Bharat,Mejan Boangmanalu,-2.558257,98.325894
10257,Sumatera Utara,Kabupaten Pakpak Bharat,Mejan Marga Berutu,-2.512878,98.388278
10258,Sumatera Utara,Kabupaten Pakpak Bharat,Monumen Tugu Pemekaran Pakpak Bharat,-2.557015,98.333658
10259,Sumatera Utara,Kabupaten Pakpak Bharat,Panorama Indah Sindeka,-2.541188,98.322621
10260,Sumatera Utara,Kabupaten Pakpak Bharat,Panorama Uruk Rimo Beras Simantas,-2.59753,98.360495
10261,Sumatera Utara,Kabupaten Pakpak Bharat,Pemandangan Simpon dan Puncak Delleng Simpon,-2.462079,98.387922
10262,Sumatera Utara,Kabupaten Pakpak Bharat,Pemandian Alam Lae Temberkuh,-2.571422,98.341655
10263,Sumatera Utara,Kabupaten Pakpak Bharat,Rumah Adat Pakpak,-2.639838,98.127017
10264,Sumatera Utara,Kabupaten Pakpak Bharat,Rumah Candu Pakpak,-2.557899,98.324671
10265,Sumatera Utara,Kabupaten Pakpak Bharat,Sampuren Liang Tojok,-2.590665,98.39787
10266,Sumatera Utara,Kabupaten Pakpak Bharat,Sampuren Sipitu-Pitu,-2.594204,98.374412
10267,Sumatera Utara,Kabupaten Pakpak Bharat,Sapo Tua Raja Johan Berutu,-2.501968,98.371001
10268,Sumatera Utara,Kabupaten Pakpak Bharat,Simbilulu Waterfall,-2.611083,98.349112
10269,Sumatera Utara,Kabupaten Pakpak Bharat,Situs Makam Islam Tua ,-2.594423,98.27309
10270,Sumatera Utara,Kabupaten Pakpak Bharat,Taman Kota Salak Mpu Bada,2.554198,98.323728
10271,Sumatera Utara,Kabupaten Pakpak Bharat,Wisata Air ArungJeram Penanggalen Binanga Boang,-2.524113,98.332174
10272,Sumatera Utara,Kabupaten Pakpak Bharat,WSJ (Wisata Sabah Julu),-2.3525014,98.2129328
10273,Sumatera Utara,Kabupaten Samosir,AEK NATONANG,2.56383,98.88446
10274,Sumatera Utara,Kabupaten Samosir,Aek Sipitu Dai,-6.2297465,106.829518
10275,Sumatera Utara,Kabupaten Samosir,AEK SIPITU DAI,2.58055,98.64694
10276,Sumatera Utara,Kabupaten Samosir,AIR TERJUN EFRATA,2.5371,98.64497
10277,Sumatera Utara,Kabupaten Samosir,AIR TERJUN HADABUAN NAISOGOP,2.58931,98.6219
10278,Sumatera Utara,Kabupaten Samosir,BATU HOBON,2.59092,98.62933
10279,Sumatera Utara,Kabupaten Samosir,BATU HODA BEACH,2.75946,98.72553
10280,Sumatera Utara,Kabupaten Samosir,BATU KURSI PARSIDANGAN SIALLAGAN,2.67913,98.8363
10281,Sumatera Utara,Kabupaten Samosir,BATU SAWAN,2.59015,98.6466
10282,Sumatera Utara,Kabupaten Samosir,BUKIT HOLBUNG SIPEGE,2.53477,98.70418
10283,Sumatera Utara,Kabupaten Samosir,DERMAGA JETTY,2.70238,98.68972
10284,Sumatera Utara,Kabupaten Samosir,GEOPARK KALDERA TOBA,2.59328,98.63351
10285,Sumatera Utara,Kabupaten Samosir,KUBURAN DIATAS POHON,2.64819,98.86256
10286,Sumatera Utara,Kabupaten Samosir,Menara Pandang Tele,-6.2297465,106.829518
10287,Sumatera Utara,Kabupaten Samosir,MENARA PANDANG TELE,2.5523,98.63944
10288,Sumatera Utara,Kabupaten Samosir,PANDUA BEACH,2.43335,98.88169
10289,Sumatera Utara,Kabupaten Samosir,PANTAI IKAN MAS TANDARABUN,2.71631,98.69178
10290,Sumatera Utara,Kabupaten Samosir,PANTAI LANGAT,2.75097,98.74921
10291,Sumatera Utara,Kabupaten Samosir,PANTAI SIBOLAZI,2.74859,98.75087
10292,Sumatera Utara,Kabupaten Samosir,Partukko Naginjang,2.52891,98.65489
10293,Sumatera Utara,Kabupaten Samosir,SIGURGUR BEACH,2.74866,98.71399
10294,Sumatera Utara,Kabupaten Samosir,SIPINGGAN BEACH,2.43586,98.90178
10295,Sumatera Utara,Kabupaten Samosir,SOPO GURU TATEA BULAN,2.59176,98.63053
10296,Sumatera Utara,Kabupaten Serdang Bedagai,Desa Kuta Pinang Waterboom dan budidaya lobster Air Tawar,3.284614,99.201949
10297,Sumatera Utara,Kabupaten Serdang Bedagai,Desa Wisata  Bajayu,3.336369,99.173099
10298,Sumatera Utara,Kabupaten Serdang Bedagai,"Desa wisata  sukasari ,UMKM segala jenis ubi ,(mie rajang,opak)",3.456808,98.970023
10299,Sumatera Utara,Kabupaten Serdang Bedagai,Desa Wisata Air terjun Tinokkah,3.144748,99.01905
10300,Sumatera Utara,Kabupaten Serdang Bedagai,Desa Wisata arum jeram bartong,3.161288,98.986105
10301,Sumatera Utara,Kabupaten Serdang Bedagai,Desa Wisata Kwala  Bali farm,3.381952,98.924532
10302,Sumatera Utara,Kabupaten Serdang Bedagai,Desa Wisata Pegajahan salak petik sendiri,3.484023,98.982797
10303,Sumatera Utara,Kabupaten Serdang Bedagai,"Desa Wisata pematang Kasih ,Jaran kepang,Reog",3.600586,99.019658
10304,Sumatera Utara,Kabupaten Serdang Bedagai,Desa wisata pondok naga,3.551693,99.025552
10305,Sumatera Utara,Kabupaten Serdang Bedagai,Desa Wisata Pura Bali,3.486293,98.984921
10306,Sumatera Utara,Kabupaten Serdang Bedagai,Desa wisata UMKM  Gula Merah,3.488077,98.983851
10307,Sumatera Utara,Kabupaten Serdang Bedagai,JERICO STABLE,3.514465,99.104304
10308,Sumatera Utara,Kabupaten Serdang Bedagai,Pantai Bali Lestari,3.6558943,98.9776575
10309,Sumatera Utara,Kabupaten Serdang Bedagai,Pantai Bogak Indah,3.545075,99.150085
10310,Sumatera Utara,Kabupaten Serdang Bedagai,Pantai Cemara Kembar,3.5956105,99.0867592
10311,Sumatera Utara,Kabupaten Serdang Bedagai,Pantai Kelang,3.5650774,99.1139698
10312,Sumatera Utara,Kabupaten Serdang Bedagai,Pantai Kuala Putri,3.6192383,99.053175
10313,Sumatera Utara,Kabupaten Serdang Bedagai,Pantai Kurnia Mardaling,3.64061,98.96838
10314,Sumatera Utara,Kabupaten Serdang Bedagai,Pantai Mangrove,3.5905483,99.093645
10315,Sumatera Utara,Kabupaten Serdang Bedagai,Pantai Merdeka,3.484293,99.219358
10316,Sumatera Utara,Kabupaten Serdang Bedagai,Pantai pematang kuala,3.541649,99.182689
10317,Sumatera Utara,Kabupaten Serdang Bedagai,Pantai Pematang Metik,3.6327434,99.016834
10318,Sumatera Utara,Kabupaten Serdang Bedagai,Pantai Pondok Merdeka,3.492517,99.183693
10319,Sumatera Utara,Kabupaten Serdang Bedagai,Pantai Pondok Permai,3.6558943,98.9776575
10320,Sumatera Utara,Kabupaten Serdang Bedagai,Pantai Romantis,3.58651,99.098453
10321,Sumatera Utara,Kabupaten Serdang Bedagai,Pantai Sentang,3.5699041,99.1208129
10322,Sumatera Utara,Kabupaten Serdang Bedagai,Pantai Sialang Buah,3.569904,99.1208123
10323,Sumatera Utara,Kabupaten Serdang Bedagai,Pantai Sri Mersing,3.632793,99.0168783
10324,Sumatera Utara,Kabupaten Serdang Bedagai,Pantai Themepark,3.6513923,98.9881975
10325,Sumatera Utara,Kabupaten Serdang Bedagai,Pantai Woong Rame,3.65850559,98.97040898
10326,Sumatera Utara,Kabupaten Serdang Bedagai,Pemandian Alam Ancol,3.203377,99.0586638
10327,Sumatera Utara,Kabupaten Serdang Bedagai,Pemandian Alam Batu Nonggol (BTN),3.209553,99.0621193
10328,Sumatera Utara,Kabupaten Serdang Bedagai,RZOO Park,3.517434,98.996228
10329,Sumatera Utara,Kabupaten Simalungun, Aek Nauli Elephant Conservation Camp (ANECC),2.7179892730093322,98.94006649240859
10330,Sumatera Utara,Kabupaten Simalungun,Air Terjun Bah BIak,2.8334076,98.895046
10331,Sumatera Utara,Kabupaten Simalungun,Batu Gantung Parapat,2.688772970138593,98.92423077193726
10332,Sumatera Utara,Kabupaten Simalungun,Binanga Repa (ex Larepa),2.7220976885349817,98.88975155861273
10333,Sumatera Utara,Kabupaten Simalungun,Bukit Indah Simarjarunjung,2.816914035843682,98.78089698263416
10334,Sumatera Utara,Kabupaten Simalungun,Bukit Indah Simarjarunjung Annex,2.813570595547959,98.78047066307137
10335,Sumatera Utara,Kabupaten Simalungun,Monkey Forest Sibaganding,2.694245332063944,98.92685365396972
10336,Sumatera Utara,Kabupaten Simalungun,Pantai Batu Hoda Tigaras,2.7883750586873575,98.79934366931315
10337,Sumatera Utara,Kabupaten Simalungun,Pantai Grace Tigaras,2.80209635673578,98.78122504603029
10338,Sumatera Utara,Kabupaten Simalungun,Pantai Paris Tigaras,2.8017328854045376,98.78002380821839
10339,Sumatera Utara,Kabupaten Simalungun,Pantai Raya Tigaras,2.8025377205113036,98.77950047725257
10340,Sumatera Utara,Kabupaten Simalungun,Pasanggrahan Bung Karno,2.6656594835124365,98.92637387435663
10341,Sumatera Utara,Kabupaten Simalungun,Permandian Bah Damanik,2.8652894095778225,98.92081532441165
10342,Sumatera Utara,Kabupaten Simalungun,Permandian MANIGOM NAULI,2.8219858979980144,99.03711454603028
10343,Sumatera Utara,Kabupaten Simalungun,Permandian Pantai Carita,2.8027274282887844,98.77960836931312
10344,Sumatera Utara,Kabupaten Simalungun,Permandian Pantai Garoga,2.802319151063104,98.78387769810922
10345,Sumatera Utara,Kabupaten Simalungun,Pulo DONGDONG Enda Resort,2.849885326017304,98.8860937
10346,Sumatera Utara,Kabupaten Simalungun,Wahana Water Fun,2.6671606082869133,98.92750791641946
10347,Sumatera Utara,Kabupaten Tapanuli Selatan,Aek Sijorni,1.15268,99.42404
10348,Sumatera Utara,Kabupaten Tapanuli Selatan,AIR TERJUN KEMBAR,1.39416883,99.18818830293
10349,Sumatera Utara,Kabupaten Tapanuli Selatan,Air Terjun Simatutung ,1.30118,98.92726
10350,Sumatera Utara,Kabupaten Tapanuli Selatan,DESA WISATA MUARA OPU,1.5053093,99.1367947
10351,Sumatera Utara,Kabupaten Tapanuli Selatan,Eko Wisata Teluk Indah Danau Siais,1.30992,99.01307
10352,Sumatera Utara,Kabupaten Tapanuli Selatan,Ikan Jurung Keramat ,1.33519,99.01825
10353,Sumatera Utara,Kabupaten Tapanuli Selatan,Kolam Jawa,1.76949963,99.30852926
10354,Sumatera Utara,Kabupaten Tapanuli Selatan,Kolam Jawa,1.76949963,99.30852926
10355,Sumatera Utara,Kabupaten Tapanuli Selatan,KOLAM RENANG ADIAN NAPUR- PUR  BUNG  HARAHAP,1.48949728,99.02116093
10356,Sumatera Utara,Kabupaten Tapanuli Selatan,KOLAM RENANG NIRWANA SWIMMINGPOOL,1.56410554,99.2856184
10357,Sumatera Utara,Kabupaten Tapanuli Selatan,KOLAM RENANG RAP TAMA,1.41635425,99.20301888
10358,Sumatera Utara,Kabupaten Tapanuli Selatan,Menara Pandang Kebun Raya Sipirok,1.50977,99.30542
10359,Sumatera Utara,Kabupaten Tapanuli Selatan,PANATAPAN MESJID JAMI'AL-HIDAYAH,1.41768695,99.20734517
10360,Sumatera Utara,Kabupaten Tapanuli Selatan,PANTAI BARAT,1.429533,98.8988393
10361,Sumatera Utara,Kabupaten Tapanuli Selatan,PARDOMUAN   BATANG GADIS ,0.97716277,99.44018023
10362,Sumatera Utara,Kabupaten Tapanuli Selatan,PARSARIRAN,1.47843863,99.08237085
10363,Sumatera Utara,Kabupaten Tapanuli Selatan,PARSORMINAN   PARK  2  FARM,1.58185128,99.28514408
10364,Sumatera Utara,Kabupaten Tapanuli Selatan,PEMANDIAN AIR PANA PARAN DOLOK,1.5885737,99.2769866
10365,Sumatera Utara,Kabupaten Tapanuli Selatan,Pemandian Air Panas Mutiara,1.28409,99.32968
10366,Sumatera Utara,Kabupaten Tapanuli Selatan,PEMANDIAN AIR PANAS PARAU SORAT,1.57399394,99.3070219
10367,Sumatera Utara,Kabupaten Tapanuli Selatan,PEMANDIAN AIR PANAS SOSOPAN,1.58767577,99.28430512
10368,Sumatera Utara,Kabupaten Tapanuli Selatan,PEMANDIAN ALAMI SIRERAK,1.53524502,99.18151633
10369,Sumatera Utara,Kabupaten Tapanuli Selatan,Sampuran Sibodat,1.38744,99.21673
10370,Sumatera Utara,Kabupaten Tapanuli Selatan,SAMPURAN VIEW,1.59894004,99.2213001
10371,Sumatera Utara,Kabupaten Tapanuli Selatan,Sibio-bio Adventure Park ,1.49774,99.23128
10372,Sumatera Utara,Kabupaten Tapanuli Selatan,SYAKIRA THE VIEW AND RESTO,1.51147541,99.22692687
10373,Sumatera Utara,Kabupaten Tapanuli Selatan,Taman Diatas Awan,1.51181,99.2247
10374,Sumatera Utara,Kabupaten Tapanuli Selatan,Taman Paya Goti,1.14764,99.42821
10375,Sumatera Utara,Kabupaten Tapanuli Selatan,TAMAN SANGKUNUR INDAH,1.41361925,99.05640557
10376,Sumatera Utara,Kabupaten Tapanuli Selatan,Tor Simago Mago,1.55974,99.28919
10377,Sumatera Utara,Kabupaten Tapanuli Selatan,WISATA ALAM RAYA,1.5050105,99.1367947
10378,Sumatera Utara,Kabupaten Tapanuli Selatan,WISATA BATU GODANG  PEMANDIAN,1.47954172,99.08892098
10379,Sumatera Utara,Kabupaten Tapanuli Tengah,Air Terjun Aloban,1.789131,98.780336
10380,Sumatera Utara,Kabupaten Tapanuli Tengah,Air Terjun Sappuran Simarosong ,1.761406,98.800863
10381,Sumatera Utara,Kabupaten Tapanuli Tengah,Air Terjun Sihobuk,1.7300696,98.82640263
10382,Sumatera Utara,Kabupaten Tapanuli Tengah,Batu Lobang 1,1.765464,98.797662
10383,Sumatera Utara,Kabupaten Tapanuli Tengah,Batu Lobang 2,1.769474,98.803721
10384,Sumatera Utara,Kabupaten Tapanuli Tengah,Bukit Anugerah ,1.772469,98.80751
10385,Sumatera Utara,Kabupaten Tapanuli Tengah,Bukit Pondok Batu ,1.719652,98.785886
10386,Sumatera Utara,Kabupaten Tapanuli Tengah,Ekowisata Sipitu-pitu,1.663723,98.9281564
10387,Sumatera Utara,Kabupaten Tapanuli Tengah,Kampung Nelayan Hajoran ,1.652575,98.835038
10388,Sumatera Utara,Kabupaten Tapanuli Tengah,Kolam Renang Family,1.515396,98.940921
10389,Sumatera Utara,Kabupaten Tapanuli Tengah,Kolam Renang Jam's ,1.710901,98.821791
10390,Sumatera Utara,Kabupaten Tapanuli Tengah,Kolam Renang Nesya,1.72108822,98.8211279
10391,Sumatera Utara,Kabupaten Tapanuli Tengah,Kolam Renang Parombunan Nalambok ,1.786097,98.81071
10392,Sumatera Utara,Kabupaten Tapanuli Tengah,Kolam Renang Parrona Patogar ,1.706398,98.85834
10393,Sumatera Utara,Kabupaten Tapanuli Tengah,Labolga Pantai & Kolam Berenang ,1.686893,98.815753
10394,Sumatera Utara,Kabupaten Tapanuli Tengah,Makam Mahligai,2.04663938,98.40314199
10395,Sumatera Utara,Kabupaten Tapanuli Tengah,Makam Pahlawan Kemerdekaan Nasional Dr. Ferdinand Lumban Tobing ,1.891472,98.656245
10396,Sumatera Utara,Kabupaten Tapanuli Tengah,Makam Papan Tinggi,2.03624513,98.4170824
10397,Sumatera Utara,Kabupaten Tapanuli Tengah,Makam Raja Panggabean ,1.769474,98.803721
10398,Sumatera Utara,Kabupaten Tapanuli Tengah,Makam Raja Sasi Hutagalung ,1.835786,"98,829"
10399,Sumatera Utara,Kabupaten Tapanuli Tengah,Monumen Perjuangan Kemerdekaan Nasional di Tapanuli,1.766622,98.799782
10400,Sumatera Utara,Kabupaten Tapanuli Tengah,Monumen Perjuangan Masyarakat Tapanuli Tengah,1.770192,98.8076
10401,Sumatera Utara,Kabupaten Tapanuli Tengah,Muara Wisata ,1.690149,98.81337
10402,Sumatera Utara,Kabupaten Tapanuli Tengah,Pantai Batu Gajah,1.65613356,98.831822
10403,Sumatera Utara,Kabupaten Tapanuli Tengah,Pantai Binasi ,1.89619544,98.55048341
10404,Sumatera Utara,Kabupaten Tapanuli Tengah,Pantai Hollywood,1.684619007,98.81873371
10405,Sumatera Utara,Kabupaten Tapanuli Tengah,Pantai Indah Hajoran ,1.64633821,98.83808425
10406,Sumatera Utara,Kabupaten Tapanuli Tengah,Pantai Indah Kalangan,1.66368837,98.82518618
10407,Sumatera Utara,Kabupaten Tapanuli Tengah,Pantai Indah Kualo Barambang,1.99847022,98.44933812
10408,Sumatera Utara,Kabupaten Tapanuli Tengah,Pantai Indah Pandan,1.6729179,98.8285644
10409,Sumatera Utara,Kabupaten Tapanuli Tengah,Pantai Indah Sibintang ,2.00154923,98.44151404
10410,Sumatera Utara,Kabupaten Tapanuli Tengah,Pantai Kade Tigo Barus ,2.00947,98.420003
10411,Sumatera Utara,Kabupaten Tapanuli Tengah,Pantai Kapusin,1.96539949,98.48999791
10412,Sumatera Utara,Kabupaten Tapanuli Tengah,Pantai Labuhan Mandailing ,1.710291,98.784358
10413,Sumatera Utara,Kabupaten Tapanuli Tengah,Pantai Labuhan Sonang ,1.718889,98.783389
10414,Sumatera Utara,Kabupaten Tapanuli Tengah,Pantai Mangga Dua,1.67237417,98.82781546
10415,Sumatera Utara,Kabupaten Tapanuli Tengah,Pantai Muara Nauli,1.85349027,98.59410197
10416,Sumatera Utara,Kabupaten Tapanuli Tengah,Pantai Muara Nibung ,1.643668,98.844959
10417,Sumatera Utara,Kabupaten Tapanuli Tengah,Pantai Pandaratan,1.716911,98.781915
10418,Sumatera Utara,Kabupaten Tapanuli Tengah,Pantai PIA Hotel ,1.68177699,98.82114312
10419,Sumatera Utara,Kabupaten Tapanuli Tengah,Pemandian Aek Parulian ,1.740224,98.842458
10420,Sumatera Utara,Kabupaten Tapanuli Tengah,Pulau Pane Indah,1.9432888,98.50157146
10421,Sumatera Utara,Kabupaten Tapanuli Tengah,Puncak Bonan Dolok ,1.76612,98.80004
10422,Sumatera Utara,Kabupaten Tapanuli Tengah,Taman Ikan & Kolam Berenang  Lukbon Nauli ,1.57286,98.91537
10423,Sumatera Utara,Kabupaten Tapanuli Tengah,Titik Nol Peradaban Islam ,2.00838,98.40303
10424,Sumatera Utara,Kabupaten Tapanuli Tengah,Water Park PIA,1.68157393,98.8217001
10425,Sumatera Utara,Kabupaten Tapanuli Tengah,Wisata Goa Labuhan Sonang ,1.713228,98.781322
10426,Sumatera Utara,Kabupaten Tapanuli Utara,Air Soda Tarutung,2.01644,98.5757074
10427,Sumatera Utara,Kabupaten Tapanuli Utara,Beryl,2.239776,98.5846724
10428,Sumatera Utara,Kabupaten Tapanuli Utara,Dtw Salib Kasih,2.01780381,99.00138377
10429,Sumatera Utara,Kabupaten Tapanuli Utara,GEO SITE HUTAGINJANG,2.293183,98.972569
10430,Sumatera Utara,Kabupaten Tapanuli Utara,HAI DUFAN,2.030728,98.960209
10431,Sumatera Utara,Kabupaten Tapanuli Utara,Jun Jun Waterboom,1.9780542,98.9985622
10432,Sumatera Utara,Kabupaten Tapanuli Utara,Kolam Pancing Semangat Juntak,2.25088576,98.99698302
10433,Sumatera Utara,Kabupaten Tapanuli Utara,KOLAM PANCING TABOHITA,2.177743,98.976345
10434,Sumatera Utara,Kabupaten Tapanuli Utara,KOLAM RENANG LIBRA SS,2.329374,98.909054
10435,Sumatera Utara,Kabupaten Tapanuli Utara,LEHU WISATA,2.07879387,98.94063342
10436,Sumatera Utara,Kabupaten Tapanuli Utara,NALAMBOK PERMANDIAN AIR PANAS,2.170195,98.895149
10437,Sumatera Utara,Kabupaten Tapanuli Utara,PANTAI LIBRA SS,2.332633,98.912659
10438,Sumatera Utara,Kabupaten Tapanuli Utara,Pemandian Air Panas Tandi Do,2.0277094,98.97953012
10439,Sumatera Utara,Kabupaten Tapanuli Utara,PERMANDIAN AIR PANAS  AURORA,2.044453,98.956947
10440,Sumatera Utara,Kabupaten Tapanuli Utara,Permandian Air Panas Bole Bole Cafe,2.430718,98.5636728
10441,Sumatera Utara,Kabupaten Tapanuli Utara,PERMANDIAN AIR PANAS DEROLIS,2.039192,98.960295
10442,Sumatera Utara,Kabupaten Tapanuli Utara,PERMANDIAN AIR PANAS KEMBAR,2.166936,98.903904
10443,Sumatera Utara,Kabupaten Tapanuli Utara,Permandian Air Panas Kurnia,-6.2297465,106.829518
10444,Sumatera Utara,Kabupaten Tapanuli Utara,Permandian air panas Tamaro,2.027109,98.978564
10445,Sumatera Utara,Kabupaten Tapanuli Utara,Permandian Air Panas Terjun,2.022322,98.974113
10446,Sumatera Utara,Kabupaten Tapanuli Utara,PERMANDIAN AIR PANAS UGAN,1.939803,98.974457
10447,Sumatera Utara,Kabupaten Tapanuli Utara,Permandian Air Panas Unedo,2.428755,98.5637277
10448,Sumatera Utara,Kabupaten Tapanuli Utara,Permandian Air Panas USK Hineni,2.029627,98.979337
10449,Sumatera Utara,Kabupaten Tapanuli Utara,Wisata Alam Aek Situmandi,2.246472,98.5850003
10450,Sumatera Utara,Kabupaten Toba Samosir,AIR TERJUN SAMPURAN SILALAHI,2.2057,99.21
10451,Sumatera Utara,Kabupaten Toba Samosir,Air Terjun Siboruon,2.276697,99.092803
10452,Sumatera Utara,Kabupaten Toba Samosir,BUKIT SINGGOLOM,2.336923,99.006526
10453,Sumatera Utara,Kabupaten Toba Samosir,Desa Adat Hutagaol Sihujur,2.412117,99.21813
10454,Sumatera Utara,Kabupaten Toba Samosir,GEREJA TUA NOMENSEN,2.39523,99.156038
10455,Sumatera Utara,Kabupaten Toba Samosir,KOLAM RENANG TB. CENTER,2.334988,99.047576
10456,Sumatera Utara,Kabupaten Toba Samosir,LABERSA  TOBA FANTASI WATERPARK,2.339943,99.086047
10457,Sumatera Utara,Kabupaten Toba Samosir,LIANG SIPEGE,2.293331,99.112756
10458,Sumatera Utara,Kabupaten Toba Samosir,MAKAM  DR IL NOMENSEN,2.395226,99.156036
10459,Sumatera Utara,Kabupaten Toba Samosir,MAKAM PAHLAWAN SISINGAMANGARAJA XII,2.331518,99.051547
10460,Sumatera Utara,Kabupaten Toba Samosir,Makam Raja Ihutan Baruara ( Mummy),2.344264,99.10014
10461,Sumatera Utara,Kabupaten Toba Samosir,MONUMEN D. I PANJAITAN,2.40145,99.218371
10462,Sumatera Utara,Kabupaten Toba Samosir,MONUMEN PUSAKA RAJA SONAK MALELA,2.334394,99.066835
10463,Sumatera Utara,Kabupaten Toba Samosir,MUAL SIBUAL- BUAL,2.334283,99.046951
10464,Sumatera Utara,Kabupaten Toba Samosir,Mual Sibual-Bual,-6.2297465,106.829518
10465,Sumatera Utara,Kabupaten Toba Samosir,MUAL SIRAMBE,2.1745,99.72
10466,Sumatera Utara,Kabupaten Toba Samosir,MUSEUM TB SILALAHI CENTER,2.331345,99.051338
10467,Sumatera Utara,Kabupaten Toba Samosir,PANTAI LUMBAN BINANGA,2.376804,99.12182
10468,Sumatera Utara,Kabupaten Toba Samosir,PANTAI LUMBAN SILINTONG BALIGE,2.349708,99.041517
10469,Sumatera Utara,Kabupaten Toba Samosir,Pantai Pakodian,2.341013,99.008738
10470,Sumatera Utara,Kabupaten Toba Samosir,Pantai Parparean Porsea,2.432258,99.148606
10471,Sumatera Utara,Kabupaten Toba Samosir,PANTAI SIBOLA HOTANG SAS,2.34612,99.078152
10472,Sumatera Utara,Kabupaten Toba Samosir,SIREGAR AEK NALAS,2.404815,99.043808
10473,Sumatera Utara,Kabupaten Toba Samosir,TAMAN BUKIT TARABUNGA,2.361647,99.029461
10474,Sumatera Utara,Kabupaten Toba Samosir,TAMAN DOA GURGUR,2.305311,99.01565
10475,Sumatera Utara,Kabupaten Toba Samosir,TUGU BORU SIHOTANG,2.330921,99.084566
10476,Sumatera Utara,Kabupaten Toba Samosir,TUGU RAJA SIPARMAHAN,2.326621,99.025225
10477,Sumatera Utara,Kabupaten Toba Samosir,WISATA ALAM TAMAN EDEN 100,2.590636,99.038838
10478,Sumatera Utara,Kabupaten Toba Samosir,WISATA ROHANI BUKIT GIDEON ,2.591744,99.035495
10479,Sumatera Utara,Kabupaten Toba Samosir,WISATA RUMAH POHON,2.351516,99.023654
10480,Sumatera Utara,Kota Binjai,Biestro Indonesia,3.59202,98.49949
10481,Sumatera Utara,Kota Binjai,Kolam Renang K2,3.58588,98.47916
10482,Sumatera Utara,Kota Binjai,Kolam Renang Licia,3.58967,98.47777
10483,Sumatera Utara,Kota Binjai,Kolam Renang Tirta Raerim,3.59472,98.50648
10484,Sumatera Utara,Kota Binjai,Objek Wisata Kakuta,3.66355,98.4961
10485,Sumatera Utara,Kota Binjai,Objek Wisata Sawah Lukis,3.66117,98.49153
10486,Sumatera Utara,Kota Binjai,Taman Edukasi Binjai,3.56443,98.48651
10487,Sumatera Utara,Kota Binjai,Wisata Sawah Padi Bollank,3.64973,98.49172
10488,Sumatera Utara,Kota Gunungsitoli,101 NUSA LIMA BEACH & RESTO,1.177288,97.691353
10489,Sumatera Utara,Kota Gunungsitoli,Air Terjun Baho Gamira,1.246625,97.550729
10490,Sumatera Utara,Kota Gunungsitoli,Air Terjun Humogo,1.147902,97.608032
10491,Sumatera Utara,Kota Gunungsitoli,AJ3 Playground,1.370913,97.561049
10492,Sumatera Utara,Kota Gunungsitoli,BAMBOO HOUSE,1.2636601,97.6151432
10493,Sumatera Utara,Kota Gunungsitoli,Batu Megalith (Gowe) Ni Oniha-niha So Aya Bulu Fali'era,1.190194,97.646504
10494,Sumatera Utara,Kota Gunungsitoli,Batu megalith (Gowe) Samofokara ,1.169963,97.624092
10495,Sumatera Utara,Kota Gunungsitoli,Batu Megalith Balugu Oroisa Harefa,1.238168,97.595273
10496,Sumatera Utara,Kota Gunungsitoli,Batu Megalith Leluhur Marga Zendrato (Gowe Mado Zendrato),1.1699963,97.624092
10497,Sumatera Utara,Kota Gunungsitoli,Gua Togi Katawaena,1.24405,97.565932
10498,Sumatera Utara,Kota Gunungsitoli,Gua Togindrawa,1.243021,97.580438
10499,Sumatera Utara,Kota Gunungsitoli,Hutan Mangrove Muara Indah,1.385301,97.534389
10500,Sumatera Utara,Kota Gunungsitoli,Kawasan Wisata Alam Desa Lolomoyo Tuhemberua,1.266551,97.593549
10501,Sumatera Utara,Kota Gunungsitoli,Makam Tuada Daeli,1.159697,97.624319
10502,Sumatera Utara,Kota Gunungsitoli,MUSEUM PUSAKA NIAS,1.313788,97.60704
10503,Sumatera Utara,Kota Gunungsitoli,Pantai Hoya,1.397389,97.540612
10504,Sumatera Utara,Kota Gunungsitoli,RPTRA Kota Gunungsitoli,1.289558,97.620325
10505,Sumatera Utara,Kota Gunungsitoli,Rumah Adat Tradisional Nias Desa Onowaembo,1.169963,97.624092
10506,Sumatera Utara,Kota Gunungsitoli,Rumah Adat Tradisional Nias Desa Tumori,1.263037,97.604282
10507,Sumatera Utara,Kota Gunungsitoli,TAMAN DOA BUNDA MARIA,1.2501649,97.6436717
10508,Sumatera Utara,Kota Gunungsitoli,Taman Ya'ahowu Gunungsitoli,1.29047,97.619418
10509,Sumatera Utara,Kota Gunungsitoli,Tugu Bonio Ni'owuluwulu,1.271399,97.61069
10510,Sumatera Utara,Kota Gunungsitoli,Tugu Peringatan Gempa Kota Gunungsitoli,1.290497,97.615213
10511,Sumatera Utara,Kota Gunungsitoli,Wahana Queen,1.203047,97.665862
10512,Sumatera Utara,Kota Medan,GRAHA MARIA ANNAI VELANGKANNI,3.547941,98.608755
10513,Sumatera Utara,Kota Medan,ISTANA MAIMUN,3.575204,98.683825
10514,Sumatera Utara,Kota Medan,KEBUN BINATANG MEDAN / MEDAN ZOO,3.483031,98.642552
10515,Sumatera Utara,Kota Medan,KOLAM PANCING PAK HAJI DANAU SIOMBAK,3.7276413497342964,98.6632822794519
10516,Sumatera Utara,Kota Medan,KOLAM RENANG DELI,3.60245,98.68074
10517,Sumatera Utara,Kota Medan,KUIL SHRI MARIAMMAN,3.583984,98.67088
10518,Sumatera Utara,Kota Medan,MASJID RAYA AL OSMANI MEDAN,3.73241399961841,98.67620056966318
10519,Sumatera Utara,Kota Medan,MESJID RAYA AL - MASHUN MEDAN,3.575155,98.687306
10520,Sumatera Utara,Kota Medan,MUSEUM DJOEANG 45,3.883329986919485,98.72634466505777
10521,Sumatera Utara,Kota Medan,MUSEUM NEGERI PROVINSI SUMATERA UTARA,3.56774,98.696286
10522,Sumatera Utara,Kota Medan,MUSEUM PERJUANGAN PERS SUMATERA UTARA,3.585778,98.651934
10523,Sumatera Utara,Kota Medan,MUSEUM PERJUANGAN TNI,3.58377,98.674137
10524,Sumatera Utara,Kota Medan,MUSEUM PERKEBUNAN INDONESIA,3.556481,98.689028
10525,Sumatera Utara,Kota Medan,MUSEUM SITUS KOTA CINA,3.7232218228507397,98.6567654621593
10526,Sumatera Utara,Kota Medan,RAHMAT INTERNATIONAL WILDLIFE MUSEUM & GALLERY,3.579064,98.66764
10527,Sumatera Utara,Kota Medan,TAMAN BUAYA ASAM KUMBANG,3.566541,98.619344
10528,Sumatera Utara,Kota Medan,TAMAN WISATA DANAU SIOMBAK,3.726625887700367,98.66318909999995
10529,Sumatera Utara,Kota Medan,TJONG A FIE,3.585569,98.680558
10530,Sumatera Utara,Kota Padangsidimpuan,Kebun Batang Bahal,1.372027,99.31834
10531,Sumatera Utara,Kota Padangsidimpuan,Kebun buah Naga Palopat Maria,1.411377,99.221745
10532,Sumatera Utara,Kota Padangsidimpuan,KEMBAR AGRO,1.393223,89.296435
10533,Sumatera Utara,Kota Padangsidimpuan,KOLAM BEBEK AIR PANYANGGAR,1.38422,99.2573
10534,Sumatera Utara,Kota Padangsidimpuan,KOLAM JORING PUNCAK ANGKOLA,1.460338,99.245052
10535,Sumatera Utara,Kota Padangsidimpuan,KOLAM LIBERS,1.362407,99.295068
10536,Sumatera Utara,Kota Padangsidimpuan,KOLAM LUBUK RAYA / SIHARANG KARANG,1.42945,99.25289
10537,Sumatera Utara,Kota Padangsidimpuan,KOLAM PANCING SAUNG ANGGIA,1.39256,99.24225
10538,Sumatera Utara,Kota Padangsidimpuan,KOLAM PANCING STM TARUNA,1.40207,99.26073
10539,Sumatera Utara,Kota Padangsidimpuan,KOLAM PANCING TUANI SINGALI / RADO,1.414337,99.24441441
10540,Sumatera Utara,Kota Padangsidimpuan,KOLAM RENANG SOMBA GRUP (MULIA),1.374338,99.310855
10541,Sumatera Utara,Kota Padangsidimpuan,TOR INDAH SIMARSAYANG,1.407995,99.26263
10542,Sumatera Utara,Kota Padangsidimpuan,"Warung Pecal Suroboyo, Sport center & Agrowisata Hj Nuraini",1.343872,99.309037
10543,Sumatera Utara,Kota Padangsidimpuan,WATER PARK KAISAR,1.452195,99.261288
10544,Sumatera Utara,Kota Padangsidimpuan,WISATA ALAM PONDOK BIRU,1.391768,99.300532
10545,Sumatera Utara,Kota Pematang Siantar,Martoba Waterpark Siantar,2.985038,99.078561
10546,Sumatera Utara,Kota Pematang Siantar,Museum Simalungun,2.954376,99.06119
10547,Sumatera Utara,Kota Pematang Siantar,Patung Dewi Kwan im ,2.954366,99.069033
10548,Sumatera Utara,Kota Pematang Siantar,Pemandian Pulbat,2.975244,99.055208
10549,Sumatera Utara,Kota Pematang Siantar,PMT. Water Song,2.979826,99.075775
10550,Sumatera Utara,Kota Pematang Siantar,Siantar Rafting ,2.950466,99.060494
10551,Sumatera Utara,Kota Pematang Siantar,Siantar Water Park,2.984731,99.078526
10552,Sumatera Utara,Kota Pematang Siantar,Taman Hewan Pematang Siantar ( Siantar Zoo),2.952633,99.059359
10553,Sumatera Utara,Kota Sibolga,Benteng Bungker Ketapang,1.747099,98.771824
10554,Sumatera Utara,Kota Sibolga,Benteng Jepang Ketapang,1.748535,98.769429
10555,Sumatera Utara,Kota Sibolga,Bukit Aido,1.7418425,98.7836488
10556,Sumatera Utara,Kota Sibolga,Bukit Ketapang,1.747242,98.772016
10557,Sumatera Utara,Kota Sibolga,Bungker Jepang Pelabuhan Lama,1.742464,98.774718
10558,Sumatera Utara,Kota Sibolga,Bungker Jepang Tangga Seratus ,1.74219,98.780436
10559,Sumatera Utara,Kota Sibolga,Bungker Poncan Gadang,1.712396,98.762086
10560,Sumatera Utara,Kota Sibolga,Jembatan Kuning  Lingkar Serasi ,1.738043,98.77614
10561,Sumatera Utara,Kota Sibolga,Lapangan Simare mare,1.81007265,98.72175655
10562,Sumatera Utara,Kota Sibolga,Makam Tua Datuk Itam,1.731111,98.753383
10563,Sumatera Utara,Kota Sibolga,Makam Tuangku Dorong Hutagalung,1.744164,98.777219
10564,Sumatera Utara,Kota Sibolga,Pantai Pasir putih,1.628139,98.797664
10565,Sumatera Utara,Kota Sibolga,Pantai Pelabuhan Lama (Anggar),1.741343,98.775008
10566,Sumatera Utara,Kota Sibolga,Pantai Ujung Sibolga,-6.2297465,106.829518
10567,Sumatera Utara,Kota Sibolga,Patung Bunda Maria,1.751344,98.765008
10568,Sumatera Utara,Kota Sibolga,Pulau Bangkai,1.716742,98.762764
10569,Sumatera Utara,Kota Sibolga,Pulau Panjang,1.752822,98.747441
10570,Sumatera Utara,Kota Sibolga,Pulau Poncan Gadang,1.712641,98.75995
10571,Sumatera Utara,Kota Sibolga,Pulau Poncan Ketek,1.731111,98.753383
10572,Sumatera Utara,Kota Sibolga,Rumah Dinas Pahlawan Kemerdekaan Ferdinand Lumban Tobing,1.742453,98.77741
10573,Sumatera Utara,Kota Sibolga,Sibolga Swimming Club,1.736522,98.802266
10574,Sumatera Utara,Kota Sibolga,Tangga Seratus,-6.2297465,106.829518
10575,Sumatera Utara,Kota Sibolga,Wahana Wisata Kawal Samudra (W2KS),1.725524,98.79937
10576,Sumatera Utara,Kota Tanjung Balai,Arteri garden Swimming Pool,2.991042,99.797101
10577,Sumatera Utara,Kota Tanjung Balai,KOLAM RENANG WATER BOOM ,2.933109,99.778315
10578,Sumatera Utara,Kota Tanjung Balai,TEMPAT BERMAIN LAPANGAN PASIR,2.964109,99.801825
10579,Sumatera Utara,Kota Tanjung Balai,WATER BOOM NEGO LAND,2.945624,99.755666
10580,Sumatera Utara,Kota Tebing Tinggi,KOLAM PANCING LUBUK INDAH,3.304646,99.133923
10581,Sumatera Utara,Kota Tebing Tinggi,KOLAM RENANG PONDOK KENCANA ,3.20408,99.10467
10582,Sumatera Utara,Kota Tebing Tinggi,TAMAN REKREASI KONG MAH,3.340316,99.137253
10583,Sumatera Utara,Kota Tebing Tinggi,WATERPARK GUNDALING ,3.342372,99.181277
